{"type": "FeatureCollection", "features": [{"type": "Feature", "properties": {"height_m": 210, "name": "The Austonian", "building": "tower", "source": "snapshot"}, "geometry": {"type": "Polygon", "coordinates": [[[-97.74438, 30.264300000000002], [-97.74402, 30.264300000000002], [-97.74402, 30.2647], [-97.74438, 30.2647], [-97.74438, 30.264300000000002]]]}}, {"type": "Feature", "properties": {"height_m": 157, "name": "Frost Bank Tower", "building": "tower", "source": "snapshot"}, "geometry": {"type": "Polygon", "coordinates": [[[-97.74178, 30.2667], [-97.74142, 30.2667], [-97.74142, 30.2671], [-97.74178, 30.2671], [-97.74178, 30.2667]]]}}, {"type": "Feature", "properties": {"height_m": 125, "name": "JW Marriott Austin", "building": "tower", "source": "snapshot"}, "geometry": {"type": "Polygon", "coordinates": [[[-97.74218, 30.264300000000002], [-97.74182, 30.264300000000002], [-97.74182, 30.2647], [-97.74218, 30.2647], [-97.74218, 30.264300000000002]]]}}, {"type": "Feature", "properties": {"height_m": 176, "name": "The Independent", "building": "tower", "source": "snapshot"}, "geometry": {"type": "Polygon", "coordinates": [[[-97.75138, 30.2652], [-97.75102, 30.2652], [-97.75102, 30.2656], [-97.75138, 30.2656], [-97.75138, 30.2652]]]}}, {"type": "Feature", "properties": {"height_m": 123, "name": "W Austin Hotel & Residences", "building": "tower", "source": "snapshot"}, "geometry": {"type": "Polygon", "coordinates": [[[-97.74606, 30.264300000000002], [-97.7457, 30.264300000000002], [-97.7457, 30.2647], [-97.74606, 30.2647], [-97.74606, 30.264300000000002]]]}}, {"type": "Feature", "properties": {"height_m": 100, "name": "Austin Proper Hotel", "building": "tower", "source": "snapshot"}, "geometry": {"type": "Polygon", "coordinates": [[[-97.73918, 30.2634], [-97.73882, 30.2634], [-97.73882, 30.2638], [-97.73918, 30.2638], [-97.73918, 30.2634]]]}}, {"type": "Feature", "properties": {"height_m": 168, "name": "360 Condominiums", "building": "tower", "source": "snapshot"}, "geometry": {"type": "Polygon", "coordinates": [[[-97.7503, 30.265], [-97.74994, 30.265], [-97.74994, 30.2654], [-97.7503, 30.2654], [-97.7503, 30.265]]]}}, {"type": "Feature", "properties": {"height_m": 96, "name": "The Dominion", "building": "tower", "source": "snapshot"}, "geometry": {"type": "Polygon", "coordinates": [[[-97.74318, 30.2669], [-97.74282, 30.2669], [-97.74282, 30.2673], [-97.74318, 30.2673], [-97.74318, 30.2669]]]}}, {"type": "Feature", "properties": {"height_m": 94.0, "name": "Texas State Capitol", "building": "civic", "source": "snapshot"}, "geometry": {"type": "Polygon", "coordinates": [[[-97.7374, 30.2742], [-97.7365, 30.2742], [-97.7365, 30.2752], [-97.7374, 30.2752], [-97.7374, 30.2742]]]}}, {"type": "Feature", "properties": {"height_m": 10.2, "name": "", "building": "residential", "source": "snapshot"}, "geometry": {"type": "Polygon", "coordinates": [[[-97.75476091190309, 30.26224977567758], [-97.7541790880969, 30.26224977567758], [-97.7541790880969, 30.262910224322418], [-97.75476091190309, 30.262910224322418], [-97.75476091190309, 30.26224977567758]]]}}, {"type": "Feature", "properties": {"height_m": 13.4, "name": "", "building": "residential", "source": "snapshot"}, "geometry": {"type": "Polygon", "coordinates": [[[-97.75398142584761, 30.262294597686495], [-97.75347857415238, 30.262294597686495], [-97.75347857415238, 30.262865402313505], [-97.75398142584761, 30.262865402313505], [-97.75398142584761, 30.262294597686495]]]}}, {"type": "Feature", "properties": {"height_m": 11.4, "name": "", "building": "residential", "source": "snapshot"}, "geometry": {"type": "Polygon", "coordinates": [[[-97.75475747489479, 30.263093677146454], [-97.75418252510521, 30.263093677146454], [-97.75418252510521, 30.263746322853542], [-97.75475747489479, 30.263746322853542], [-97.75475747489479, 30.263093677146454]]]}}, {"type": "Feature", "properties": {"height_m": 8.2, "name": "", "building": "residential", "source": "snapshot"}, "geometry": {"type": "Polygon", "coordinates": [[[-97.75473425278152, 30.264194296395186], [-97.75420574721848, 30.264194296395186], [-97.75420574721848, 30.264365703604817], [-97.75473425278152, 30.264365703604817], [-97.75473425278152, 30.264194296395186]]]}}, {"type": "Feature", "properties": {"height_m": 12.4, "name": "", "building": "residential", "source": "snapshot"}, "geometry": {"type": "Polygon", "coordinates": [[[-97.7539862314137, 30.26419689791988], [-97.75347376858629, 30.26419689791988], [-97.75347376858629, 30.26436310208012], [-97.7539862314137, 30.26436310208012], [-97.7539862314137, 30.26419689791988]]]}}, {"type": "Feature", "properties": {"height_m": 14.5, "name": "", "building": "residential", "source": "snapshot"}, "geometry": {"type": "Polygon", "coordinates": [[[-97.75472959575454, 30.265003266528627], [-97.75421040424546, 30.265003266528627], [-97.75421040424546, 30.265206733471377], [-97.75472959575454, 30.265206733471377], [-97.75472959575454, 30.265003266528627]]]}}, {"type": "Feature", "properties": {"height_m": 10.7, "name": "", "building": "residential", "source": "snapshot"}, "geometry": {"type": "Polygon", "coordinates": [[[-97.75472355326357, 30.26590563453184], [-97.75421644673642, 30.26590563453184], [-97.75421644673642, 30.26610436546816], [-97.75472355326357, 30.26610436546816], [-97.75472355326357, 30.26590563453184]]]}}, {"type": "Feature", "properties": {"height_m": 10.7, "name": "", "building": "residential", "source": "snapshot"}, "geometry": {"type": "Polygon", "coordinates": [[[-97.75396917467448, 30.265911269384322], [-97.75349082532551, 30.265911269384322], [-97.75349082532551, 30.266098730615678], [-97.75396917467448, 30.266098730615678], [-97.75396917467448, 30.265911269384322]]]}}, {"type": "Feature", "properties": {"height_m": 14.5, "name": "", "building": "residential", "source": "snapshot"}, "geometry": {"type": "Polygon", "coordinates": [[[-97.75472879320526, 30.267603581041183], [-97.75421120679474, 30.267603581041183], [-97.75421120679474, 30.267806418958816], [-97.75472879320526, 30.267806418958816], [-97.75472879320526, 30.267603581041183]]]}}, {"type": "Feature", "properties": {"height_m": 15.8, "name": "", "building": "residential", "source": "snapshot"}, "geometry": {"type": "Polygon", "coordinates": [[[-97.75399253934091, 30.26760211296099], [-97.75346746065908, 30.26760211296099], [-97.75346746065908, 30.26780788703901], [-97.75399253934091, 30.26780788703901], [-97.75399253934091, 30.26760211296099]]]}}, {"type": "Feature", "properties": {"height_m": 14.6, "name": "", "building": "residential", "source": "snapshot"}, "geometry": {"type": "Polygon", "coordinates": [[[-97.75473166174497, 30.268495136731364], [-97.75420833825503, 30.268495136731364], [-97.75420833825503, 30.26866486326864], [-97.75473166174497, 30.26866486326864], [-97.75473166174497, 30.268495136731364]]]}}, {"type": "Feature", "properties": {"height_m": 12.6, "name": "", "building": "residential", "source": "snapshot"}, "geometry": {"type": "Polygon", "coordinates": [[[-97.75397447526703, 30.268500710724208], [-97.75348552473297, 30.268500710724208], [-97.75348552473297, 30.268659289275796], [-97.75397447526703, 30.268659289275796], [-97.75397447526703, 30.268500710724208]]]}}, {"type": "Feature", "properties": {"height_m": 9.8, "name": "", "building": "residential", "source": "snapshot"}, "geometry": {"type": "Polygon", "coordinates": [[[-97.75475975674671, 30.26929144668035], [-97.75418024325329, 30.26929144668035], [-97.75418024325329, 30.269518553319656], [-97.75475975674671, 30.269518553319656], [-97.75475975674671, 30.26929144668035]]]}}, {"type": "Feature", "properties": {"height_m": 9.9, "name": "", "building": "residential", "source": "snapshot"}, "geometry": {"type": "Polygon", "coordinates": [[[-97.75401787154527, 30.2692921854755], [-97.75344212845472, 30.2692921854755], [-97.75344212845472, 30.269517814524505], [-97.75401787154527, 30.269517814524505], [-97.75401787154527, 30.2692921854755]]]}}, {"type": "Feature", "properties": {"height_m": 10.9, "name": "", "building": "residential", "source": "snapshot"}, "geometry": {"type": "Polygon", "coordinates": [[[-97.75398701951333, 30.27019664232], [-97.75347298048666, 30.27019664232], [-97.75347298048666, 30.270363357680004], [-97.75398701951333, 30.270363357680004], [-97.75398701951333, 30.27019664232]]]}}, {"type": "Feature", "properties": {"height_m": 10.1, "name": "", "building": "residential", "source": "snapshot"}, "geometry": {"type": "Polygon", "coordinates": [[[-97.75475067235979, 30.270995006777923], [-97.7541893276402, 30.270995006777923], [-97.7541893276402, 30.27121499322208], [-97.75475067235979, 30.27121499322208], [-97.75475067235979, 30.270995006777923]]]}}, {"type": "Feature", "properties": {"height_m": 12.9, "name": "", "building": "residential", "source": "snapshot"}, "geometry": {"type": "Polygon", "coordinates": [[[-97.75398633403611, 30.27100454476963], [-97.75347366596388, 30.27100454476963], [-97.75347366596388, 30.271205455230373], [-97.75398633403611, 30.271205455230373], [-97.75398633403611, 30.27100454476963]]]}}, {"type": "Feature", "properties": {"height_m": 9.3, "name": "", "building": "residential", "source": "snapshot"}, "geometry": {"type": "Polygon", "coordinates": [[[-97.75472183346271, 30.271906308507855], [-97.75421816653729, 30.271906308507855], [-97.75421816653729, 30.272103691492145], [-97.75472183346271, 30.272103691492145], [-97.75472183346271, 30.271906308507855]]]}}, {"type": "Feature", "properties": {"height_m": 13.1, "name": "", "building": "residential", "source": "snapshot"}, "geometry": {"type": "Polygon", "coordinates": [[[-97.75396738145403, 30.271911972132877], [-97.75349261854596, 30.271911972132877], [-97.75349261854596, 30.272098027867123], [-97.75396738145403, 30.272098027867123], [-97.75396738145403, 30.271911972132877]]]}}, {"type": "Feature", "properties": {"height_m": 14.7, "name": "", "building": "residential", "source": "snapshot"}, "geometry": {"type": "Polygon", "coordinates": [[[-97.75472430390907, 30.272797523056518], [-97.75421569609092, 30.272797523056518], [-97.75421569609092, 30.272962476943484], [-97.75472430390907, 30.272962476943484], [-97.75472430390907, 30.272797523056518]]]}}, {"type": "Feature", "properties": {"height_m": 8.3, "name": "", "building": "residential", "source": "snapshot"}, "geometry": {"type": "Polygon", "coordinates": [[[-97.754009587832, 30.272789322865297], [-97.753450412168, 30.272789322865297], [-97.753450412168, 30.272970677134705], [-97.754009587832, 30.272970677134705], [-97.754009587832, 30.272789322865297]]]}}, {"type": "Feature", "properties": {"height_m": 9.7, "name": "", "building": "residential", "source": "snapshot"}, "geometry": {"type": "Polygon", "coordinates": [[[-97.75474744038138, 30.273596273364053], [-97.75419255961862, 30.273596273364053], [-97.75419255961862, 30.273813726635947], [-97.75474744038138, 30.273813726635947], [-97.75474744038138, 30.273596273364053]]]}}, {"type": "Feature", "properties": {"height_m": 10.5, "name": "", "building": "residential", "source": "snapshot"}, "geometry": {"type": "Polygon", "coordinates": [[[-97.75397366159673, 30.273609510995875], [-97.75348633840326, 30.273609510995875], [-97.75348633840326, 30.273800489004124], [-97.75397366159673, 30.273800489004124], [-97.75397366159673, 30.273609510995875]]]}}, {"type": "Feature", "properties": {"height_m": 15.3, "name": "", "building": "residential", "source": "snapshot"}, "geometry": {"type": "Polygon", "coordinates": [[[-97.75474034242949, 30.27449905499385], [-97.75419965757051, 30.27449905499385], [-97.75419965757051, 30.274710945006152], [-97.75474034242949, 30.274710945006152], [-97.75474034242949, 30.27449905499385]]]}}, {"type": "Feature", "properties": {"height_m": 10.0, "name": "", "building": "residential", "source": "snapshot"}, "geometry": {"type": "Polygon", "coordinates": [[[-97.75400759915075, 30.27449621114362], [-97.75345240084924, 30.27449621114362], [-97.75345240084924, 30.27471378885638], [-97.75400759915075, 30.27471378885638], [-97.75400759915075, 30.27449621114362]]]}}, {"type": "Feature", "properties": {"height_m": 12.7, "name": "", "building": "residential", "source": "snapshot"}, "geometry": {"type": "Polygon", "coordinates": [[[-97.75474771784073, 30.275389929348957], [-97.75419228215927, 30.275389929348957], [-97.75419228215927, 30.275570070651046], [-97.75474771784073, 30.275570070651046], [-97.75474771784073, 30.275389929348957]]]}}, {"type": "Feature", "properties": {"height_m": 9.8, "name": "", "building": "residential", "source": "snapshot"}, "geometry": {"type": "Polygon", "coordinates": [[[-97.75400013327196, 30.275392389209095], [-97.75345986672804, 30.275392389209095], [-97.75345986672804, 30.275567610790908], [-97.75400013327196, 30.275567610790908], [-97.75400013327196, 30.275392389209095]]]}}, {"type": "Feature", "properties": {"height_m": 8.7, "name": "", "building": "residential", "source": "snapshot"}, "geometry": {"type": "Polygon", "coordinates": [[[-97.7547340212907, 30.276194371473288], [-97.7542059787093, 30.276194371473288], [-97.7542059787093, 30.276365628526715], [-97.7547340212907, 30.276365628526715], [-97.7547340212907, 30.276194371473288]]]}}, {"type": "Feature", "properties": {"height_m": 23.4, "name": "", "building": "campus", "source": "snapshot"}, "geometry": {"type": "Polygon", "coordinates": [[[-97.75397833959528, 30.27700767772618], [-97.75348166040472, 30.27700767772618], [-97.75348166040472, 30.277202322273826], [-97.75397833959528, 30.277202322273826], [-97.75397833959528, 30.27700767772618]]]}}, {"type": "Feature", "properties": {"height_m": 12.2, "name": "", "building": "residential", "source": "snapshot"}, "geometry": {"type": "Polygon", "coordinates": [[[-97.75157716071163, 30.262310955646957], [-97.75078283928836, 30.262310955646957], [-97.75078283928836, 30.262849044353043], [-97.75157716071163, 30.262849044353043], [-97.75157716071163, 30.262310955646957]]]}}, {"type": "Feature", "properties": {"height_m": 8.1, "name": "", "building": "residential", "source": "snapshot"}, "geometry": {"type": "Polygon", "coordinates": [[[-97.75282974748771, 30.26314242912124], [-97.7520102525123, 30.26314242912124], [-97.7520102525123, 30.263697570878758], [-97.75282974748771, 30.263697570878758], [-97.75282974748771, 30.26314242912124]]]}}, {"type": "Feature", "properties": {"height_m": 12.3, "name": "", "building": "residential", "source": "snapshot"}, "geometry": {"type": "Polygon", "coordinates": [[[-97.75160640093569, 30.263131147753246], [-97.75075359906431, 30.263131147753246], [-97.75075359906431, 30.26370885224675], [-97.75160640093569, 30.26370885224675], [-97.75160640093569, 30.263131147753246]]]}}, {"type": "Feature", "properties": {"height_m": 8.9, "name": "", "building": "residential", "source": "snapshot"}, "geometry": {"type": "Polygon", "coordinates": [[[-97.75285019055275, 30.264196737312375], [-97.75198980944727, 30.264196737312375], [-97.75198980944727, 30.264363262687628], [-97.75285019055275, 30.264363262687628], [-97.75285019055275, 30.264196737312375]]]}}, {"type": "Feature", "properties": {"height_m": 15.6, "name": "", "building": "residential", "source": "snapshot"}, "geometry": {"type": "Polygon", "coordinates": [[[-97.75162760369531, 30.264193367026714], [-97.75073239630468, 30.264193367026714], [-97.75073239630468, 30.26436663297329], [-97.75162760369531, 30.26436663297329], [-97.75162760369531, 30.264193367026714]]]}}, {"type": "Feature", "properties": {"height_m": 12.0, "name": "", "building": "residential", "source": "snapshot"}, "geometry": {"type": "Polygon", "coordinates": [[[-97.75288530481829, 30.264996178711854], [-97.75195469518172, 30.264996178711854], [-97.75195469518172, 30.26521382128815], [-97.75288530481829, 30.26521382128815], [-97.75288530481829, 30.264996178711854]]]}}, {"type": "Feature", "properties": {"height_m": 15.0, "name": "", "building": "residential", "source": "snapshot"}, "geometry": {"type": "Polygon", "coordinates": [[[-97.75158492561094, 30.265010299655508], [-97.75077507438905, 30.265010299655508], [-97.75077507438905, 30.265199700344496], [-97.75158492561094, 30.265199700344496], [-97.75158492561094, 30.265010299655508]]]}}, {"type": "Feature", "properties": {"height_m": 12.3, "name": "", "building": "residential", "source": "snapshot"}, "geometry": {"type": "Polygon", "coordinates": [[[-97.7515988864956, 30.265907034609903], [-97.7507611135044, 30.265907034609903], [-97.7507611135044, 30.266102965390097], [-97.7515988864956, 30.266102965390097], [-97.7515988864956, 30.265907034609903]]]}}, {"type": "Feature", "properties": {"height_m": 8.0, "name": "", "building": "residential", "source": "snapshot"}, "geometry": {"type": "Polygon", "coordinates": [[[-97.7528604771085, 30.266794746366102], [-97.75197952289152, 30.266794746366102], [-97.75197952289152, 30.2669652536339], [-97.7528604771085, 30.2669652536339], [-97.7528604771085, 30.266794746366102]]]}}, {"type": "Feature", "properties": {"height_m": 15.4, "name": "", "building": "residential", "source": "snapshot"}, "geometry": {"type": "Polygon", "coordinates": [[[-97.75166798866296, 30.266785550581364], [-97.75069201133704, 30.266785550581364], [-97.75069201133704, 30.266974449418637], [-97.75166798866296, 30.266974449418637], [-97.75166798866296, 30.266785550581364]]]}}, {"type": "Feature", "properties": {"height_m": 10.5, "name": "", "building": "residential", "source": "snapshot"}, "geometry": {"type": "Polygon", "coordinates": [[[-97.75283245510578, 30.267608538725263], [-97.75200754489424, 30.267608538725263], [-97.75200754489424, 30.267801461274736], [-97.75283245510578, 30.267801461274736], [-97.75283245510578, 30.267608538725263]]]}}, {"type": "Feature", "properties": {"height_m": 8.7, "name": "", "building": "residential", "source": "snapshot"}, "geometry": {"type": "Polygon", "coordinates": [[[-97.7528217337016, 30.268502245090016], [-97.75201826629842, 30.268502245090016], [-97.75201826629842, 30.268657754909988], [-97.7528217337016, 30.268657754909988], [-97.7528217337016, 30.268502245090016]]]}}, {"type": "Feature", "properties": {"height_m": 14.1, "name": "", "building": "residential", "source": "snapshot"}, "geometry": {"type": "Polygon", "coordinates": [[[-97.75166336323578, 30.268486445825335], [-97.75069663676422, 30.268486445825335], [-97.75069663676422, 30.26867355417467], [-97.75166336323578, 30.26867355417467], [-97.75166336323578, 30.268486445825335]]]}}, {"type": "Feature", "properties": {"height_m": 11.8, "name": "", "building": "residential", "source": "snapshot"}, "geometry": {"type": "Polygon", "coordinates": [[[-97.75289785959382, 30.269293242514355], [-97.7519421404062, 30.269293242514355], [-97.7519421404062, 30.26951675748565], [-97.75289785959382, 30.26951675748565], [-97.75289785959382, 30.269293242514355]]]}}, {"type": "Feature", "properties": {"height_m": 15.0, "name": "", "building": "residential", "source": "snapshot"}, "geometry": {"type": "Polygon", "coordinates": [[[-97.7516451497335, 30.269296214981683], [-97.75071485026649, 30.269296214981683], [-97.75071485026649, 30.269513785018322], [-97.7516451497335, 30.269513785018322], [-97.7516451497335, 30.269296214981683]]]}}, {"type": "Feature", "properties": {"height_m": 12.3, "name": "", "building": "residential", "source": "snapshot"}, "geometry": {"type": "Polygon", "coordinates": [[[-97.75289010276691, 30.270189012367698], [-97.7519498972331, 30.270189012367698], [-97.7519498972331, 30.270370987632305], [-97.75289010276691, 30.270370987632305], [-97.75289010276691, 30.270189012367698]]]}}, {"type": "Feature", "properties": {"height_m": 10.5, "name": "", "building": "residential", "source": "snapshot"}, "geometry": {"type": "Polygon", "coordinates": [[[-97.7516510929511, 30.27018882071914], [-97.75070890704889, 30.27018882071914], [-97.75070890704889, 30.27037117928086], [-97.7516510929511, 30.27037117928086], [-97.7516510929511, 30.27018882071914]]]}}, {"type": "Feature", "properties": {"height_m": 11.5, "name": "", "building": "residential", "source": "snapshot"}, "geometry": {"type": "Polygon", "coordinates": [[[-97.75284936134065, 30.271004584847756], [-97.75199063865936, 30.271004584847756], [-97.75199063865936, 30.27120541515225], [-97.75284936134065, 30.27120541515225], [-97.75284936134065, 30.271004584847756]]]}}, {"type": "Feature", "properties": {"height_m": 9.8, "name": "", "building": "residential", "source": "snapshot"}, "geometry": {"type": "Polygon", "coordinates": [[[-97.75165854660979, 30.27099308184126], [-97.7507014533902, 30.27099308184126], [-97.7507014533902, 30.271216918158743], [-97.75165854660979, 30.271216918158743], [-97.75165854660979, 30.27099308184126]]]}}, {"type": "Feature", "properties": {"height_m": 9.8, "name": "", "building": "residential", "source": "snapshot"}, "geometry": {"type": "Polygon", "coordinates": [[[-97.75285508728919, 30.271903245714626], [-97.75198491271082, 30.271903245714626], [-97.75198491271082, 30.272106754285375], [-97.75285508728919, 30.272106754285375], [-97.75285508728919, 30.271903245714626]]]}}, {"type": "Feature", "properties": {"height_m": 13.0, "name": "", "building": "residential", "source": "snapshot"}, "geometry": {"type": "Polygon", "coordinates": [[[-97.751663197643, 30.271891994099622], [-97.750696802357, 30.271891994099622], [-97.750696802357, 30.272118005900378], [-97.751663197643, 30.272118005900378], [-97.751663197643, 30.271891994099622]]]}}, {"type": "Feature", "properties": {"height_m": 14.9, "name": "", "building": "residential", "source": "snapshot"}, "geometry": {"type": "Polygon", "coordinates": [[[-97.7528255959388, 30.272801497560234], [-97.75201440406121, 30.272801497560234], [-97.75201440406121, 30.272958502439767], [-97.7528255959388, 30.272958502439767], [-97.7528255959388, 30.272801497560234]]]}}, {"type": "Feature", "properties": {"height_m": 9.7, "name": "", "building": "residential", "source": "snapshot"}, "geometry": {"type": "Polygon", "coordinates": [[[-97.75284758506663, 30.273605000266677], [-97.75199241493338, 30.273605000266677], [-97.75199241493338, 30.273804999733322], [-97.75284758506663, 30.273804999733322], [-97.75284758506663, 30.273605000266677]]]}}, {"type": "Feature", "properties": {"height_m": 12.6, "name": "", "building": "residential", "source": "snapshot"}, "geometry": {"type": "Polygon", "coordinates": [[[-97.75158279717563, 30.27361079743473], [-97.75077720282437, 30.27361079743473], [-97.75077720282437, 30.273799202565268], [-97.75158279717563, 30.273799202565268], [-97.75158279717563, 30.27361079743473]]]}}, {"type": "Feature", "properties": {"height_m": 14.5, "name": "", "building": "residential", "source": "snapshot"}, "geometry": {"type": "Polygon", "coordinates": [[[-97.75283683039355, 30.27450751547248], [-97.75200316960647, 30.27450751547248], [-97.75200316960647, 30.274702484527523], [-97.75283683039355, 30.274702484527523], [-97.75283683039355, 30.27450751547248]]]}}, {"type": "Feature", "properties": {"height_m": 11.4, "name": "", "building": "residential", "source": "snapshot"}, "geometry": {"type": "Polygon", "coordinates": [[[-97.75166078543428, 30.27449255824521], [-97.75069921456571, 30.27449255824521], [-97.75069921456571, 30.27471744175479], [-97.75166078543428, 30.27471744175479], [-97.75166078543428, 30.27449255824521]]]}}, {"type": "Feature", "properties": {"height_m": 13.8, "name": "", "building": "residential", "source": "snapshot"}, "geometry": {"type": "Polygon", "coordinates": [[[-97.75286636670589, 30.276193606444025], [-97.75197363329413, 30.276193606444025], [-97.75197363329413, 30.27636639355598], [-97.75286636670589, 30.27636639355598], [-97.75286636670589, 30.276193606444025]]]}}, {"type": "Feature", "properties": {"height_m": 8.8, "name": "", "building": "residential", "source": "snapshot"}, "geometry": {"type": "Polygon", "coordinates": [[[-97.75157827263534, 30.276202914973805], [-97.75078172736465, 30.276202914973805], [-97.75078172736465, 30.2763570850262], [-97.75157827263534, 30.2763570850262], [-97.75157827263534, 30.276202914973805]]]}}, {"type": "Feature", "properties": {"height_m": 32.2, "name": "", "building": "campus", "source": "snapshot"}, "geometry": {"type": "Polygon", "coordinates": [[[-97.75287824485771, 30.27699782983167], [-97.7519617551423, 30.27699782983167], [-97.7519617551423, 30.277212170168333], [-97.75287824485771, 30.277212170168333], [-97.75287824485771, 30.27699782983167]]]}}, {"type": "Feature", "properties": {"height_m": 24.0, "name": "", "building": "campus", "source": "snapshot"}, "geometry": {"type": "Polygon", "coordinates": [[[-97.75165211057151, 30.27699458704376], [-97.75070788942848, 30.27699458704376], [-97.75070788942848, 30.277215412956245], [-97.75165211057151, 30.277215412956245], [-97.75165211057151, 30.27699458704376]]]}}, {"type": "Feature", "properties": {"height_m": 10.0, "name": "", "building": "residential", "source": "snapshot"}, "geometry": {"type": "Polygon", "coordinates": [[[-97.75019090255452, 30.262265748344117], [-97.74989909744549, 30.262265748344117], [-97.74989909744549, 30.262894251655883], [-97.75019090255452, 30.262894251655883], [-97.75019090255452, 30.262265748344117]]]}}, {"type": "Feature", "properties": {"height_m": 14.9, "name": "", "building": "residential", "source": "snapshot"}, "geometry": {"type": "Polygon", "coordinates": [[[-97.74979608842571, 30.26227611723694], [-97.7495139115743, 30.26227611723694], [-97.7495139115743, 30.26288388276306], [-97.74979608842571, 30.26288388276306], [-97.74979608842571, 30.26227611723694]]]}}, {"type": "Feature", "properties": {"height_m": 16.0, "name": "", "building": "residential", "source": "snapshot"}, "geometry": {"type": "Polygon", "coordinates": [[[-97.75015514058273, 30.264212221179864], [-97.74954485941727, 30.264212221179864], [-97.74954485941727, 30.264587778820136], [-97.75015514058273, 30.264587778820136], [-97.75015514058273, 30.264212221179864]]]}}, {"type": "Feature", "properties": {"height_m": 15.4, "name": "", "building": "residential", "source": "snapshot"}, "geometry": {"type": "Polygon", "coordinates": [[[-97.75010141371895, 30.265063051337194], [-97.74959858628105, 30.265063051337194], [-97.74959858628105, 30.265436948662806], [-97.75010141371895, 30.265436948662806], [-97.75010141371895, 30.265063051337194]]]}}, {"type": "Feature", "properties": {"height_m": 11.9, "name": "", "building": "residential", "source": "snapshot"}, "geometry": {"type": "Polygon", "coordinates": [[[-97.75014837080003, 30.26592813453331], [-97.74955162919997, 30.26592813453331], [-97.74955162919997, 30.266371865466688], [-97.75014837080003, 30.266371865466688], [-97.75014837080003, 30.26592813453331]]]}}, {"type": "Feature", "properties": {"height_m": 8.5, "name": "", "building": "residential", "source": "snapshot"}, "geometry": {"type": "Polygon", "coordinates": [[[-97.75013463914289, 30.26682483745053], [-97.74956536085712, 30.26682483745053], [-97.74956536085712, 30.267175162549467], [-97.75013463914289, 30.267175162549467], [-97.75013463914289, 30.26682483745053]]]}}, {"type": "Feature", "properties": {"height_m": 10.1, "name": "", "building": "residential", "source": "snapshot"}, "geometry": {"type": "Polygon", "coordinates": [[[-97.75010045943264, 30.267663760934703], [-97.74959954056736, 30.267663760934703], [-97.74959954056736, 30.268036239065296], [-97.75010045943264, 30.268036239065296], [-97.75010045943264, 30.267663760934703]]]}}, {"type": "Feature", "properties": {"height_m": 11.4, "name": "", "building": "residential", "source": "snapshot"}, "geometry": {"type": "Polygon", "coordinates": [[[-97.75013148201052, 30.268526780301226], [-97.74956851798949, 30.268526780301226], [-97.74956851798949, 30.268873219698776], [-97.75013148201052, 30.268873219698776], [-97.75013148201052, 30.268526780301226]]]}}, {"type": "Feature", "properties": {"height_m": 12.4, "name": "", "building": "residential", "source": "snapshot"}, "geometry": {"type": "Polygon", "coordinates": [[[-97.75009986777268, 30.269364200886994], [-97.74960013222733, 30.269364200886994], [-97.74960013222733, 30.269735799113008], [-97.75009986777268, 30.269735799113008], [-97.75009986777268, 30.269364200886994]]]}}, {"type": "Feature", "properties": {"height_m": 10.4, "name": "", "building": "residential", "source": "snapshot"}, "geometry": {"type": "Polygon", "coordinates": [[[-97.75014904438572, 30.270215972685712], [-97.74955095561428, 30.270215972685712], [-97.74955095561428, 30.27058402731429], [-97.75014904438572, 30.27058402731429], [-97.75014904438572, 30.270215972685712]]]}}, {"type": "Feature", "properties": {"height_m": 12.3, "name": "", "building": "residential", "source": "snapshot"}, "geometry": {"type": "Polygon", "coordinates": [[[-97.75012421795299, 30.27104609434265], [-97.74957578204702, 30.27104609434265], [-97.74957578204702, 30.27145390565735], [-97.75012421795299, 30.27145390565735], [-97.75012421795299, 30.27104609434265]]]}}, {"type": "Feature", "properties": {"height_m": 12.7, "name": "", "building": "residential", "source": "snapshot"}, "geometry": {"type": "Polygon", "coordinates": [[[-97.75015475583155, 30.271923386689373], [-97.74954524416846, 30.271923386689373], [-97.74954524416846, 30.272376613310627], [-97.75015475583155, 30.272376613310627], [-97.75015475583155, 30.271923386689373]]]}}, {"type": "Feature", "properties": {"height_m": 9.3, "name": "", "building": "residential", "source": "snapshot"}, "geometry": {"type": "Polygon", "coordinates": [[[-97.75010821588631, 30.272841097916114], [-97.74959178411369, 30.272841097916114], [-97.74959178411369, 30.273158902083885], [-97.75010821588631, 30.273158902083885], [-97.75010821588631, 30.272841097916114]]]}}, {"type": "Feature", "properties": {"height_m": 9.5, "name": "", "building": "residential", "source": "snapshot"}, "geometry": {"type": "Polygon", "coordinates": [[[-97.75015341347928, 30.273624384848738], [-97.74954658652072, 30.273624384848738], [-97.74954658652072, 30.27407561515126], [-97.75015341347928, 30.27407561515126], [-97.75015341347928, 30.273624384848738]]]}}, {"type": "Feature", "properties": {"height_m": 9.9, "name": "", "building": "residential", "source": "snapshot"}, "geometry": {"type": "Polygon", "coordinates": [[[-97.75011860006562, 30.274550271746083], [-97.74958139993439, 30.274550271746083], [-97.74958139993439, 30.27494972825392], [-97.75011860006562, 30.27494972825392], [-97.75011860006562, 30.274550271746083]]]}}, {"type": "Feature", "properties": {"height_m": 12.8, "name": "", "building": "residential", "source": "snapshot"}, "geometry": {"type": "Polygon", "coordinates": [[[-97.75014369640216, 30.27621926375252], [-97.74955630359784, 30.27621926375252], [-97.74955630359784, 30.27658073624748], [-97.75014369640216, 30.27658073624748], [-97.75014369640216, 30.27621926375252]]]}}, {"type": "Feature", "properties": {"height_m": 26.7, "name": "", "building": "campus", "source": "snapshot"}, "geometry": {"type": "Polygon", "coordinates": [[[-97.75013357534246, 30.27703913628382], [-97.74956642465754, 30.27703913628382], [-97.74956642465754, 30.277460863716183], [-97.75013357534246, 30.277460863716183], [-97.75013357534246, 30.27703913628382]]]}}, {"type": "Feature", "properties": {"height_m": 9.6, "name": "", "building": "residential", "source": "snapshot"}, "geometry": {"type": "Polygon", "coordinates": [[[-97.7490366892481, 30.26230708649424], [-97.7486533107519, 30.26230708649424], [-97.7486533107519, 30.26285291350576], [-97.7490366892481, 30.26285291350576], [-97.7490366892481, 30.26230708649424]]]}}, {"type": "Feature", "properties": {"height_m": 11.2, "name": "", "building": "residential", "source": "snapshot"}, "geometry": {"type": "Polygon", "coordinates": [[[-97.74847748814659, 30.262263237215016], [-97.7480325118534, 30.262263237215016], [-97.7480325118534, 30.262896762784983], [-97.74847748814659, 30.262896762784983], [-97.74847748814659, 30.262263237215016]]]}}, {"type": "Feature", "properties": {"height_m": 10.5, "name": "", "building": "residential", "source": "snapshot"}, "geometry": {"type": "Polygon", "coordinates": [[[-97.74898955025844, 30.264221199894873], [-97.74811044974156, 30.264221199894873], [-97.74811044974156, 30.264578800105127], [-97.74898955025844, 30.264578800105127], [-97.74898955025844, 30.264221199894873]]]}}, {"type": "Feature", "properties": {"height_m": 11.7, "name": "", "building": "residential", "source": "snapshot"}, "geometry": {"type": "Polygon", "coordinates": [[[-97.74900967993437, 30.26502405562548], [-97.74809032006563, 30.26502405562548], [-97.74809032006563, 30.26547594437452], [-97.74900967993437, 30.26547594437452], [-97.74900967993437, 30.26502405562548]]]}}, {"type": "Feature", "properties": {"height_m": 8.6, "name": "", "building": "residential", "source": "snapshot"}, "geometry": {"type": "Polygon", "coordinates": [[[-97.74892794546437, 30.265964230195483], [-97.74817205453563, 30.265964230195483], [-97.74817205453563, 30.266335769804517], [-97.74892794546437, 30.266335769804517], [-97.74892794546437, 30.265964230195483]]]}}, {"type": "Feature", "properties": {"height_m": 15.5, "name": "", "building": "residential", "source": "snapshot"}, "geometry": {"type": "Polygon", "coordinates": [[[-97.74899262976331, 30.26681994721493], [-97.7481073702367, 30.26681994721493], [-97.7481073702367, 30.26718005278507], [-97.74899262976331, 30.26718005278507], [-97.74899262976331, 30.26681994721493]]]}}, {"type": "Feature", "properties": {"height_m": 11.0, "name": "", "building": "residential", "source": "snapshot"}, "geometry": {"type": "Polygon", "coordinates": [[[-97.74893828458355, 30.267659148255547], [-97.74816171541646, 30.267659148255547], [-97.74816171541646, 30.268040851744452], [-97.74893828458355, 30.268040851744452], [-97.74893828458355, 30.267659148255547]]]}}, {"type": "Feature", "properties": {"height_m": 13.6, "name": "", "building": "residential", "source": "snapshot"}, "geometry": {"type": "Polygon", "coordinates": [[[-97.74894231357152, 30.268540414818368], [-97.74815768642848, 30.268540414818368], [-97.74815768642848, 30.268859585181634], [-97.74894231357152, 30.268859585181634], [-97.74894231357152, 30.268540414818368]]]}}, {"type": "Feature", "properties": {"height_m": 13.2, "name": "", "building": "residential", "source": "snapshot"}, "geometry": {"type": "Polygon", "coordinates": [[[-97.74892872987388, 30.26936384463827], [-97.74817127012612, 30.26936384463827], [-97.74817127012612, 30.26973615536173], [-97.74892872987388, 30.26973615536173], [-97.74892872987388, 30.26936384463827]]]}}, {"type": "Feature", "properties": {"height_m": 13.3, "name": "", "building": "residential", "source": "snapshot"}, "geometry": {"type": "Polygon", "coordinates": [[[-97.74898960498044, 30.27103392297572], [-97.74811039501957, 30.27103392297572], [-97.74811039501957, 30.27146607702428], [-97.74898960498044, 30.27146607702428], [-97.74898960498044, 30.27103392297572]]]}}, {"type": "Feature", "properties": {"height_m": 8.9, "name": "", "building": "residential", "source": "snapshot"}, "geometry": {"type": "Polygon", "coordinates": [[[-97.74900421523638, 30.271926741663478], [-97.74809578476362, 30.271926741663478], [-97.74809578476362, 30.272373258336522], [-97.74900421523638, 30.272373258336522], [-97.74900421523638, 30.271926741663478]]]}}, {"type": "Feature", "properties": {"height_m": 12.8, "name": "", "building": "residential", "source": "snapshot"}, "geometry": {"type": "Polygon", "coordinates": [[[-97.74899199718323, 30.273632747147236], [-97.74810800281678, 30.273632747147236], [-97.74810800281678, 30.274067252852763], [-97.74899199718323, 30.274067252852763], [-97.74899199718323, 30.273632747147236]]]}}, {"type": "Feature", "properties": {"height_m": 13.1, "name": "", "building": "residential", "source": "snapshot"}, "geometry": {"type": "Polygon", "coordinates": [[[-97.74899808163786, 30.274529756483087], [-97.74810191836214, 30.274529756483087], [-97.74810191836214, 30.274970243516915], [-97.74899808163786, 30.274970243516915], [-97.74899808163786, 30.274529756483087]]]}}, {"type": "Feature", "properties": {"height_m": 15.2, "name": "", "building": "residential", "source": "snapshot"}, "geometry": {"type": "Polygon", "coordinates": [[[-97.74897286493109, 30.275427987146678], [-97.74812713506891, 30.275427987146678], [-97.74812713506891, 30.275772012853324], [-97.74897286493109, 30.275772012853324], [-97.74897286493109, 30.275427987146678]]]}}, {"type": "Feature", "properties": {"height_m": 11.4, "name": "", "building": "residential", "source": "snapshot"}, "geometry": {"type": "Polygon", "coordinates": [[[-97.74900793158562, 30.27621372274484], [-97.74809206841438, 30.27621372274484], [-97.74809206841438, 30.276586277255163], [-97.74900793158562, 30.276586277255163], [-97.74900793158562, 30.27621372274484]]]}}, {"type": "Feature", "properties": {"height_m": 30.4, "name": "", "building": "campus", "source": "snapshot"}, "geometry": {"type": "Polygon", "coordinates": [[[-97.74901578620653, 30.277021054237476], [-97.74808421379348, 30.277021054237476], [-97.74808421379348, 30.277478945762525], [-97.74901578620653, 30.277478945762525], [-97.74901578620653, 30.277021054237476]]]}}, {"type": "Feature", "properties": {"height_m": 13.9, "name": "", "building": "residential", "source": "snapshot"}, "geometry": {"type": "Polygon", "coordinates": [[[-97.74759762014081, 30.262264703181536], [-97.74734237985919, 30.262264703181536], [-97.74734237985919, 30.262895296818463], [-97.74759762014081, 30.262895296818463], [-97.74759762014081, 30.262264703181536]]]}}, {"type": "Feature", "properties": {"height_m": 8.1, "name": "", "building": "residential", "source": "snapshot"}, "geometry": {"type": "Polygon", "coordinates": [[[-97.74725339398356, 30.262275144275897], [-97.74700660601643, 30.262275144275897], [-97.74700660601643, 30.262884855724103], [-97.74725339398356, 30.262884855724103], [-97.74725339398356, 30.262275144275897]]]}}, {"type": "Feature", "properties": {"height_m": 12.4, "name": "", "building": "residential", "source": "snapshot"}, "geometry": {"type": "Polygon", "coordinates": [[[-97.74752249964286, 30.265060220892863], [-97.74707750035714, 30.265060220892863], [-97.74707750035714, 30.265439779107137], [-97.74752249964286, 30.265439779107137], [-97.74752249964286, 30.265060220892863]]]}}, {"type": "Feature", "properties": {"height_m": 9.2, "name": "", "building": "residential", "source": "snapshot"}, "geometry": {"type": "Polygon", "coordinates": [[[-97.74753889201212, 30.26594623916614], [-97.74706110798788, 30.26594623916614], [-97.74706110798788, 30.26635376083386], [-97.74753889201212, 30.26635376083386], [-97.74753889201212, 30.26594623916614]]]}}, {"type": "Feature", "properties": {"height_m": 15.2, "name": "", "building": "residential", "source": "snapshot"}, "geometry": {"type": "Polygon", "coordinates": [[[-97.74755287882415, 30.266821497300597], [-97.74704712117584, 30.266821497300597], [-97.74704712117584, 30.2671785026994], [-97.74755287882415, 30.2671785026994], [-97.74755287882415, 30.266821497300597]]]}}, {"type": "Feature", "properties": {"height_m": 15.2, "name": "", "building": "residential", "source": "snapshot"}, "geometry": {"type": "Polygon", "coordinates": [[[-97.74752470416831, 30.267658340562317], [-97.74707529583168, 30.267658340562317], [-97.74707529583168, 30.26804165943768], [-97.74752470416831, 30.26804165943768], [-97.74752470416831, 30.267658340562317]]]}}, {"type": "Feature", "properties": {"height_m": 8.8, "name": "", "building": "residential", "source": "snapshot"}, "geometry": {"type": "Polygon", "coordinates": [[[-97.7475558739833, 30.268519383070615], [-97.74704412601669, 30.268519383070615], [-97.74704412601669, 30.268880616929387], [-97.7475558739833, 30.268880616929387], [-97.7475558739833, 30.268519383070615]]]}}, {"type": "Feature", "properties": {"height_m": 11.3, "name": "", "building": "residential", "source": "snapshot"}, "geometry": {"type": "Polygon", "coordinates": [[[-97.74752350913023, 30.269359359859514], [-97.74707649086976, 30.269359359859514], [-97.74707649086976, 30.269740640140487], [-97.74752350913023, 30.269740640140487], [-97.74752350913023, 30.269359359859514]]]}}, {"type": "Feature", "properties": {"height_m": 15.4, "name": "", "building": "residential", "source": "snapshot"}, "geometry": {"type": "Polygon", "coordinates": [[[-97.74756071777975, 30.271027623070218], [-97.74703928222024, 30.271027623070218], [-97.74703928222024, 30.271472376929783], [-97.74756071777975, 30.271472376929783], [-97.74756071777975, 30.271027623070218]]]}}, {"type": "Feature", "properties": {"height_m": 14.5, "name": "", "building": "residential", "source": "snapshot"}, "geometry": {"type": "Polygon", "coordinates": [[[-97.74751881349232, 30.27196336496243], [-97.74708118650767, 30.27196336496243], [-97.74708118650767, 30.27233663503757], [-97.74751881349232, 30.27233663503757], [-97.74751881349232, 30.27196336496243]]]}}, {"type": "Feature", "properties": {"height_m": 13.9, "name": "", "building": "residential", "source": "snapshot"}, "geometry": {"type": "Polygon", "coordinates": [[[-97.74756733589554, 30.27281129230903], [-97.74703266410445, 30.27281129230903], [-97.74703266410445, 30.27318870769097], [-97.74756733589554, 30.27318870769097], [-97.74756733589554, 30.27281129230903]]]}}, {"type": "Feature", "properties": {"height_m": 14.4, "name": "", "building": "residential", "source": "snapshot"}, "geometry": {"type": "Polygon", "coordinates": [[[-97.7475211283898, 30.273661390491043], [-97.74707887161019, 30.273661390491043], [-97.74707887161019, 30.274038609508956], [-97.7475211283898, 30.274038609508956], [-97.7475211283898, 30.273661390491043]]]}}, {"type": "Feature", "properties": {"height_m": 10.1, "name": "", "building": "residential", "source": "snapshot"}, "geometry": {"type": "Polygon", "coordinates": [[[-97.74752725178486, 30.27455616759527], [-97.74707274821513, 30.27455616759527], [-97.74707274821513, 30.27494383240473], [-97.74752725178486, 30.27494383240473], [-97.74752725178486, 30.27455616759527]]]}}, {"type": "Feature", "properties": {"height_m": 15.0, "name": "", "building": "residential", "source": "snapshot"}, "geometry": {"type": "Polygon", "coordinates": [[[-97.74756308712305, 30.27541429144255], [-97.74703691287694, 30.27541429144255], [-97.74703691287694, 30.27578570855745], [-97.74756308712305, 30.27578570855745], [-97.74756308712305, 30.27541429144255]]]}}, {"type": "Feature", "properties": {"height_m": 14.5, "name": "", "building": "residential", "source": "snapshot"}, "geometry": {"type": "Polygon", "coordinates": [[[-97.74755725588041, 30.276218407613833], [-97.74704274411958, 30.276218407613833], [-97.74704274411958, 30.27658159238617], [-97.74755725588041, 30.27658159238617], [-97.74755725588041, 30.276218407613833]]]}}, {"type": "Feature", "properties": {"height_m": 30.9, "name": "", "building": "campus", "source": "snapshot"}, "geometry": {"type": "Polygon", "coordinates": [[[-97.74755303526577, 30.277034175802733], [-97.74704696473422, 30.277034175802733], [-97.74704696473422, 30.277465824197268], [-97.74755303526577, 30.277465824197268], [-97.74755303526577, 30.277034175802733]]]}}, {"type": "Feature", "properties": {"height_m": 13.4, "name": "", "building": "warehouse", "source": "snapshot"}, "geometry": {"type": "Polygon", "coordinates": [[[-97.74657263110262, 30.262288613349533], [-97.74626736889736, 30.262288613349533], [-97.74626736889736, 30.262871386650467], [-97.74657263110262, 30.262871386650467], [-97.74657263110262, 30.262288613349533]]]}}, {"type": "Feature", "properties": {"height_m": 19.3, "name": "", "building": "warehouse", "source": "snapshot"}, "geometry": {"type": "Polygon", "coordinates": [[[-97.74613610488082, 30.262281981591148], [-97.74582389511916, 30.262281981591148], [-97.74582389511916, 30.262878018408852], [-97.74613610488082, 30.262878018408852], [-97.74613610488082, 30.262281981591148]]]}}, {"type": "Feature", "properties": {"height_m": 15.7, "name": "", "building": "residential", "source": "snapshot"}, "geometry": {"type": "Polygon", "coordinates": [[[-97.74653581452414, 30.265928667700003], [-97.74586418547585, 30.265928667700003], [-97.74586418547585, 30.266371332299997], [-97.74653581452414, 30.266371332299997], [-97.74653581452414, 30.265928667700003]]]}}, {"type": "Feature", "properties": {"height_m": 11.5, "name": "", "building": "residential", "source": "snapshot"}, "geometry": {"type": "Polygon", "coordinates": [[[-97.74654044543188, 30.2668143024917], [-97.74585955456811, 30.2668143024917], [-97.74585955456811, 30.2671856975083], [-97.74654044543188, 30.2671856975083], [-97.74654044543188, 30.2668143024917]]]}}, {"type": "Feature", "properties": {"height_m": 12.8, "name": "", "building": "residential", "source": "snapshot"}, "geometry": {"type": "Polygon", "coordinates": [[[-97.74652689729726, 30.267634544963165], [-97.74587310270273, 30.267634544963165], [-97.74587310270273, 30.268065455036833], [-97.74652689729726, 30.268065455036833], [-97.74652689729726, 30.267634544963165]]]}}, {"type": "Feature", "properties": {"height_m": 12.6, "name": "", "building": "residential", "source": "snapshot"}, "geometry": {"type": "Polygon", "coordinates": [[[-97.7465221771014, 30.268524267035602], [-97.74587782289859, 30.268524267035602], [-97.74587782289859, 30.2688757329644], [-97.7465221771014, 30.2688757329644], [-97.7465221771014, 30.268524267035602]]]}}, {"type": "Feature", "properties": {"height_m": 8.0, "name": "", "building": "residential", "source": "snapshot"}, "geometry": {"type": "Polygon", "coordinates": [[[-97.74650082017126, 30.269351732159848], [-97.74589917982873, 30.269351732159848], [-97.74589917982873, 30.269748267840153], [-97.74650082017126, 30.269748267840153], [-97.74650082017126, 30.269351732159848]]]}}, {"type": "Feature", "properties": {"height_m": 13.8, "name": "", "building": "residential", "source": "snapshot"}, "geometry": {"type": "Polygon", "coordinates": [[[-97.7465120621682, 30.270229784271894], [-97.7458879378318, 30.270229784271894], [-97.7458879378318, 30.270570215728107], [-97.7465120621682, 30.270570215728107], [-97.7465120621682, 30.270229784271894]]]}}, {"type": "Feature", "properties": {"height_m": 10.9, "name": "", "building": "residential", "source": "snapshot"}, "geometry": {"type": "Polygon", "coordinates": [[[-97.7465033385187, 30.271050072339946], [-97.74589666148128, 30.271050072339946], [-97.74589666148128, 30.271449927660054], [-97.7465033385187, 30.271449927660054], [-97.7465033385187, 30.271050072339946]]]}}, {"type": "Feature", "properties": {"height_m": 10.5, "name": "", "building": "residential", "source": "snapshot"}, "geometry": {"type": "Polygon", "coordinates": [[[-97.74652580679762, 30.272822287201297], [-97.74587419320237, 30.272822287201297], [-97.74587419320237, 30.273177712798702], [-97.74652580679762, 30.273177712798702], [-97.74652580679762, 30.272822287201297]]]}}, {"type": "Feature", "properties": {"height_m": 10.4, "name": "", "building": "residential", "source": "snapshot"}, "geometry": {"type": "Polygon", "coordinates": [[[-97.74650009621864, 30.27365220931044], [-97.74589990378135, 30.27365220931044], [-97.74589990378135, 30.274047790689558], [-97.74650009621864, 30.274047790689558], [-97.74650009621864, 30.27365220931044]]]}}, {"type": "Feature", "properties": {"height_m": 11.2, "name": "", "building": "residential", "source": "snapshot"}, "geometry": {"type": "Polygon", "coordinates": [[[-97.74652064606803, 30.274538665091526], [-97.74587935393195, 30.274538665091526], [-97.74587935393195, 30.274961334908475], [-97.74652064606803, 30.274961334908475], [-97.74652064606803, 30.274538665091526]]]}}, {"type": "Feature", "properties": {"height_m": 11.4, "name": "", "building": "residential", "source": "snapshot"}, "geometry": {"type": "Polygon", "coordinates": [[[-97.74653919900526, 30.27541498236077], [-97.74586080099473, 30.27541498236077], [-97.74586080099473, 30.275785017639233], [-97.74653919900526, 30.275785017639233], [-97.74653919900526, 30.27541498236077]]]}}, {"type": "Feature", "properties": {"height_m": 15.2, "name": "", "building": "residential", "source": "snapshot"}, "geometry": {"type": "Polygon", "coordinates": [[[-97.74650289701562, 30.276234783446032], [-97.74589710298437, 30.276234783446032], [-97.74589710298437, 30.27656521655397], [-97.74650289701562, 30.27656521655397], [-97.74650289701562, 30.276234783446032]]]}}, {"type": "Feature", "properties": {"height_m": 15.4, "name": "", "building": "warehouse", "source": "snapshot"}, "geometry": {"type": "Polygon", "coordinates": [[[-97.74540019993275, 30.26227528295345], [-97.74518980006725, 30.26227528295345], [-97.74518980006725, 30.26288471704655], [-97.74540019993275, 30.26288471704655], [-97.74540019993275, 30.26227528295345]]]}}, {"type": "Feature", "properties": {"height_m": 13.9, "name": "", "building": "warehouse", "source": "snapshot"}, "geometry": {"type": "Polygon", "coordinates": [[[-97.74510943650685, 30.262277494255986], [-97.74490056349313, 30.262277494255986], [-97.74490056349313, 30.262882505744013], [-97.74510943650685, 30.262882505744013], [-97.74510943650685, 30.262277494255986]]]}}, {"type": "Feature", "properties": {"height_m": 18.9, "name": "", "building": "warehouse", "source": "snapshot"}, "geometry": {"type": "Polygon", "coordinates": [[[-97.74535851640091, 30.264227434702693], [-97.74494148359908, 30.264227434702693], [-97.74494148359908, 30.264572565297307], [-97.74535851640091, 30.264572565297307], [-97.74535851640091, 30.264227434702693]]]}}, {"type": "Feature", "properties": {"height_m": 21.1, "name": "", "building": "core", "source": "snapshot"}, "geometry": {"type": "Polygon", "coordinates": [[[-97.74537171842427, 30.265028281575738], [-97.74492828157572, 30.265028281575738], [-97.74492828157572, 30.265471718424262], [-97.74537171842427, 30.265471718424262], [-97.74537171842427, 30.265028281575738]]]}}, {"type": "Feature", "properties": {"height_m": 30.4, "name": "", "building": "core", "source": "snapshot"}, "geometry": {"type": "Polygon", "coordinates": [[[-97.74535156707277, 30.265948432927225], [-97.74494843292722, 30.265948432927225], [-97.74494843292722, 30.266351567072775], [-97.74535156707277, 30.266351567072775], [-97.74535156707277, 30.265948432927225]]]}}, {"type": "Feature", "properties": {"height_m": 42.9, "name": "", "building": "core", "source": "snapshot"}, "geometry": {"type": "Polygon", "coordinates": [[[-97.74534642549102, 30.266837440972953], [-97.74495357450897, 30.266837440972953], [-97.74495357450897, 30.267162559027046], [-97.74534642549102, 30.267162559027046], [-97.74534642549102, 30.266837440972953]]]}}, {"type": "Feature", "properties": {"height_m": 18.9, "name": "", "building": "core", "source": "snapshot"}, "geometry": {"type": "Polygon", "coordinates": [[[-97.74537043784792, 30.267629562152074], [-97.74492956215207, 30.267629562152074], [-97.74492956215207, 30.268070437847925], [-97.74537043784792, 30.268070437847925], [-97.74537043784792, 30.267629562152074]]]}}, {"type": "Feature", "properties": {"height_m": 49.4, "name": "", "building": "core", "source": "snapshot"}, "geometry": {"type": "Polygon", "coordinates": [[[-97.74535843156903, 30.26852750490839], [-97.74494156843096, 30.26852750490839], [-97.74494156843096, 30.26887249509161], [-97.74535843156903, 30.26887249509161], [-97.74535843156903, 30.26852750490839]]]}}, {"type": "Feature", "properties": {"height_m": 25.2, "name": "", "building": "core", "source": "snapshot"}, "geometry": {"type": "Polygon", "coordinates": [[[-97.74535170520593, 30.270233071553708], [-97.74494829479406, 30.270233071553708], [-97.74494829479406, 30.270566928446293], [-97.74535170520593, 30.270566928446293], [-97.74535170520593, 30.270233071553708]]]}}, {"type": "Feature", "properties": {"height_m": 10.0, "name": "", "building": "residential", "source": "snapshot"}, "geometry": {"type": "Polygon", "coordinates": [[[-97.74535759459314, 30.271042405406853], [-97.74494240540685, 30.271042405406853], [-97.74494240540685, 30.271457594593148], [-97.74535759459314, 30.271457594593148], [-97.74535759459314, 30.271042405406853]]]}}, {"type": "Feature", "properties": {"height_m": 14.0, "name": "", "building": "residential", "source": "snapshot"}, "geometry": {"type": "Polygon", "coordinates": [[[-97.74537885880041, 30.271921141199588], [-97.74492114119958, 30.271921141199588], [-97.74492114119958, 30.272378858800412], [-97.74537885880041, 30.272378858800412], [-97.74537885880041, 30.271921141199588]]]}}, {"type": "Feature", "properties": {"height_m": 11.4, "name": "", "building": "residential", "source": "snapshot"}, "geometry": {"type": "Polygon", "coordinates": [[[-97.7453744634526, 30.27281423714268], [-97.74492553654738, 30.27281423714268], [-97.74492553654738, 30.27318576285732], [-97.7453744634526, 30.27318576285732], [-97.7453744634526, 30.27281423714268]]]}}, {"type": "Feature", "properties": {"height_m": 12.1, "name": "", "building": "residential", "source": "snapshot"}, "geometry": {"type": "Polygon", "coordinates": [[[-97.74533742847716, 30.273662571522838], [-97.74496257152283, 30.273662571522838], [-97.74496257152283, 30.27403742847716], [-97.74533742847716, 30.27403742847716], [-97.74533742847716, 30.273662571522838]]]}}, {"type": "Feature", "properties": {"height_m": 11.7, "name": "", "building": "residential", "source": "snapshot"}, "geometry": {"type": "Polygon", "coordinates": [[[-97.74534219736888, 30.275440940108506], [-97.7449578026311, 30.275440940108506], [-97.7449578026311, 30.275759059891495], [-97.74534219736888, 30.275759059891495], [-97.74534219736888, 30.275440940108506]]]}}, {"type": "Feature", "properties": {"height_m": 15.9, "name": "", "building": "residential", "source": "snapshot"}, "geometry": {"type": "Polygon", "coordinates": [[[-97.74535006036864, 30.276234432798375], [-97.74494993963135, 30.276234432798375], [-97.74494993963135, 30.276565567201626], [-97.74535006036864, 30.276565567201626], [-97.74535006036864, 30.276234432798375]]]}}, {"type": "Feature", "properties": {"height_m": 18.9, "name": "", "building": "warehouse", "source": "snapshot"}, "geometry": {"type": "Polygon", "coordinates": [[[-97.74449763378507, 30.26228271593289], [-97.74429236621492, 30.26228271593289], [-97.74429236621492, 30.26287728406711], [-97.74449763378507, 30.26287728406711], [-97.74449763378507, 30.26228271593289]]]}}, {"type": "Feature", "properties": {"height_m": 11.9, "name": "", "building": "warehouse", "source": "snapshot"}, "geometry": {"type": "Polygon", "coordinates": [[[-97.74420922583099, 30.26227810448952], [-97.744000774169, 30.26227810448952], [-97.744000774169, 30.26288189551048], [-97.74420922583099, 30.26288189551048], [-97.74420922583099, 30.26227810448952]]]}}, {"type": "Feature", "properties": {"height_m": 17.4, "name": "", "building": "warehouse", "source": "snapshot"}, "geometry": {"type": "Polygon", "coordinates": [[[-97.7444513617275, 30.264233355811726], [-97.74404863827249, 30.264233355811726], [-97.74404863827249, 30.264566644188275], [-97.7444513617275, 30.264566644188275], [-97.7444513617275, 30.264233355811726]]]}}, {"type": "Feature", "properties": {"height_m": 28.2, "name": "", "building": "core", "source": "snapshot"}, "geometry": {"type": "Polygon", "coordinates": [[[-97.74445183644299, 30.26504816355701], [-97.744048163557, 30.26504816355701], [-97.744048163557, 30.26545183644299], [-97.74445183644299, 30.26545183644299], [-97.74445183644299, 30.26504816355701]]]}}, {"type": "Feature", "properties": {"height_m": 29.8, "name": "", "building": "core", "source": "snapshot"}, "geometry": {"type": "Polygon", "coordinates": [[[-97.74446728039284, 30.266820181743856], [-97.74403271960715, 30.266820181743856], [-97.74403271960715, 30.267179818256142], [-97.74446728039284, 30.267179818256142], [-97.74446728039284, 30.266820181743856]]]}}, {"type": "Feature", "properties": {"height_m": 26.6, "name": "", "building": "core", "source": "snapshot"}, "geometry": {"type": "Polygon", "coordinates": [[[-97.74447308072833, 30.267626919271674], [-97.74402691927166, 30.267626919271674], [-97.74402691927166, 30.268073080728325], [-97.74447308072833, 30.268073080728325], [-97.74447308072833, 30.267626919271674]]]}}, {"type": "Feature", "properties": {"height_m": 20.4, "name": "", "building": "core", "source": "snapshot"}, "geometry": {"type": "Polygon", "coordinates": [[[-97.74444837076733, 30.268535831089103], [-97.74405162923266, 30.268535831089103], [-97.74405162923266, 30.2688641689109], [-97.74444837076733, 30.2688641689109], [-97.74444837076733, 30.268535831089103]]]}}, {"type": "Feature", "properties": {"height_m": 33.4, "name": "", "building": "core", "source": "snapshot"}, "geometry": {"type": "Polygon", "coordinates": [[[-97.74445549641538, 30.269344503584612], [-97.7440445035846, 30.269344503584612], [-97.7440445035846, 30.26975549641539], [-97.74445549641538, 30.26975549641539], [-97.74445549641538, 30.269344503584612]]]}}, {"type": "Feature", "properties": {"height_m": 51.5, "name": "", "building": "core", "source": "snapshot"}, "geometry": {"type": "Polygon", "coordinates": [[[-97.74446082375698, 30.27022552516664], [-97.744039176243, 30.27022552516664], [-97.744039176243, 30.27057447483336], [-97.74446082375698, 30.27057447483336], [-97.74446082375698, 30.27022552516664]]]}}, {"type": "Feature", "properties": {"height_m": 14.9, "name": "", "building": "residential", "source": "snapshot"}, "geometry": {"type": "Polygon", "coordinates": [[[-97.74444884475008, 30.271051155249914], [-97.7440511552499, 30.271051155249914], [-97.7440511552499, 30.271448844750086], [-97.74444884475008, 30.271448844750086], [-97.74444884475008, 30.271051155249914]]]}}, {"type": "Feature", "properties": {"height_m": 8.0, "name": "", "building": "residential", "source": "snapshot"}, "geometry": {"type": "Polygon", "coordinates": [[[-97.74446255342524, 30.271937446574757], [-97.74403744657475, 30.271937446574757], [-97.74403744657475, 30.272362553425243], [-97.74446255342524, 30.272362553425243], [-97.74446255342524, 30.271937446574757]]]}}, {"type": "Feature", "properties": {"height_m": 14.8, "name": "", "building": "residential", "source": "snapshot"}, "geometry": {"type": "Polygon", "coordinates": [[[-97.74444632383207, 30.272837525104503], [-97.74405367616792, 30.272837525104503], [-97.74405367616792, 30.273162474895496], [-97.74444632383207, 30.273162474895496], [-97.74444632383207, 30.272837525104503]]]}}, {"type": "Feature", "properties": {"height_m": 14.0, "name": "", "building": "residential", "source": "snapshot"}, "geometry": {"type": "Polygon", "coordinates": [[[-97.74446087257421, 30.273639127425795], [-97.74403912742578, 30.273639127425795], [-97.74403912742578, 30.274060872574204], [-97.74446087257421, 30.274060872574204], [-97.74446087257421, 30.273639127425795]]]}}, {"type": "Feature", "properties": {"height_m": 9.8, "name": "", "building": "residential", "source": "snapshot"}, "geometry": {"type": "Polygon", "coordinates": [[[-97.74445285851237, 30.27454714148762], [-97.74404714148761, 30.27454714148762], [-97.74404714148761, 30.274952858512382], [-97.74445285851237, 30.274952858512382], [-97.74445285851237, 30.27454714148762]]]}}, {"type": "Feature", "properties": {"height_m": 8.2, "name": "", "building": "residential", "source": "snapshot"}, "geometry": {"type": "Polygon", "coordinates": [[[-97.74446014113504, 30.27542609009514], [-97.74403985886495, 30.27542609009514], [-97.74403985886495, 30.27577390990486], [-97.74446014113504, 30.27577390990486], [-97.74446014113504, 30.27542609009514]]]}}, {"type": "Feature", "properties": {"height_m": 11.2, "name": "", "building": "residential", "source": "snapshot"}, "geometry": {"type": "Polygon", "coordinates": [[[-97.744449557328, 30.276234849107862], [-97.74405044267199, 30.276234849107862], [-97.74405044267199, 30.27656515089214], [-97.744449557328, 30.27656515089214], [-97.744449557328, 30.276234849107862]]]}}, {"type": "Feature", "properties": {"height_m": 10.4, "name": "", "building": "warehouse", "source": "snapshot"}, "geometry": {"type": "Polygon", "coordinates": [[[-97.74357137341201, 30.262277645579402], [-97.74321862658799, 30.262277645579402], [-97.74321862658799, 30.262882354420597], [-97.74357137341201, 30.262882354420597], [-97.74357137341201, 30.262277645579402]]]}}, {"type": "Feature", "properties": {"height_m": 13.3, "name": "", "building": "warehouse", "source": "snapshot"}, "geometry": {"type": "Polygon", "coordinates": [[[-97.7430975589829, 30.26224989888647], [-97.7427124410171, 30.26224989888647], [-97.7427124410171, 30.26291010111353], [-97.7430975589829, 30.26291010111353], [-97.7430975589829, 30.26224989888647]]]}}, {"type": "Feature", "properties": {"height_m": 16.1, "name": "", "building": "warehouse", "source": "snapshot"}, "geometry": {"type": "Polygon", "coordinates": [[[-97.74353510799959, 30.264211375673668], [-97.74276489200041, 30.264211375673668], [-97.74276489200041, 30.264588624326333], [-97.74353510799959, 30.264588624326333], [-97.74353510799959, 30.264211375673668]]]}}, {"type": "Feature", "properties": {"height_m": 19.9, "name": "", "building": "core", "source": "snapshot"}, "geometry": {"type": "Polygon", "coordinates": [[[-97.74350316516436, 30.26504098388232], [-97.74279683483564, 30.26504098388232], [-97.74279683483564, 30.26545901611768], [-97.74350316516436, 30.26545901611768], [-97.74350316516436, 30.26504098388232]]]}}, {"type": "Feature", "properties": {"height_m": 30.1, "name": "", "building": "core", "source": "snapshot"}, "geometry": {"type": "Polygon", "coordinates": [[[-97.7435215429691, 30.265930107222363], [-97.7427784570309, 30.265930107222363], [-97.7427784570309, 30.266369892777636], [-97.7435215429691, 30.266369892777636], [-97.7435215429691, 30.265930107222363]]]}}, {"type": "Feature", "properties": {"height_m": 45.8, "name": "", "building": "core", "source": "snapshot"}, "geometry": {"type": "Polygon", "coordinates": [[[-97.74350923422315, 30.26682404854376], [-97.74279076577685, 30.26682404854376], [-97.74279076577685, 30.267175951456238], [-97.74350923422315, 30.267175951456238], [-97.74350923422315, 30.26682404854376]]]}}, {"type": "Feature", "properties": {"height_m": 21.0, "name": "", "building": "core", "source": "snapshot"}, "geometry": {"type": "Polygon", "coordinates": [[[-97.74351855804241, 30.26763187381163], [-97.74278144195759, 30.26763187381163], [-97.74278144195759, 30.268068126188368], [-97.74351855804241, 30.268068126188368], [-97.74351855804241, 30.26763187381163]]]}}, {"type": "Feature", "properties": {"height_m": 30.9, "name": "", "building": "core", "source": "snapshot"}, "geometry": {"type": "Polygon", "coordinates": [[[-97.7434636067746, 30.269364395990543], [-97.7428363932254, 30.269364395990543], [-97.7428363932254, 30.26973560400946], [-97.7434636067746, 30.26973560400946], [-97.7434636067746, 30.269364395990543]]]}}, {"type": "Feature", "properties": {"height_m": 42.1, "name": "", "building": "core", "source": "snapshot"}, "geometry": {"type": "Polygon", "coordinates": [[[-97.74347967937085, 30.270238524389786], [-97.74282032062915, 30.270238524389786], [-97.74282032062915, 30.270561475610215], [-97.74347967937085, 30.270561475610215], [-97.74347967937085, 30.270238524389786]]]}}, {"type": "Feature", "properties": {"height_m": 9.6, "name": "", "building": "residential", "source": "snapshot"}, "geometry": {"type": "Polygon", "coordinates": [[[-97.74346730353764, 30.271062208110376], [-97.74283269646236, 30.271062208110376], [-97.74283269646236, 30.271437791889625], [-97.74346730353764, 30.271437791889625], [-97.74346730353764, 30.271062208110376]]]}}, {"type": "Feature", "properties": {"height_m": 13.4, "name": "", "building": "residential", "source": "snapshot"}, "geometry": {"type": "Polygon", "coordinates": [[[-97.74352782275835, 30.272814943955098], [-97.74277217724165, 30.272814943955098], [-97.74277217724165, 30.273185056044902], [-97.74352782275835, 30.273185056044902], [-97.74352782275835, 30.272814943955098]]]}}, {"type": "Feature", "properties": {"height_m": 13.6, "name": "", "building": "residential", "source": "snapshot"}, "geometry": {"type": "Polygon", "coordinates": [[[-97.74352107960624, 30.27363038145753], [-97.74277892039376, 30.27363038145753], [-97.74277892039376, 30.27406961854247], [-97.74352107960624, 30.27406961854247], [-97.74352107960624, 30.27363038145753]]]}}, {"type": "Feature", "properties": {"height_m": 12.9, "name": "", "building": "residential", "source": "snapshot"}, "geometry": {"type": "Polygon", "coordinates": [[[-97.74352476749796, 30.27452819882774], [-97.74277523250204, 30.27452819882774], [-97.74277523250204, 30.274971801172263], [-97.74352476749796, 30.274971801172263], [-97.74352476749796, 30.27452819882774]]]}}, {"type": "Feature", "properties": {"height_m": 14.6, "name": "", "building": "residential", "source": "snapshot"}, "geometry": {"type": "Polygon", "coordinates": [[[-97.74352868183395, 30.275414523183372], [-97.74277131816605, 30.275414523183372], [-97.74277131816605, 30.27578547681663], [-97.74352868183395, 30.27578547681663], [-97.74352868183395, 30.275414523183372]]]}}, {"type": "Feature", "properties": {"height_m": 8.2, "name": "", "building": "residential", "source": "snapshot"}, "geometry": {"type": "Polygon", "coordinates": [[[-97.74352915474189, 30.27621429155499], [-97.74277084525811, 30.27621429155499], [-97.74277084525811, 30.276585708445012], [-97.74352915474189, 30.276585708445012], [-97.74352915474189, 30.27621429155499]]]}}, {"type": "Feature", "properties": {"height_m": 19.5, "name": "", "building": "warehouse", "source": "snapshot"}, "geometry": {"type": "Polygon", "coordinates": [[[-97.74212343654536, 30.262290872879074], [-97.74116656345466, 30.262290872879074], [-97.74116656345466, 30.262869127120926], [-97.74212343654536, 30.262869127120926], [-97.74212343654536, 30.262290872879074]]]}}, {"type": "Feature", "properties": {"height_m": 9.8, "name": "", "building": "warehouse", "source": "snapshot"}, "geometry": {"type": "Polygon", "coordinates": [[[-97.740729509717, 30.26229324592642], [-97.739780490283, 30.26229324592642], [-97.739780490283, 30.26286675407358], [-97.740729509717, 30.26286675407358], [-97.740729509717, 30.26229324592642]]]}}, {"type": "Feature", "properties": {"height_m": 10.1, "name": "", "building": "warehouse", "source": "snapshot"}, "geometry": {"type": "Polygon", "coordinates": [[[-97.74212865998027, 30.263127716270922], [-97.74116134001974, 30.263127716270922], [-97.74116134001974, 30.263712283729074], [-97.74212865998027, 30.263712283729074], [-97.74212865998027, 30.263127716270922]]]}}, {"type": "Feature", "properties": {"height_m": 15.6, "name": "", "building": "warehouse", "source": "snapshot"}, "geometry": {"type": "Polygon", "coordinates": [[[-97.74071540692982, 30.26314176847406], [-97.73979459307017, 30.26314176847406], [-97.73979459307017, 30.263698231525936], [-97.74071540692982, 30.263698231525936], [-97.74071540692982, 30.26314176847406]]]}}, {"type": "Feature", "properties": {"height_m": 17.6, "name": "", "building": "warehouse", "source": "snapshot"}, "geometry": {"type": "Polygon", "coordinates": [[[-97.74209148422636, 30.26420290919833], [-97.74119851577365, 30.26420290919833], [-97.74119851577365, 30.264357090801674], [-97.74209148422636, 30.264357090801674], [-97.74209148422636, 30.26420290919833]]]}}, {"type": "Feature", "properties": {"height_m": 13.1, "name": "", "building": "warehouse", "source": "snapshot"}, "geometry": {"type": "Polygon", "coordinates": [[[-97.74075939159212, 30.26419291080424], [-97.73975060840787, 30.26419291080424], [-97.73975060840787, 30.264367089195762], [-97.74075939159212, 30.264367089195762], [-97.74075939159212, 30.26419291080424]]]}}, {"type": "Feature", "properties": {"height_m": 49.4, "name": "", "building": "core", "source": "snapshot"}, "geometry": {"type": "Polygon", "coordinates": [[[-97.74215847665003, 30.264997871778057], [-97.74113152334998, 30.264997871778057], [-97.74113152334998, 30.265212128221947], [-97.74215847665003, 30.265212128221947], [-97.74215847665003, 30.264997871778057]]]}}, {"type": "Feature", "properties": {"height_m": 53.5, "name": "", "building": "core", "source": "snapshot"}, "geometry": {"type": "Polygon", "coordinates": [[[-97.74079304757274, 30.264992745470437], [-97.73971695242726, 30.264992745470437], [-97.73971695242726, 30.265217254529567], [-97.74079304757274, 30.265217254529567], [-97.74079304757274, 30.264992745470437]]]}}, {"type": "Feature", "properties": {"height_m": 44.2, "name": "", "building": "core", "source": "snapshot"}, "geometry": {"type": "Polygon", "coordinates": [[[-97.74210765726284, 30.265908474384013], [-97.74118234273718, 30.265908474384013], [-97.74118234273718, 30.266101525615987], [-97.74210765726284, 30.266101525615987], [-97.74210765726284, 30.265908474384013]]]}}, {"type": "Feature", "properties": {"height_m": 53.7, "name": "", "building": "core", "source": "snapshot"}, "geometry": {"type": "Polygon", "coordinates": [[[-97.74072755183956, 30.26590641004786], [-97.73978244816044, 30.26590641004786], [-97.73978244816044, 30.266103589952138], [-97.74072755183956, 30.266103589952138], [-97.74072755183956, 30.26590641004786]]]}}, {"type": "Feature", "properties": {"height_m": 18.0, "name": "", "building": "entertainment", "source": "snapshot"}, "geometry": {"type": "Polygon", "coordinates": [[[-97.74210979523146, 30.26679974758594], [-97.74118020476855, 30.26679974758594], [-97.74118020476855, 30.266960252414062], [-97.74210979523146, 30.266960252414062], [-97.74210979523146, 30.26679974758594]]]}}, {"type": "Feature", "properties": {"height_m": 20.5, "name": "", "building": "entertainment", "source": "snapshot"}, "geometry": {"type": "Polygon", "coordinates": [[[-97.74075864135911, 30.266793040340875], [-97.73975135864089, 30.266793040340875], [-97.73975135864089, 30.266966959659126], [-97.74075864135911, 30.266966959659126], [-97.74075864135911, 30.266793040340875]]]}}, {"type": "Feature", "properties": {"height_m": 21.8, "name": "", "building": "entertainment", "source": "snapshot"}, "geometry": {"type": "Polygon", "coordinates": [[[-97.74210525890308, 30.26760897476123], [-97.74118474109693, 30.26760897476123], [-97.74118474109693, 30.267801025238768], [-97.74210525890308, 30.267801025238768], [-97.74210525890308, 30.26760897476123]]]}}, {"type": "Feature", "properties": {"height_m": 35.2, "name": "", "building": "core", "source": "snapshot"}, "geometry": {"type": "Polygon", "coordinates": [[[-97.74216862723648, 30.268489589541907], [-97.74112137276353, 30.268489589541907], [-97.74112137276353, 30.268670410458096], [-97.74216862723648, 30.268670410458096], [-97.74216862723648, 30.268489589541907]]]}}, {"type": "Feature", "properties": {"height_m": 19.1, "name": "", "building": "core", "source": "snapshot"}, "geometry": {"type": "Polygon", "coordinates": [[[-97.74076454036505, 30.268492021807475], [-97.73974545963495, 30.268492021807475], [-97.73974545963495, 30.26866797819253], [-97.74076454036505, 30.26866797819253], [-97.74076454036505, 30.268492021807475]]]}}, {"type": "Feature", "properties": {"height_m": 25.8, "name": "", "building": "core", "source": "snapshot"}, "geometry": {"type": "Polygon", "coordinates": [[[-97.7421750931949, 30.269294405016897], [-97.74111490680511, 30.269294405016897], [-97.74111490680511, 30.26951559498311], [-97.7421750931949, 30.26951559498311], [-97.7421750931949, 30.269294405016897]]]}}, {"type": "Feature", "properties": {"height_m": 50.6, "name": "", "building": "core", "source": "snapshot"}, "geometry": {"type": "Polygon", "coordinates": [[[-97.7407685696756, 30.269297852369842], [-97.7397414303244, 30.269297852369842], [-97.7397414303244, 30.269512147630163], [-97.7407685696756, 30.269512147630163], [-97.7407685696756, 30.269297852369842]]]}}, {"type": "Feature", "properties": {"height_m": 18.4, "name": "", "building": "core", "source": "snapshot"}, "geometry": {"type": "Polygon", "coordinates": [[[-97.74216524900099, 30.270190172834365], [-97.74112475099902, 30.270190172834365], [-97.74112475099902, 30.270369827165638], [-97.74216524900099, 30.270369827165638], [-97.74216524900099, 30.270190172834365]]]}}, {"type": "Feature", "properties": {"height_m": 44.6, "name": "", "building": "core", "source": "snapshot"}, "geometry": {"type": "Polygon", "coordinates": [[[-97.74079512484872, 30.270186741033317], [-97.73971487515128, 30.270186741033317], [-97.73971487515128, 30.270373258966686], [-97.74079512484872, 30.270373258966686], [-97.74079512484872, 30.270186741033317]]]}}, {"type": "Feature", "properties": {"height_m": 13.5, "name": "", "building": "residential", "source": "snapshot"}, "geometry": {"type": "Polygon", "coordinates": [[[-97.74211501133489, 30.271006940081215], [-97.74117498866512, 30.271006940081215], [-97.74117498866512, 30.27120305991879], [-97.74211501133489, 30.27120305991879], [-97.74211501133489, 30.271006940081215]]]}}, {"type": "Feature", "properties": {"height_m": 14.3, "name": "", "building": "residential", "source": "snapshot"}, "geometry": {"type": "Polygon", "coordinates": [[[-97.74075288187582, 30.27100112536404], [-97.73975711812417, 30.27100112536404], [-97.73975711812417, 30.271208874635963], [-97.74075288187582, 30.271208874635963], [-97.74075288187582, 30.27100112536404]]]}}, {"type": "Feature", "properties": {"height_m": 10.4, "name": "", "building": "residential", "source": "snapshot"}, "geometry": {"type": "Polygon", "coordinates": [[[-97.74073193118906, 30.27190549637063], [-97.73977806881093, 30.27190549637063], [-97.73977806881093, 30.27210450362937], [-97.74073193118906, 30.27210450362937], [-97.74073193118906, 30.27190549637063]]]}}, {"type": "Feature", "properties": {"height_m": 12.2, "name": "", "building": "residential", "source": "snapshot"}, "geometry": {"type": "Polygon", "coordinates": [[[-97.74214471259405, 30.2727937186888], [-97.74114528740596, 30.2727937186888], [-97.74114528740596, 30.272966281311202], [-97.74214471259405, 30.272966281311202], [-97.74214471259405, 30.2727937186888]]]}}, {"type": "Feature", "properties": {"height_m": 10.6, "name": "", "building": "residential", "source": "snapshot"}, "geometry": {"type": "Polygon", "coordinates": [[[-97.74072628623072, 30.27279862683786], [-97.73978371376927, 30.27279862683786], [-97.73978371376927, 30.27296137316214], [-97.74072628623072, 30.27296137316214], [-97.74072628623072, 30.27279862683786]]]}}, {"type": "Feature", "properties": {"height_m": 10.0, "name": "", "building": "residential", "source": "snapshot"}, "geometry": {"type": "Polygon", "coordinates": [[[-97.7421658069625, 30.27359634243229], [-97.7411241930375, 30.27359634243229], [-97.7411241930375, 30.27381365756771], [-97.7421658069625, 30.27381365756771], [-97.7421658069625, 30.27359634243229]]]}}, {"type": "Feature", "properties": {"height_m": 9.0, "name": "", "building": "residential", "source": "snapshot"}, "geometry": {"type": "Polygon", "coordinates": [[[-97.7407839730874, 30.27359463870838], [-97.73972602691259, 30.27359463870838], [-97.73972602691259, 30.273815361291618], [-97.7407839730874, 30.273815361291618], [-97.7407839730874, 30.27359463870838]]]}}, {"type": "Feature", "properties": {"height_m": 9.5, "name": "", "building": "residential", "source": "snapshot"}, "geometry": {"type": "Polygon", "coordinates": [[[-97.74211459173323, 30.274507027624008], [-97.74117540826678, 30.274507027624008], [-97.74117540826678, 30.274702972375994], [-97.74211459173323, 30.274702972375994], [-97.74211459173323, 30.274507027624008]]]}}, {"type": "Feature", "properties": {"height_m": 13.8, "name": "", "building": "residential", "source": "snapshot"}, "geometry": {"type": "Polygon", "coordinates": [[[-97.74075357229728, 30.274500981319274], [-97.73975642770272, 30.274500981319274], [-97.73975642770272, 30.274709018680728], [-97.74075357229728, 30.274709018680728], [-97.74075357229728, 30.274500981319274]]]}}, {"type": "Feature", "properties": {"height_m": 10.3, "name": "", "building": "residential", "source": "snapshot"}, "geometry": {"type": "Polygon", "coordinates": [[[-97.7421393566064, 30.275394643463645], [-97.74115064339361, 30.275394643463645], [-97.74115064339361, 30.275565356536358], [-97.7421393566064, 30.275565356536358], [-97.7421393566064, 30.275394643463645]]]}}, {"type": "Feature", "properties": {"height_m": 9.4, "name": "", "building": "residential", "source": "snapshot"}, "geometry": {"type": "Polygon", "coordinates": [[[-97.74217033488021, 30.276189294696945], [-97.7411196651198, 30.276189294696945], [-97.7411196651198, 30.27637070530306], [-97.74217033488021, 30.27637070530306], [-97.74217033488021, 30.276189294696945]]]}}, {"type": "Feature", "properties": {"height_m": 34.5, "name": "", "building": "campus", "source": "snapshot"}, "geometry": {"type": "Polygon", "coordinates": [[[-97.7421654530442, 30.27699641627136], [-97.74112454695582, 30.27699641627136], [-97.74112454695582, 30.277213583728646], [-97.7421654530442, 30.277213583728646], [-97.7421654530442, 30.27699641627136]]]}}, {"type": "Feature", "properties": {"height_m": 17.5, "name": "", "building": "campus", "source": "snapshot"}, "geometry": {"type": "Polygon", "coordinates": [[[-97.74073134423679, 30.277005618828298], [-97.7397786557632, 30.277005618828298], [-97.7397786557632, 30.277204381171707], [-97.74073134423679, 30.277204381171707], [-97.74073134423679, 30.277005618828298]]]}}, {"type": "Feature", "properties": {"height_m": 15.0, "name": "", "building": "residential", "source": "snapshot"}, "geometry": {"type": "Polygon", "coordinates": [[[-97.73906414828141, 30.262279125357757], [-97.7381758517186, 30.262279125357757], [-97.7381758517186, 30.262880874642242], [-97.73906414828141, 30.262880874642242], [-97.73906414828141, 30.262279125357757]]]}}, {"type": "Feature", "properties": {"height_m": 11.5, "name": "", "building": "residential", "source": "snapshot"}, "geometry": {"type": "Polygon", "coordinates": [[[-97.73782614608412, 30.262277772007533], [-97.73693385391587, 30.262277772007533], [-97.73693385391587, 30.262882227992467], [-97.73782614608412, 30.262882227992467], [-97.73782614608412, 30.262277772007533]]]}}, {"type": "Feature", "properties": {"height_m": 15.5, "name": "", "building": "residential", "source": "snapshot"}, "geometry": {"type": "Polygon", "coordinates": [[[-97.73910502196532, 30.26309143673318], [-97.7381349780347, 30.26309143673318], [-97.7381349780347, 30.263748563266816], [-97.73910502196532, 30.263748563266816], [-97.73910502196532, 30.26309143673318]]]}}, {"type": "Feature", "properties": {"height_m": 11.2, "name": "", "building": "residential", "source": "snapshot"}, "geometry": {"type": "Polygon", "coordinates": [[[-97.73779334324499, 30.26313999328565], [-97.736966656755, 30.26313999328565], [-97.736966656755, 30.263700006714345], [-97.73779334324499, 30.263700006714345], [-97.73779334324499, 30.26313999328565]]]}}, {"type": "Feature", "properties": {"height_m": 9.2, "name": "", "building": "residential", "source": "snapshot"}, "geometry": {"type": "Polygon", "coordinates": [[[-97.73786481435609, 30.264186164963338], [-97.7368951856439, 30.264186164963338], [-97.7368951856439, 30.264373835036665], [-97.73786481435609, 30.264373835036665], [-97.73786481435609, 30.264186164963338]]]}}, {"type": "Feature", "properties": {"height_m": 14.3, "name": "", "building": "residential", "source": "snapshot"}, "geometry": {"type": "Polygon", "coordinates": [[[-97.73905341245845, 30.265903637408915], [-97.73818658754156, 30.265903637408915], [-97.73818658754156, 30.266106362591085], [-97.73905341245845, 30.266106362591085], [-97.73905341245845, 30.265903637408915]]]}}, {"type": "Feature", "properties": {"height_m": 11.6, "name": "", "building": "residential", "source": "snapshot"}, "geometry": {"type": "Polygon", "coordinates": [[[-97.73782120075423, 30.26590181595264], [-97.73693879924576, 30.26590181595264], [-97.73693879924576, 30.26610818404736], [-97.73782120075423, 30.26610818404736], [-97.73782120075423, 30.26590181595264]]]}}, {"type": "Feature", "properties": {"height_m": 23.9, "name": "", "building": "entertainment", "source": "snapshot"}, "geometry": {"type": "Polygon", "coordinates": [[[-97.73902980450009, 30.266800682999985], [-97.73821019549992, 30.266800682999985], [-97.73821019549992, 30.266959317000016], [-97.73902980450009, 30.266959317000016], [-97.73902980450009, 30.266800682999985]]]}}, {"type": "Feature", "properties": {"height_m": 18.9, "name": "", "building": "entertainment", "source": "snapshot"}, "geometry": {"type": "Polygon", "coordinates": [[[-97.73781204445913, 30.26679637849178], [-97.73694795554086, 30.26679637849178], [-97.73694795554086, 30.26696362150822], [-97.73781204445913, 30.26696362150822], [-97.73781204445913, 30.26679637849178]]]}}, {"type": "Feature", "properties": {"height_m": 13.7, "name": "", "building": "entertainment", "source": "snapshot"}, "geometry": {"type": "Polygon", "coordinates": [[[-97.73902167411137, 30.267611060086857], [-97.73821832588864, 30.267611060086857], [-97.73821832588864, 30.267798939913142], [-97.73902167411137, 30.267798939913142], [-97.73902167411137, 30.267611060086857]]]}}, {"type": "Feature", "properties": {"height_m": 13.0, "name": "", "building": "entertainment", "source": "snapshot"}, "geometry": {"type": "Polygon", "coordinates": [[[-97.73780838018324, 30.267604814311984], [-97.73695161981675, 30.267604814311984], [-97.73695161981675, 30.267805185688015], [-97.73780838018324, 30.267805185688015], [-97.73780838018324, 30.267604814311984]]]}}, {"type": "Feature", "properties": {"height_m": 8.0, "name": "", "building": "residential", "source": "snapshot"}, "geometry": {"type": "Polygon", "coordinates": [[[-97.7391028189672, 30.26848655116764], [-97.73813718103281, 30.26848655116764], [-97.73813718103281, 30.268673448832363], [-97.7391028189672, 30.268673448832363], [-97.7391028189672, 30.26848655116764]]]}}, {"type": "Feature", "properties": {"height_m": 10.3, "name": "", "building": "residential", "source": "snapshot"}, "geometry": {"type": "Polygon", "coordinates": [[[-97.73781457555886, 30.268495888601514], [-97.73694542444113, 30.268495888601514], [-97.73694542444113, 30.26866411139849], [-97.73781457555886, 30.26866411139849], [-97.73781457555886, 30.268495888601514]]]}}, {"type": "Feature", "properties": {"height_m": 13.6, "name": "", "building": "residential", "source": "snapshot"}, "geometry": {"type": "Polygon", "coordinates": [[[-97.73904405310783, 30.2693058262893], [-97.73819594689218, 30.2693058262893], [-97.73819594689218, 30.269504173710704], [-97.73904405310783, 30.269504173710704], [-97.73904405310783, 30.2693058262893]]]}}, {"type": "Feature", "properties": {"height_m": 15.4, "name": "", "building": "residential", "source": "snapshot"}, "geometry": {"type": "Polygon", "coordinates": [[[-97.73780587320243, 30.269305400622013], [-97.73695412679756, 30.269305400622013], [-97.73695412679756, 30.269504599377992], [-97.73780587320243, 30.269504599377992], [-97.73780587320243, 30.269305400622013]]]}}, {"type": "Feature", "properties": {"height_m": 13.3, "name": "", "building": "residential", "source": "snapshot"}, "geometry": {"type": "Polygon", "coordinates": [[[-97.73905166960535, 30.27019645104413], [-97.73818833039466, 30.27019645104413], [-97.73818833039466, 30.270363548955874], [-97.73905166960535, 30.270363548955874], [-97.73905166960535, 30.27019645104413]]]}}, {"type": "Feature", "properties": {"height_m": 12.4, "name": "", "building": "residential", "source": "snapshot"}, "geometry": {"type": "Polygon", "coordinates": [[[-97.73783026207614, 30.270192852501392], [-97.73692973792384, 30.270192852501392], [-97.73692973792384, 30.27036714749861], [-97.73783026207614, 30.27036714749861], [-97.73783026207614, 30.270192852501392]]]}}, {"type": "Feature", "properties": {"height_m": 14.6, "name": "", "building": "residential", "source": "snapshot"}, "geometry": {"type": "Polygon", "coordinates": [[[-97.7390253177356, 30.271010207948937], [-97.73821468226441, 30.271010207948937], [-97.73821468226441, 30.271199792051068], [-97.7390253177356, 30.271199792051068], [-97.7390253177356, 30.271010207948937]]]}}, {"type": "Feature", "properties": {"height_m": 14.0, "name": "", "building": "residential", "source": "snapshot"}, "geometry": {"type": "Polygon", "coordinates": [[[-97.73908119210144, 30.271897140556923], [-97.73815880789857, 30.271897140556923], [-97.73815880789857, 30.272112859443077], [-97.73908119210144, 30.272112859443077], [-97.73908119210144, 30.271897140556923]]]}}, {"type": "Feature", "properties": {"height_m": 9.0, "name": "", "building": "residential", "source": "snapshot"}, "geometry": {"type": "Polygon", "coordinates": [[[-97.73784295921529, 30.271896727280296], [-97.7369170407847, 30.271896727280296], [-97.7369170407847, 30.272113272719704], [-97.73784295921529, 30.272113272719704], [-97.73784295921529, 30.271896727280296]]]}}, {"type": "Feature", "properties": {"height_m": 15.5, "name": "", "building": "residential", "source": "snapshot"}, "geometry": {"type": "Polygon", "coordinates": [[[-97.73904472476731, 30.27279779520633], [-97.7381952752327, 30.27279779520633], [-97.7381952752327, 30.27296220479367], [-97.73904472476731, 30.27296220479367], [-97.73904472476731, 30.27279779520633]]]}}, {"type": "Feature", "properties": {"height_m": 8.6, "name": "", "building": "residential", "source": "snapshot"}, "geometry": {"type": "Polygon", "coordinates": [[[-97.7378238770446, 30.27279408831395], [-97.73693612295538, 30.27279408831395], [-97.73693612295538, 30.27296591168605], [-97.7378238770446, 30.27296591168605], [-97.7378238770446, 30.27279408831395]]]}}, {"type": "Feature", "properties": {"height_m": 16.0, "name": "", "building": "civic", "source": "snapshot"}, "geometry": {"type": "Polygon", "coordinates": [[[-97.73783982409275, 30.2761910017885], [-97.73692017590724, 30.2761910017885], [-97.73692017590724, 30.276368998211503], [-97.73783982409275, 30.276368998211503], [-97.73783982409275, 30.2761910017885]]]}}, {"type": "Feature", "properties": {"height_m": 26.5, "name": "", "building": "campus", "source": "snapshot"}, "geometry": {"type": "Polygon", "coordinates": [[[-97.7377920558489, 30.277008632099854], [-97.73696794415109, 30.277008632099854], [-97.73696794415109, 30.27720136790015], [-97.7377920558489, 30.27720136790015], [-97.7377920558489, 30.277008632099854]]]}}, {"type": "Feature", "properties": {"height_m": 13.4, "name": "", "building": "residential", "source": "snapshot"}, "geometry": {"type": "Polygon", "coordinates": [[[-97.7363968076965, 30.262311173062265], [-97.7362431923035, 30.262311173062265], [-97.7362431923035, 30.262848826937734], [-97.7363968076965, 30.262848826937734], [-97.7363968076965, 30.262311173062265]]]}}, {"type": "Feature", "properties": {"height_m": 14.1, "name": "", "building": "residential", "source": "snapshot"}, "geometry": {"type": "Polygon", "coordinates": [[[-97.73617407582988, 30.26225073459541], [-97.73598592417011, 30.26225073459541], [-97.73598592417011, 30.26290926540459], [-97.73617407582988, 30.26290926540459], [-97.73617407582988, 30.26225073459541]]]}}, {"type": "Feature", "properties": {"height_m": 15.3, "name": "", "building": "residential", "source": "snapshot"}, "geometry": {"type": "Polygon", "coordinates": [[[-97.73636614565838, 30.26423385434162], [-97.73603385434161, 30.26423385434162], [-97.73603385434161, 30.26456614565838], [-97.73636614565838, 30.26456614565838], [-97.73636614565838, 30.26423385434162]]]}}, {"type": "Feature", "properties": {"height_m": 13.1, "name": "", "building": "residential", "source": "snapshot"}, "geometry": {"type": "Polygon", "coordinates": [[[-97.7363685281335, 30.2650463618387], [-97.7360314718665, 30.2650463618387], [-97.7360314718665, 30.2654536381613], [-97.7363685281335, 30.2654536381613], [-97.7363685281335, 30.2650463618387]]]}}, {"type": "Feature", "properties": {"height_m": 10.8, "name": "", "building": "residential", "source": "snapshot"}, "geometry": {"type": "Polygon", "coordinates": [[[-97.73638631527338, 30.265924869044674], [-97.73601368472661, 30.265924869044674], [-97.73601368472661, 30.266375130955325], [-97.73638631527338, 30.266375130955325], [-97.73638631527338, 30.265924869044674]]]}}, {"type": "Feature", "properties": {"height_m": 22.2, "name": "", "building": "entertainment", "source": "snapshot"}, "geometry": {"type": "Polygon", "coordinates": [[[-97.73636547519365, 30.266834524806345], [-97.73603452480634, 30.266834524806345], [-97.73603452480634, 30.267165475193654], [-97.73636547519365, 30.267165475193654], [-97.73636547519365, 30.266834524806345]]]}}, {"type": "Feature", "properties": {"height_m": 14.7, "name": "", "building": "entertainment", "source": "snapshot"}, "geometry": {"type": "Polygon", "coordinates": [[[-97.73636462774773, 30.267651074804817], [-97.73603537225226, 30.267651074804817], [-97.73603537225226, 30.26804892519518], [-97.73636462774773, 30.26804892519518], [-97.73636462774773, 30.267651074804817]]]}}, {"type": "Feature", "properties": {"height_m": 12.4, "name": "", "building": "residential", "source": "snapshot"}, "geometry": {"type": "Polygon", "coordinates": [[[-97.73636031162275, 30.268539688377253], [-97.73603968837725, 30.268539688377253], [-97.73603968837725, 30.26886031162275], [-97.73636031162275, 30.26886031162275], [-97.73636031162275, 30.268539688377253]]]}}, {"type": "Feature", "properties": {"height_m": 10.6, "name": "", "building": "residential", "source": "snapshot"}, "geometry": {"type": "Polygon", "coordinates": [[[-97.73637827738234, 30.269334581496338], [-97.73602172261765, 30.269334581496338], [-97.73602172261765, 30.269765418503663], [-97.73637827738234, 30.269765418503663], [-97.73637827738234, 30.269334581496338]]]}}, {"type": "Feature", "properties": {"height_m": 12.1, "name": "", "building": "residential", "source": "snapshot"}, "geometry": {"type": "Polygon", "coordinates": [[[-97.73637504969795, 30.27022495030205], [-97.73602495030204, 30.27022495030205], [-97.73602495030204, 30.27057504969795], [-97.73637504969795, 30.27057504969795], [-97.73637504969795, 30.27022495030205]]]}}, {"type": "Feature", "properties": {"height_m": 12.3, "name": "", "building": "residential", "source": "snapshot"}, "geometry": {"type": "Polygon", "coordinates": [[[-97.73636592422609, 30.271049508226813], [-97.7360340757739, 30.271049508226813], [-97.7360340757739, 30.271450491773187], [-97.73636592422609, 30.271450491773187], [-97.73636592422609, 30.271049508226813]]]}}, {"type": "Feature", "properties": {"height_m": 17.8, "name": "", "building": "civic", "source": "snapshot"}, "geometry": {"type": "Polygon", "coordinates": [[[-97.73638284702851, 30.27621715297149], [-97.73601715297148, 30.27621715297149], [-97.73601715297148, 30.27658284702851], [-97.73638284702851, 30.27658284702851], [-97.73638284702851, 30.27621715297149]]]}}, {"type": "Feature", "properties": {"height_m": 30.2, "name": "", "building": "campus", "source": "snapshot"}, "geometry": {"type": "Polygon", "coordinates": [[[-97.73636708528528, 30.277048105280286], [-97.73603291471471, 30.277048105280286], [-97.73603291471471, 30.277451894719714], [-97.73636708528528, 30.277451894719714], [-97.73636708528528, 30.277048105280286]]]}}, {"type": "Feature", "properties": {"height_m": 55.6, "name": "", "building": "rainey", "source": "snapshot"}, "geometry": {"type": "Polygon", "coordinates": [[[-97.73559029489921, 30.262282800837262], [-97.73534970510079, 30.262282800837262], [-97.73534970510079, 30.262877199162737], [-97.73559029489921, 30.262877199162737], [-97.73559029489921, 30.262282800837262]]]}}, {"type": "Feature", "properties": {"height_m": 29.0, "name": "", "building": "rainey", "source": "snapshot"}, "geometry": {"type": "Polygon", "coordinates": [[[-97.73524649462425, 30.262292189751836], [-97.73501350537575, 30.262292189751836], [-97.73501350537575, 30.262867810248164], [-97.73524649462425, 30.262867810248164], [-97.73524649462425, 30.262292189751836]]]}}, {"type": "Feature", "properties": {"height_m": 32.9, "name": "", "building": "rainey", "source": "snapshot"}, "geometry": {"type": "Polygon", "coordinates": [[[-97.73553754754498, 30.264232319380014], [-97.73506245245503, 30.264232319380014], [-97.73506245245503, 30.264567680619987], [-97.73553754754498, 30.264567680619987], [-97.73553754754498, 30.264232319380014]]]}}, {"type": "Feature", "properties": {"height_m": 43.2, "name": "", "building": "rainey", "source": "snapshot"}, "geometry": {"type": "Polygon", "coordinates": [[[-97.73554050721064, 30.265044861496808], [-97.73505949278936, 30.265044861496808], [-97.73505949278936, 30.265455138503192], [-97.73554050721064, 30.265455138503192], [-97.73554050721064, 30.265044861496808]]]}}, {"type": "Feature", "properties": {"height_m": 17.0, "name": "", "building": "entertainment", "source": "snapshot"}, "geometry": {"type": "Polygon", "coordinates": [[[-97.7355220405762, 30.266843265475625], [-97.7350779594238, 30.266843265475625], [-97.7350779594238, 30.267156734524374], [-97.7355220405762, 30.267156734524374], [-97.7355220405762, 30.266843265475625]]]}}, {"type": "Feature", "properties": {"height_m": 13.7, "name": "", "building": "residential", "source": "snapshot"}, "geometry": {"type": "Polygon", "coordinates": [[[-97.73554318284927, 30.26852834151817], [-97.73505681715073, 30.26852834151817], [-97.73505681715073, 30.26887165848183], [-97.73554318284927, 30.26887165848183], [-97.73554318284927, 30.26852834151817]]]}}, {"type": "Feature", "properties": {"height_m": 14.7, "name": "", "building": "residential", "source": "snapshot"}, "geometry": {"type": "Polygon", "coordinates": [[[-97.73555465533028, 30.269332793983008], [-97.73504534466973, 30.269332793983008], [-97.73504534466973, 30.269767206016994], [-97.73555465533028, 30.269767206016994], [-97.73555465533028, 30.269332793983008]]]}}, {"type": "Feature", "properties": {"height_m": 12.4, "name": "", "building": "residential", "source": "snapshot"}, "geometry": {"type": "Polygon", "coordinates": [[[-97.7355561697238, 30.27021917431262], [-97.73504383027621, 30.27021917431262], [-97.73504383027621, 30.270580825687382], [-97.7355561697238, 30.270580825687382], [-97.7355561697238, 30.27021917431262]]]}}, {"type": "Feature", "properties": {"height_m": 12.1, "name": "", "building": "residential", "source": "snapshot"}, "geometry": {"type": "Polygon", "coordinates": [[[-97.73552158472435, 30.271061001264524], [-97.73507841527565, 30.271061001264524], [-97.73507841527565, 30.271438998735476], [-97.73552158472435, 30.271438998735476], [-97.73552158472435, 30.271061001264524]]]}}, {"type": "Feature", "properties": {"height_m": 16.4, "name": "", "building": "civic", "source": "snapshot"}, "geometry": {"type": "Polygon", "coordinates": [[[-97.73552453462635, 30.27624150496964], [-97.73507546537365, 30.27624150496964], [-97.73507546537365, 30.27655849503036], [-97.73552453462635, 30.27655849503036], [-97.73552453462635, 30.27624150496964]]]}}, {"type": "Feature", "properties": {"height_m": 33.7, "name": "", "building": "campus", "source": "snapshot"}, "geometry": {"type": "Polygon", "coordinates": [[[-97.7355474379364, 30.277038949995426], [-97.7350525620636, 30.277038949995426], [-97.7350525620636, 30.277461050004575], [-97.7355474379364, 30.277461050004575], [-97.7355474379364, 30.277038949995426]]]}}, {"type": "Feature", "properties": {"height_m": 34.3, "name": "", "building": "rainey", "source": "snapshot"}, "geometry": {"type": "Polygon", "coordinates": [[[-97.73458337598845, 30.262299894616813], [-97.73435662401157, 30.262299894616813], [-97.73435662401157, 30.262860105383186], [-97.73458337598845, 30.262860105383186], [-97.73458337598845, 30.262299894616813]]]}}, {"type": "Feature", "properties": {"height_m": 58.0, "name": "", "building": "rainey", "source": "snapshot"}, "geometry": {"type": "Polygon", "coordinates": [[[-97.73424933308809, 30.262285177076514], [-97.73401066691191, 30.262285177076514], [-97.73401066691191, 30.262874822923486], [-97.73424933308809, 30.262874822923486], [-97.73424933308809, 30.262285177076514]]]}}, {"type": "Feature", "properties": {"height_m": 42.8, "name": "", "building": "rainey", "source": "snapshot"}, "geometry": {"type": "Polygon", "coordinates": [[[-97.73456102163367, 30.264215749435063], [-97.73403897836634, 30.264215749435063], [-97.73403897836634, 30.264584250564937], [-97.73456102163367, 30.264584250564937], [-97.73456102163367, 30.264215749435063]]]}}, {"type": "Feature", "properties": {"height_m": 42.9, "name": "", "building": "rainey", "source": "snapshot"}, "geometry": {"type": "Polygon", "coordinates": [[[-97.73454045221175, 30.265044908407646], [-97.73405954778826, 30.265044908407646], [-97.73405954778826, 30.265455091592354], [-97.73454045221175, 30.265455091592354], [-97.73454045221175, 30.265044908407646]]]}}, {"type": "Feature", "properties": {"height_m": 9.5, "name": "", "building": "residential", "source": "snapshot"}, "geometry": {"type": "Polygon", "coordinates": [[[-97.73455218935514, 30.265934897314736], [-97.73404781064487, 30.265934897314736], [-97.73404781064487, 30.266365102685263], [-97.73455218935514, 30.266365102685263], [-97.73455218935514, 30.265934897314736]]]}}, {"type": "Feature", "properties": {"height_m": 9.9, "name": "", "building": "residential", "source": "snapshot"}, "geometry": {"type": "Polygon", "coordinates": [[[-97.73453943832027, 30.266830984715114], [-97.73406056167974, 30.266830984715114], [-97.73406056167974, 30.267169015284885], [-97.73453943832027, 30.267169015284885], [-97.73453943832027, 30.266830984715114]]]}}, {"type": "Feature", "properties": {"height_m": 14.0, "name": "", "building": "residential", "source": "snapshot"}, "geometry": {"type": "Polygon", "coordinates": [[[-97.73456637398776, 30.26762279865751], [-97.73403362601225, 30.26762279865751], [-97.73403362601225, 30.26807720134249], [-97.73456637398776, 30.26807720134249], [-97.73456637398776, 30.26762279865751]]]}}, {"type": "Feature", "properties": {"height_m": 11.1, "name": "", "building": "residential", "source": "snapshot"}, "geometry": {"type": "Polygon", "coordinates": [[[-97.73452721814598, 30.26853961072049], [-97.73407278185402, 30.26853961072049], [-97.73407278185402, 30.26886038927951], [-97.73452721814598, 30.26886038927951], [-97.73452721814598, 30.26853961072049]]]}}, {"type": "Feature", "properties": {"height_m": 15.8, "name": "", "building": "residential", "source": "snapshot"}, "geometry": {"type": "Polygon", "coordinates": [[[-97.73452674187487, 30.269356602518503], [-97.73407325812514, 30.269356602518503], [-97.73407325812514, 30.2697433974815], [-97.73452674187487, 30.2697433974815], [-97.73452674187487, 30.269356602518503]]]}}, {"type": "Feature", "properties": {"height_m": 12.0, "name": "", "building": "residential", "source": "snapshot"}, "geometry": {"type": "Polygon", "coordinates": [[[-97.73456671199983, 30.27021173270601], [-97.73403328800018, 30.27021173270601], [-97.73403328800018, 30.27058826729399], [-97.73456671199983, 30.27058826729399], [-97.73456671199983, 30.27021173270601]]]}}, {"type": "Feature", "properties": {"height_m": 15.0, "name": "", "building": "residential", "source": "snapshot"}, "geometry": {"type": "Polygon", "coordinates": [[[-97.73452424528404, 30.271058731963635], [-97.73407575471597, 30.271058731963635], [-97.73407575471597, 30.271441268036366], [-97.73452424528404, 30.271441268036366], [-97.73452424528404, 30.271058731963635]]]}}, {"type": "Feature", "properties": {"height_m": 11.7, "name": "", "building": "residential", "source": "snapshot"}, "geometry": {"type": "Polygon", "coordinates": [[[-97.73454177649458, 30.273643778872277], [-97.73405822350543, 30.273643778872277], [-97.73405822350543, 30.274056221127722], [-97.73454177649458, 30.274056221127722], [-97.73454177649458, 30.273643778872277]]]}}, {"type": "Feature", "properties": {"height_m": 13.2, "name": "", "building": "residential", "source": "snapshot"}, "geometry": {"type": "Polygon", "coordinates": [[[-97.7345476910904, 30.27453873406996], [-97.73405230890961, 30.27453873406996], [-97.73405230890961, 30.27496126593004], [-97.7345476910904, 30.27496126593004], [-97.7345476910904, 30.27453873406996]]]}}, {"type": "Feature", "properties": {"height_m": 15.8, "name": "", "building": "residential", "source": "snapshot"}, "geometry": {"type": "Polygon", "coordinates": [[[-97.73454465597936, 30.275427301661637], [-97.73405534402065, 30.275427301661637], [-97.73405534402065, 30.275772698338365], [-97.73454465597936, 30.275772698338365], [-97.73454465597936, 30.275427301661637]]]}}, {"type": "Feature", "properties": {"height_m": 13.2, "name": "", "building": "residential", "source": "snapshot"}, "geometry": {"type": "Polygon", "coordinates": [[[-97.73453327206548, 30.27623533736555], [-97.73406672793453, 30.27623533736555], [-97.73406672793453, 30.276564662634453], [-97.73453327206548, 30.276564662634453], [-97.73453327206548, 30.27623533736555]]]}}, {"type": "Feature", "properties": {"height_m": 32.2, "name": "", "building": "campus", "source": "snapshot"}, "geometry": {"type": "Polygon", "coordinates": [[[-97.73452513059185, 30.27705797684814], [-97.73407486940816, 30.27705797684814], [-97.73407486940816, 30.27744202315186], [-97.73452513059185, 30.27744202315186], [-97.73452513059185, 30.27705797684814]]]}}, {"type": "Feature", "properties": {"height_m": 48.7, "name": "", "building": "rainey", "source": "snapshot"}, "geometry": {"type": "Polygon", "coordinates": [[[-97.73358978766126, 30.262268149652698], [-97.73330021233875, 30.262268149652698], [-97.73330021233875, 30.2628918503473], [-97.73358978766126, 30.2628918503473], [-97.73358978766126, 30.262268149652698]]]}}, {"type": "Feature", "properties": {"height_m": 26.2, "name": "", "building": "rainey", "source": "snapshot"}, "geometry": {"type": "Polygon", "coordinates": [[[-97.73318353279674, 30.2623031601301], [-97.73292646720324, 30.2623031601301], [-97.73292646720324, 30.2628568398699], [-97.73318353279674, 30.2628568398699], [-97.73318353279674, 30.2623031601301]]]}}, {"type": "Feature", "properties": {"height_m": 57.9, "name": "", "building": "rainey", "source": "snapshot"}, "geometry": {"type": "Polygon", "coordinates": [[[-97.73350422564772, 30.2650609604158], [-97.73299577435228, 30.2650609604158], [-97.73299577435228, 30.2654390395842], [-97.73350422564772, 30.2654390395842], [-97.73350422564772, 30.2650609604158]]]}}, {"type": "Feature", "properties": {"height_m": 8.8, "name": "", "building": "residential", "source": "snapshot"}, "geometry": {"type": "Polygon", "coordinates": [[[-97.7335327126689, 30.26593977775903], [-97.73296728733109, 30.26593977775903], [-97.73296728733109, 30.26636022224097], [-97.7335327126689, 30.26636022224097], [-97.7335327126689, 30.26593977775903]]]}}, {"type": "Feature", "properties": {"height_m": 11.5, "name": "", "building": "residential", "source": "snapshot"}, "geometry": {"type": "Polygon", "coordinates": [[[-97.7335070541149, 30.266841812852373], [-97.7329929458851, 30.266841812852373], [-97.7329929458851, 30.267158187147626], [-97.7335070541149, 30.267158187147626], [-97.7335070541149, 30.266841812852373]]]}}, {"type": "Feature", "properties": {"height_m": 8.4, "name": "", "building": "residential", "source": "snapshot"}, "geometry": {"type": "Polygon", "coordinates": [[[-97.73350524969237, 30.2676601989467], [-97.73299475030763, 30.2676601989467], [-97.73299475030763, 30.2680398010533], [-97.73350524969237, 30.2680398010533], [-97.73350524969237, 30.2676601989467]]]}}, {"type": "Feature", "properties": {"height_m": 11.0, "name": "", "building": "residential", "source": "snapshot"}, "geometry": {"type": "Polygon", "coordinates": [[[-97.73354093798511, 30.268520961239936], [-97.73295906201488, 30.268520961239936], [-97.73295906201488, 30.268879038760065], [-97.73354093798511, 30.268879038760065], [-97.73354093798511, 30.268520961239936]]]}}, {"type": "Feature", "properties": {"height_m": 12.5, "name": "", "building": "residential", "source": "snapshot"}, "geometry": {"type": "Polygon", "coordinates": [[[-97.73352702677039, 30.26934400573484], [-97.73297297322961, 30.26934400573484], [-97.73297297322961, 30.26975599426516], [-97.73352702677039, 30.26975599426516], [-97.73352702677039, 30.26934400573484]]]}}, {"type": "Feature", "properties": {"height_m": 8.6, "name": "", "building": "residential", "source": "snapshot"}, "geometry": {"type": "Polygon", "coordinates": [[[-97.73354815595654, 30.270216519411367], [-97.73295184404346, 30.270216519411367], [-97.73295184404346, 30.270583480588634], [-97.73354815595654, 30.270583480588634], [-97.73354815595654, 30.270216519411367]]]}}, {"type": "Feature", "properties": {"height_m": 9.9, "name": "", "building": "residential", "source": "snapshot"}, "geometry": {"type": "Polygon", "coordinates": [[[-97.73352184694345, 30.271047857401033], [-97.73297815305655, 30.271047857401033], [-97.73297815305655, 30.271452142598967], [-97.73352184694345, 30.271452142598967], [-97.73352184694345, 30.271047857401033]]]}}, {"type": "Feature", "properties": {"height_m": 11.7, "name": "", "building": "residential", "source": "snapshot"}, "geometry": {"type": "Polygon", "coordinates": [[[-97.73354972761338, 30.271927125620827], [-97.73295027238662, 30.271927125620827], [-97.73295027238662, 30.272372874379172], [-97.73354972761338, 30.272372874379172], [-97.73354972761338, 30.271927125620827]]]}}, {"type": "Feature", "properties": {"height_m": 8.1, "name": "", "building": "residential", "source": "snapshot"}, "geometry": {"type": "Polygon", "coordinates": [[[-97.73354316338758, 30.272819591761493], [-97.73295683661242, 30.272819591761493], [-97.73295683661242, 30.273180408238506], [-97.73354316338758, 30.273180408238506], [-97.73354316338758, 30.272819591761493]]]}}, {"type": "Feature", "properties": {"height_m": 13.4, "name": "", "building": "residential", "source": "snapshot"}, "geometry": {"type": "Polygon", "coordinates": [[[-97.73350537924873, 30.273660102609927], [-97.73299462075127, 30.273660102609927], [-97.73299462075127, 30.27403989739007], [-97.73350537924873, 30.27403989739007], [-97.73350537924873, 30.273660102609927]]]}}, {"type": "Feature", "properties": {"height_m": 10.8, "name": "", "building": "residential", "source": "snapshot"}, "geometry": {"type": "Polygon", "coordinates": [[[-97.73353225880767, 30.27454011524559], [-97.73296774119233, 30.27454011524559], [-97.73296774119233, 30.274959884754413], [-97.73353225880767, 30.274959884754413], [-97.73353225880767, 30.27454011524559]]]}}, {"type": "Feature", "properties": {"height_m": 11.4, "name": "", "building": "residential", "source": "snapshot"}, "geometry": {"type": "Polygon", "coordinates": [[[-97.73352072208591, 30.275433401793286], [-97.73297927791408, 30.275433401793286], [-97.73297927791408, 30.275766598206715], [-97.73352072208591, 30.275766598206715], [-97.73352072208591, 30.275433401793286]]]}}, {"type": "Feature", "properties": {"height_m": 9.6, "name": "", "building": "residential", "source": "snapshot"}, "geometry": {"type": "Polygon", "coordinates": [[[-97.73350864972038, 30.276240830941305], [-97.73299135027962, 30.276240830941305], [-97.73299135027962, 30.276559169058697], [-97.73350864972038, 30.276559169058697], [-97.73350864972038, 30.276240830941305]]]}}, {"type": "Feature", "properties": {"height_m": 19.7, "name": "", "building": "campus", "source": "snapshot"}, "geometry": {"type": "Polygon", "coordinates": [[[-97.73352983232843, 30.27704191955066], [-97.73297016767157, 30.27704191955066], [-97.73297016767157, 30.277458080449343], [-97.73352983232843, 30.277458080449343], [-97.73352983232843, 30.27704191955066]]]}}, {"type": "Feature", "properties": {"height_m": 57.8, "name": "", "building": "rainey", "source": "snapshot"}, "geometry": {"type": "Polygon", "coordinates": [[[-97.73240818130365, 30.2622844131516], [-97.73178181869635, 30.2622844131516], [-97.73178181869635, 30.2628755868484], [-97.73240818130365, 30.2628755868484], [-97.73240818130365, 30.2622844131516]]]}}, {"type": "Feature", "properties": {"height_m": 46.7, "name": "", "building": "rainey", "source": "snapshot"}, "geometry": {"type": "Polygon", "coordinates": [[[-97.73149127220566, 30.26230981050253], [-97.73091872779433, 30.26230981050253], [-97.73091872779433, 30.26285018949747], [-97.73149127220566, 30.26285018949747], [-97.73149127220566, 30.26230981050253]]]}}, {"type": "Feature", "properties": {"height_m": 47.6, "name": "", "building": "rainey", "source": "snapshot"}, "geometry": {"type": "Polygon", "coordinates": [[[-97.73240877423812, 30.263123853528068], [-97.73178122576188, 30.263123853528068], [-97.73178122576188, 30.26371614647193], [-97.73240877423812, 30.26371614647193], [-97.73240877423812, 30.263123853528068]]]}}, {"type": "Feature", "properties": {"height_m": 45.0, "name": "", "building": "rainey", "source": "snapshot"}, "geometry": {"type": "Polygon", "coordinates": [[[-97.73155327629627, 30.2630912897878], [-97.73085672370372, 30.2630912897878], [-97.73085672370372, 30.263748710212198], [-97.73155327629627, 30.263748710212198], [-97.73155327629627, 30.2630912897878]]]}}, {"type": "Feature", "properties": {"height_m": 34.4, "name": "", "building": "rainey", "source": "snapshot"}, "geometry": {"type": "Polygon", "coordinates": [[[-97.73238619763433, 30.264201474795236], [-97.73180380236568, 30.264201474795236], [-97.73180380236568, 30.264358525204766], [-97.73238619763433, 30.264358525204766], [-97.73238619763433, 30.264201474795236]]]}}, {"type": "Feature", "properties": {"height_m": 36.6, "name": "", "building": "rainey", "source": "snapshot"}, "geometry": {"type": "Polygon", "coordinates": [[[-97.73151602841138, 30.264196127169967], [-97.73089397158861, 30.264196127169967], [-97.73089397158861, 30.264363872830035], [-97.73151602841138, 30.264363872830035], [-97.73151602841138, 30.264196127169967]]]}}, {"type": "Feature", "properties": {"height_m": 47.4, "name": "", "building": "rainey", "source": "snapshot"}, "geometry": {"type": "Polygon", "coordinates": [[[-97.73240510551486, 30.2650039543828], [-97.73178489448514, 30.2650039543828], [-97.73178489448514, 30.265206045617205], [-97.73240510551486, 30.265206045617205], [-97.73240510551486, 30.2650039543828]]]}}, {"type": "Feature", "properties": {"height_m": 52.7, "name": "", "building": "rainey", "source": "snapshot"}, "geometry": {"type": "Polygon", "coordinates": [[[-97.73151254963219, 30.265004787198503], [-97.7308974503678, 30.265004787198503], [-97.7308974503678, 30.2652052128015], [-97.73151254963219, 30.2652052128015], [-97.73151254963219, 30.265004787198503]]]}}, {"type": "Feature", "properties": {"height_m": 13.2, "name": "", "building": "residential", "source": "snapshot"}, "geometry": {"type": "Polygon", "coordinates": [[[-97.73238624780275, 30.265910099030563], [-97.73180375219725, 30.265910099030563], [-97.73180375219725, 30.266099900969436], [-97.73238624780275, 30.266099900969436], [-97.73238624780275, 30.265910099030563]]]}}, {"type": "Feature", "properties": {"height_m": 12.6, "name": "", "building": "residential", "source": "snapshot"}, "geometry": {"type": "Polygon", "coordinates": [[[-97.73152712505205, 30.265900037904387], [-97.73088287494794, 30.265900037904387], [-97.73088287494794, 30.266109962095612], [-97.73152712505205, 30.266109962095612], [-97.73152712505205, 30.265900037904387]]]}}, {"type": "Feature", "properties": {"height_m": 10.4, "name": "", "building": "residential", "source": "snapshot"}, "geometry": {"type": "Polygon", "coordinates": [[[-97.73244053359717, 30.266786822400764], [-97.73174946640283, 30.266786822400764], [-97.73174946640283, 30.266973177599237], [-97.73244053359717, 30.266973177599237], [-97.73244053359717, 30.266786822400764]]]}}, {"type": "Feature", "properties": {"height_m": 9.1, "name": "", "building": "residential", "source": "snapshot"}, "geometry": {"type": "Polygon", "coordinates": [[[-97.7315448260253, 30.266788361521268], [-97.73086517397469, 30.266788361521268], [-97.73086517397469, 30.266971638478733], [-97.7315448260253, 30.266971638478733], [-97.7315448260253, 30.266788361521268]]]}}, {"type": "Feature", "properties": {"height_m": 12.2, "name": "", "building": "residential", "source": "snapshot"}, "geometry": {"type": "Polygon", "coordinates": [[[-97.73238170307046, 30.26761157989839], [-97.73180829692954, 30.26761157989839], [-97.73180829692954, 30.26779842010161], [-97.73238170307046, 30.26779842010161], [-97.73238170307046, 30.26761157989839]]]}}, {"type": "Feature", "properties": {"height_m": 10.1, "name": "", "building": "residential", "source": "snapshot"}, "geometry": {"type": "Polygon", "coordinates": [[[-97.73150111595264, 30.267608512779475], [-97.73090888404735, 30.267608512779475], [-97.73090888404735, 30.267801487220524], [-97.73150111595264, 30.267801487220524], [-97.73150111595264, 30.267608512779475]]]}}, {"type": "Feature", "properties": {"height_m": 14.5, "name": "", "building": "residential", "source": "snapshot"}, "geometry": {"type": "Polygon", "coordinates": [[[-97.73241438665735, 30.26849387326094], [-97.73177561334265, 30.26849387326094], [-97.73177561334265, 30.268666126739063], [-97.73241438665735, 30.268666126739063], [-97.73241438665735, 30.26849387326094]]]}}, {"type": "Feature", "properties": {"height_m": 8.9, "name": "", "building": "residential", "source": "snapshot"}, "geometry": {"type": "Polygon", "coordinates": [[[-97.7315339407568, 30.26849129687457], [-97.73087605924319, 30.26849129687457], [-97.73087605924319, 30.268668703125435], [-97.7315339407568, 30.268668703125435], [-97.7315339407568, 30.26849129687457]]]}}, {"type": "Feature", "properties": {"height_m": 15.7, "name": "", "building": "residential", "source": "snapshot"}, "geometry": {"type": "Polygon", "coordinates": [[[-97.73243715446925, 30.26929351146508], [-97.73175284553075, 30.26929351146508], [-97.73175284553075, 30.269516488534926], [-97.73243715446925, 30.269516488534926], [-97.73243715446925, 30.26929351146508]]]}}, {"type": "Feature", "properties": {"height_m": 15.8, "name": "", "building": "residential", "source": "snapshot"}, "geometry": {"type": "Polygon", "coordinates": [[[-97.73150820853446, 30.26930620171349], [-97.73090179146553, 30.26930620171349], [-97.73090179146553, 30.269503798286514], [-97.73150820853446, 30.269503798286514], [-97.73150820853446, 30.26930620171349]]]}}, {"type": "Feature", "properties": {"height_m": 10.9, "name": "", "building": "residential", "source": "snapshot"}, "geometry": {"type": "Polygon", "coordinates": [[[-97.73239284377476, 30.270199682577594], [-97.73179715622524, 30.270199682577594], [-97.73179715622524, 30.27036031742241], [-97.73239284377476, 30.27036031742241], [-97.73239284377476, 30.270199682577594]]]}}, {"type": "Feature", "properties": {"height_m": 12.3, "name": "", "building": "residential", "source": "snapshot"}, "geometry": {"type": "Polygon", "coordinates": [[[-97.73155562092977, 30.27018545053579], [-97.73085437907022, 30.27018545053579], [-97.73085437907022, 30.27037454946421], [-97.73155562092977, 30.27037454946421], [-97.73155562092977, 30.27018545053579]]]}}, {"type": "Feature", "properties": {"height_m": 13.4, "name": "", "building": "residential", "source": "snapshot"}, "geometry": {"type": "Polygon", "coordinates": [[[-97.73240163870551, 30.271005084017307], [-97.73178836129449, 30.271005084017307], [-97.73178836129449, 30.271204915982697], [-97.73240163870551, 30.271204915982697], [-97.73240163870551, 30.271005084017307]]]}}, {"type": "Feature", "properties": {"height_m": 15.5, "name": "", "building": "residential", "source": "snapshot"}, "geometry": {"type": "Polygon", "coordinates": [[[-97.73150165364514, 30.271008337576305], [-97.73090834635485, 30.271008337576305], [-97.73090834635485, 30.2712016624237], [-97.73150165364514, 30.2712016624237], [-97.73150165364514, 30.271008337576305]]]}}, {"type": "Feature", "properties": {"height_m": 15.1, "name": "", "building": "residential", "source": "snapshot"}, "geometry": {"type": "Polygon", "coordinates": [[[-97.73155487960463, 30.27189099428613], [-97.73085512039536, 30.27189099428613], [-97.73085512039536, 30.27211900571387], [-97.73155487960463, 30.27211900571387], [-97.73155487960463, 30.27189099428613]]]}}, {"type": "Feature", "properties": {"height_m": 9.8, "name": "", "building": "residential", "source": "snapshot"}, "geometry": {"type": "Polygon", "coordinates": [[[-97.7323854566681, 30.27280167460636], [-97.7318045433319, 30.27280167460636], [-97.7318045433319, 30.272958325393642], [-97.7323854566681, 30.272958325393642], [-97.7323854566681, 30.27280167460636]]]}}, {"type": "Feature", "properties": {"height_m": 10.4, "name": "", "building": "residential", "source": "snapshot"}, "geometry": {"type": "Polygon", "coordinates": [[[-97.73238584837513, 30.273610229181134], [-97.73180415162487, 30.273610229181134], [-97.73180415162487, 30.273799770818865], [-97.73238584837513, 30.273799770818865], [-97.73238584837513, 30.273610229181134]]]}}, {"type": "Feature", "properties": {"height_m": 15.6, "name": "", "building": "residential", "source": "snapshot"}, "geometry": {"type": "Polygon", "coordinates": [[[-97.73154721988442, 30.27359349015002], [-97.73086278011557, 30.27359349015002], [-97.73086278011557, 30.27381650984998], [-97.73154721988442, 30.27381650984998], [-97.73154721988442, 30.27359349015002]]]}}, {"type": "Feature", "properties": {"height_m": 8.8, "name": "", "building": "residential", "source": "snapshot"}, "geometry": {"type": "Polygon", "coordinates": [[[-97.73241366730669, 30.274501164585462], [-97.73177633269331, 30.274501164585462], [-97.73177633269331, 30.27470883541454], [-97.73241366730669, 30.27470883541454], [-97.73241366730669, 30.274501164585462]]]}}, {"type": "Feature", "properties": {"height_m": 11.6, "name": "", "building": "residential", "source": "snapshot"}, "geometry": {"type": "Polygon", "coordinates": [[[-97.73154749442475, 30.27449340069306], [-97.73086250557525, 30.27449340069306], [-97.73086250557525, 30.27471659930694], [-97.73154749442475, 30.27471659930694], [-97.73154749442475, 30.27449340069306]]]}}, {"type": "Feature", "properties": {"height_m": 15.6, "name": "", "building": "residential", "source": "snapshot"}, "geometry": {"type": "Polygon", "coordinates": [[[-97.73239694539689, 30.27539857652219], [-97.73179305460312, 30.27539857652219], [-97.73179305460312, 30.275561423477814], [-97.73239694539689, 30.275561423477814], [-97.73239694539689, 30.27539857652219]]]}}, {"type": "Feature", "properties": {"height_m": 9.2, "name": "", "building": "residential", "source": "snapshot"}, "geometry": {"type": "Polygon", "coordinates": [[[-97.73150700354327, 30.27539856084227], [-97.73090299645672, 30.27539856084227], [-97.73090299645672, 30.275561439157734], [-97.73150700354327, 30.275561439157734], [-97.73150700354327, 30.27539856084227]]]}}, {"type": "Feature", "properties": {"height_m": 11.9, "name": "", "building": "residential", "source": "snapshot"}, "geometry": {"type": "Polygon", "coordinates": [[[-97.73243994030588, 30.276186982389426], [-97.73175005969412, 30.276186982389426], [-97.73175005969412, 30.276373017610577], [-97.73243994030588, 30.276373017610577], [-97.73243994030588, 30.276186982389426]]]}}, {"type": "Feature", "properties": {"height_m": 8.3, "name": "", "building": "residential", "source": "snapshot"}, "geometry": {"type": "Polygon", "coordinates": [[[-97.73149303593819, 30.27620232738746], [-97.7309169640618, 30.27620232738746], [-97.7309169640618, 30.276357672612544], [-97.73149303593819, 30.276357672612544], [-97.73149303593819, 30.27620232738746]]]}}, {"type": "Feature", "properties": {"height_m": 34.0, "name": "", "building": "campus", "source": "snapshot"}, "geometry": {"type": "Polygon", "coordinates": [[[-97.732416954179, 30.277000093582124], [-97.731773045821, 30.277000093582124], [-97.731773045821, 30.27720990641788], [-97.732416954179, 30.27720990641788], [-97.732416954179, 30.277000093582124]]]}}, {"type": "Feature", "properties": {"height_m": 28.7, "name": "", "building": "campus", "source": "snapshot"}, "geometry": {"type": "Polygon", "coordinates": [[[-97.73154991807881, 30.276992610963088], [-97.73086008192118, 30.276992610963088], [-97.73086008192118, 30.277217389036917], [-97.73154991807881, 30.277217389036917], [-97.73154991807881, 30.276992610963088]]]}}, {"type": "Feature", "properties": {"height_m": 36.8, "name": "", "building": "rainey", "source": "snapshot"}, "geometry": {"type": "Polygon", "coordinates": [[[-97.73041503265344, 30.262309804079358], [-97.73032496734656, 30.262309804079358], [-97.73032496734656, 30.26285019592064], [-97.73041503265344, 30.26285019592064], [-97.73041503265344, 30.262309804079358]]]}}, {"type": "Feature", "properties": {"height_m": 29.0, "name": "", "building": "rainey", "source": "snapshot"}, "geometry": {"type": "Polygon", "coordinates": [[[-97.7302833070101, 30.262260157939416], [-97.7301766929899, 30.262260157939416], [-97.7301766929899, 30.262899842060584], [-97.7302833070101, 30.262899842060584], [-97.7302833070101, 30.262260157939416]]]}}, {"type": "Feature", "properties": {"height_m": 46.9, "name": "", "building": "rainey", "source": "snapshot"}, "geometry": {"type": "Polygon", "coordinates": [[[-97.73040105093526, 30.264226769825267], [-97.73019894906474, 30.264226769825267], [-97.73019894906474, 30.264573230174733], [-97.73040105093526, 30.264573230174733], [-97.73040105093526, 30.264226769825267]]]}}, {"type": "Feature", "properties": {"height_m": 25.7, "name": "", "building": "rainey", "source": "snapshot"}, "geometry": {"type": "Polygon", "coordinates": [[[-97.73039805993486, 30.26504687584924], [-97.73020194006514, 30.26504687584924], [-97.73020194006514, 30.26545312415076], [-97.73039805993486, 30.26545312415076], [-97.73039805993486, 30.26504687584924]]]}}, {"type": "Feature", "properties": {"height_m": 9.0, "name": "", "building": "residential", "source": "snapshot"}, "geometry": {"type": "Polygon", "coordinates": [[[-97.73040548505315, 30.265931495247028], [-97.73019451494685, 30.265931495247028], [-97.73019451494685, 30.266368504752972], [-97.73040548505315, 30.266368504752972], [-97.73040548505315, 30.265931495247028]]]}}, {"type": "Feature", "properties": {"height_m": 14.1, "name": "", "building": "residential", "source": "snapshot"}, "geometry": {"type": "Polygon", "coordinates": [[[-97.73040915918679, 30.266812869965502], [-97.73019084081321, 30.266812869965502], [-97.73019084081321, 30.267187130034497], [-97.73040915918679, 30.267187130034497], [-97.73040915918679, 30.266812869965502]]]}}, {"type": "Feature", "properties": {"height_m": 15.0, "name": "", "building": "residential", "source": "snapshot"}, "geometry": {"type": "Polygon", "coordinates": [[[-97.73040606502161, 30.26763029388381], [-97.73019393497839, 30.26763029388381], [-97.73019393497839, 30.26806970611619], [-97.73040606502161, 30.26806970611619], [-97.73040606502161, 30.26763029388381]]]}}, {"type": "Feature", "properties": {"height_m": 15.2, "name": "", "building": "residential", "source": "snapshot"}, "geometry": {"type": "Polygon", "coordinates": [[[-97.73040750136222, 30.268515711950478], [-97.73019249863778, 30.268515711950478], [-97.73019249863778, 30.268884288049524], [-97.73040750136222, 30.268884288049524], [-97.73040750136222, 30.268515711950478]]]}}, {"type": "Feature", "properties": {"height_m": 9.0, "name": "", "building": "residential", "source": "snapshot"}, "geometry": {"type": "Polygon", "coordinates": [[[-97.73040756155241, 30.27021560876729], [-97.73019243844759, 30.27021560876729], [-97.73019243844759, 30.27058439123271], [-97.73040756155241, 30.27058439123271], [-97.73040756155241, 30.27021560876729]]]}}, {"type": "Feature", "properties": {"height_m": 13.3, "name": "", "building": "residential", "source": "snapshot"}, "geometry": {"type": "Polygon", "coordinates": [[[-97.73040693556047, 30.27102849062476], [-97.73019306443953, 30.27102849062476], [-97.73019306443953, 30.27147150937524], [-97.73040693556047, 30.27147150937524], [-97.73040693556047, 30.27102849062476]]]}}, {"type": "Feature", "properties": {"height_m": 10.6, "name": "", "building": "residential", "source": "snapshot"}, "geometry": {"type": "Polygon", "coordinates": [[[-97.73040560343627, 30.273631250024863], [-97.73019439656373, 30.273631250024863], [-97.73019439656373, 30.274068749975136], [-97.73040560343627, 30.274068749975136], [-97.73040560343627, 30.273631250024863]]]}}, {"type": "Feature", "properties": {"height_m": 13.9, "name": "", "building": "residential", "source": "snapshot"}, "geometry": {"type": "Polygon", "coordinates": [[[-97.73040949962062, 30.274523179357278], [-97.73019050037938, 30.274523179357278], [-97.73019050037938, 30.274976820642724], [-97.73040949962062, 30.274976820642724], [-97.73040949962062, 30.274523179357278]]]}}, {"type": "Feature", "properties": {"height_m": 11.8, "name": "", "building": "residential", "source": "snapshot"}, "geometry": {"type": "Polygon", "coordinates": [[[-97.73039494102923, 30.275437243949902], [-97.73020505897077, 30.275437243949902], [-97.73020505897077, 30.2757627560501], [-97.73039494102923, 30.2757627560501], [-97.73039494102923, 30.275437243949902]]]}}, {"type": "Feature", "properties": {"height_m": 8.9, "name": "", "building": "residential", "source": "snapshot"}, "geometry": {"type": "Polygon", "coordinates": [[[-97.7303998220029, 30.276228876566474], [-97.7302001779971, 30.276228876566474], [-97.7302001779971, 30.276571123433527], [-97.7303998220029, 30.276571123433527], [-97.7303998220029, 30.276228876566474]]]}}, {"type": "Feature", "properties": {"height_m": 15.9, "name": "", "building": "campus", "source": "snapshot"}, "geometry": {"type": "Polygon", "coordinates": [[[-97.7303907462715, 30.27706202558047], [-97.7302092537285, 30.27706202558047], [-97.7302092537285, 30.27743797441953], [-97.7303907462715, 30.27743797441953], [-97.7303907462715, 30.27706202558047]]]}}]}