{"type": "FeatureCollection", "features": [{"type": "Feature", "properties": {"kind": "street", "radius_m": 6.9, "source": "snapshot"}, "geometry": {"type": "Polygon", "coordinates": [[[-97.75306646998771, 30.26297640917005], [-97.7530801788065, 30.26301284922215], [-97.75311606896, 30.2630353704129], [-97.75316043162945, 30.2630353704129], [-97.75319632178295, 30.26301284922215], [-97.75321003060174, 30.26297640917005], [-97.75319632178295, 30.26293996911795], [-97.75316043162945, 30.2629174479272], [-97.75311606896, 30.2629174479272], [-97.7530801788065, 30.26293996911795], [-97.75306646998771, 30.26297640917005]]]}}, {"type": "Feature", "properties": {"kind": "street", "radius_m": 4.7, "source": "snapshot"}, "geometry": {"type": "Polygon", "coordinates": [[[-97.75320012984112, 30.263342014132082], [-97.75320952528654, 30.263366988604805], [-97.75323412288199, 30.2633824236778], [-97.75326452718204, 30.2633824236778], [-97.7532891247775, 30.263366988604805], [-97.75329852022291, 30.263342014132082], [-97.7532891247775, 30.26331703965936], [-97.75326452718204, 30.263301604586363], [-97.75323412288199, 30.263301604586363], [-97.75320952528654, 30.26331703965936], [-97.75320012984112, 30.263342014132082]]]}}, {"type": "Feature", "properties": {"kind": "street", "radius_m": 5.6, "source": "snapshot"}, "geometry": {"type": "Polygon", "coordinates": [[[-97.75320791594484, 30.263480976538702], [-97.75321911555966, 30.263510746758453], [-97.75324843653192, 30.263529145766114], [-97.7532846792468, 30.263529145766114], [-97.75331400021906, 30.263510746758453], [-97.75332519983388, 30.263480976538702], [-97.75331400021906, 30.26345120631895], [-97.7532846792468, 30.26343280731129], [-97.75324843653192, 30.26343280731129], [-97.75321911555966, 30.26345120631895], [-97.75320791594484, 30.263480976538702]]]}}, {"type": "Feature", "properties": {"kind": "street", "radius_m": 6.8, "source": "snapshot"}, "geometry": {"type": "Polygon", "coordinates": [[[-97.753198201992, 30.264420663508304], [-97.75321166621967, 30.26445645340133], [-97.75324691602532, 30.264478572771672], [-97.75329048718132, 30.264478572771672], [-97.75332573698697, 30.26445645340133], [-97.75333920121463, 30.264420663508304], [-97.75332573698697, 30.264384873615278], [-97.75329048718132, 30.264362754244935], [-97.75324691602532, 30.264362754244935], [-97.75321166621967, 30.264384873615278], [-97.753198201992, 30.264420663508304]]]}}, {"type": "Feature", "properties": {"kind": "street", "radius_m": 5.7, "source": "snapshot"}, "geometry": {"type": "Polygon", "coordinates": [[[-97.75307996374315, 30.26515259310769], [-97.75309125892683, 30.26518261736353], [-97.75312083010165, 30.265201173374127], [-97.7531573820839, 30.265201173374127], [-97.75318695325872, 30.26518261736353], [-97.7531982484424, 30.26515259310769], [-97.75318695325872, 30.26512256885185], [-97.7531573820839, 30.265104012841253], [-97.75312083010165, 30.265104012841253], [-97.75309125892683, 30.26512256885185], [-97.75307996374315, 30.26515259310769]]]}}, {"type": "Feature", "properties": {"kind": "street", "radius_m": 6.8, "source": "snapshot"}, "geometry": {"type": "Polygon", "coordinates": [[[-97.75307921269652, 30.265442986503036], [-97.75309277558702, 30.265479038656387], [-97.75312828369536, 30.265501320112527], [-97.75317217413104, 30.265501320112527], [-97.75320768223938, 30.265479038656387], [-97.75322124512988, 30.265442986503036], [-97.75320768223938, 30.265406934349684], [-97.75317217413104, 30.265384652893545], [-97.75312828369536, 30.265384652893545], [-97.75309277558702, 30.265406934349684], [-97.75307921269652, 30.265442986503036]]]}}, {"type": "Feature", "properties": {"kind": "street", "radius_m": 4.7, "source": "snapshot"}, "geometry": {"type": "Polygon", "coordinates": [[[-97.75320231888745, 30.265505462479567], [-97.75321172442132, 30.26553046376887], [-97.75323634842867, 30.265545915415416], [-97.75326678537563, 30.265545915415416], [-97.75329140938298, 30.26553046376887], [-97.75330081491686, 30.265505462479567], [-97.75329140938298, 30.265480461190265], [-97.75326678537563, 30.265465009543718], [-97.75323634842867, 30.265465009543718], [-97.75321172442132, 30.265480461190265], [-97.75320231888745, 30.265505462479567]]]}}, {"type": "Feature", "properties": {"kind": "street", "radius_m": 7.3, "source": "snapshot"}, "geometry": {"type": "Polygon", "coordinates": [[[-97.75317346205765, 30.265956973649857], [-97.75318804459661, 30.265995736178468], [-97.75322622217931, 30.266019692738638], [-97.75327341226671, 30.266019692738638], [-97.7533115898494, 30.265995736178468], [-97.75332617238837, 30.265956973649857], [-97.7533115898494, 30.265918211121246], [-97.75327341226671, 30.265894254561076], [-97.75322622217931, 30.265894254561076], [-97.75318804459661, 30.265918211121246], [-97.75317346205765, 30.265956973649857]]]}}, {"type": "Feature", "properties": {"kind": "street", "radius_m": 6.8, "source": "snapshot"}, "geometry": {"type": "Polygon", "coordinates": [[[-97.75307835721411, 30.266803718054764], [-97.75309192172215, 30.26683977450773], [-97.75312743406522, 30.26686205862118], [-97.7531713297353, 30.26686205862118], [-97.75320684207837, 30.26683977450773], [-97.75322040658641, 30.266803718054764], [-97.75320684207837, 30.266767661601797], [-97.7531713297353, 30.26674537748835], [-97.75312743406522, 30.26674537748835], [-97.75309192172215, 30.266767661601797], [-97.75307835721411, 30.266803718054764]]]}}, {"type": "Feature", "properties": {"kind": "street", "radius_m": 6.8, "source": "snapshot"}, "geometry": {"type": "Polygon", "coordinates": [[[-97.75306445173422, 30.267905998522775], [-97.75307795642232, 30.267941895965578], [-97.75311331215477, 30.26796408180534], [-97.75315701424347, 30.26796408180534], [-97.75319236997592, 30.267941895965578], [-97.75320587466402, 30.267905998522775], [-97.75319236997592, 30.26787010107997], [-97.75315701424347, 30.26784791524021], [-97.75311331215477, 30.26784791524021], [-97.75307795642232, 30.26787010107997], [-97.75306445173422, 30.267905998522775]]]}}, {"type": "Feature", "properties": {"kind": "street", "radius_m": 5.8, "source": "snapshot"}, "geometry": {"type": "Polygon", "coordinates": [[[-97.75318999630518, 30.26795665958367], [-97.75320149053205, 30.2679872129255], [-97.75323158280868, 30.26800609592922], [-97.75326877890821, 30.26800609592922], [-97.75329887118484, 30.2679872129255], [-97.7533103654117, 30.26795665958367], [-97.75329887118484, 30.26792610624184], [-97.75326877890821, 30.267907223238122], [-97.75323158280868, 30.267907223238122], [-97.75320149053205, 30.26792610624184], [-97.75318999630518, 30.26795665958367]]]}}, {"type": "Feature", "properties": {"kind": "street", "radius_m": 5.4, "source": "snapshot"}, "geometry": {"type": "Polygon", "coordinates": [[[-97.75321925403817, 30.26963453779309], [-97.75323005223744, 30.2696632409914], [-97.75325832229014, 30.269680980543537], [-97.75329326599702, 30.269680980543537], [-97.75332153604971, 30.2696632409914], [-97.75333233424898, 30.26963453779309], [-97.75332153604971, 30.269605834594785], [-97.75329326599702, 30.269588095042646], [-97.75325832229014, 30.269588095042646], [-97.75323005223744, 30.269605834594785], [-97.75321925403817, 30.26963453779309]]]}}, {"type": "Feature", "properties": {"kind": "street", "radius_m": 5.7, "source": "snapshot"}, "geometry": {"type": "Polygon", "coordinates": [[[-97.75307209485122, 30.269909361267683], [-97.75308339624367, 30.269939402027305], [-97.7531129836732, 30.269957968237797], [-97.75314955574741, 30.269957968237797], [-97.75317914317695, 30.269939402027305], [-97.7531904445694, 30.269909361267683], [-97.75317914317695, 30.26987932050806], [-97.75314955574741, 30.269860754297568], [-97.7531129836732, 30.269860754297568], [-97.75308339624367, 30.26987932050806], [-97.75307209485122, 30.269909361267683]]]}}, {"type": "Feature", "properties": {"kind": "street", "radius_m": 5.9, "source": "snapshot"}, "geometry": {"type": "Polygon", "coordinates": [[[-97.75321255227819, 30.270096133775425], [-97.7532242774866, 30.270127301100064], [-97.75325497448073, 30.27014656356603], [-97.7532929180522, 30.27014656356603], [-97.75332361504633, 30.270127301100064], [-97.75333534025474, 30.270096133775425], [-97.75332361504633, 30.270064966450786], [-97.7532929180522, 30.27004570398482], [-97.75325497448073, 30.27004570398482], [-97.7532242774866, 30.270064966450786], [-97.75321255227819, 30.270096133775425]]]}}, {"type": "Feature", "properties": {"kind": "street", "radius_m": 7.1, "source": "snapshot"}, "geometry": {"type": "Polygon", "coordinates": [[[-97.75305947411758, 30.270377487567718], [-97.75307360017938, 30.270415036712986], [-97.75311058268927, 30.27043824336101], [-97.7531562955855, 30.27043824336101], [-97.7531932780954, 30.270415036712986], [-97.7532074041572, 30.270377487567718], [-97.7531932780954, 30.27033993842245], [-97.7531562955855, 30.270316731774425], [-97.75311058268927, 30.270316731774425], [-97.75307360017938, 30.27033993842245], [-97.75305947411758, 30.270377487567718]]]}}, {"type": "Feature", "properties": {"kind": "street", "radius_m": 5.8, "source": "snapshot"}, "geometry": {"type": "Polygon", "coordinates": [[[-97.7530798206484, 30.270531738209495], [-97.75309133220092, 30.270562337605483], [-97.75312146983674, 30.27058124907224], [-97.75315872200329, 30.27058124907224], [-97.75318885963911, 30.270562337605483], [-97.75320037119164, 30.270531738209495], [-97.75318885963911, 30.270501138813508], [-97.75315872200329, 30.27048222734675], [-97.75312146983674, 30.27048222734675], [-97.75309133220092, 30.270501138813508], [-97.7530798206484, 30.270531738209495]]]}}, {"type": "Feature", "properties": {"kind": "street", "radius_m": 6.7, "source": "snapshot"}, "geometry": {"type": "Polygon", "coordinates": [[[-97.75308225886553, 30.271291841775778], [-97.75309549311845, 30.27132702036216], [-97.75313014084239, 30.27134876192422], [-97.75317296778442, 30.27134876192422], [-97.75320761550836, 30.27132702036216], [-97.75322084976128, 30.271291841775778], [-97.75320761550836, 30.271256663189394], [-97.75317296778442, 30.271234921627336], [-97.75313014084239, 30.271234921627336], [-97.75309549311845, 30.271256663189394], [-97.75308225886553, 30.271291841775778]]]}}, {"type": "Feature", "properties": {"kind": "street", "radius_m": 6.0, "source": "snapshot"}, "geometry": {"type": "Polygon", "coordinates": [[[-97.75306964555786, 30.27160826281062], [-97.75308165762108, 30.27164019263746], [-97.75311310561088, 30.2716599263557], [-97.75315197746403, 30.2716599263557], [-97.75318342545383, 30.27164019263746], [-97.75319543751705, 30.27160826281062], [-97.75318342545383, 30.27157633298378], [-97.75315197746403, 30.27155659926554], [-97.75311310561088, 30.27155659926554], [-97.75308165762108, 30.27157633298378], [-97.75306964555786, 30.27160826281062]]]}}, {"type": "Feature", "properties": {"kind": "street", "radius_m": 6.0, "source": "snapshot"}, "geometry": {"type": "Polygon", "coordinates": [[[-97.7530671851532, 30.27191076921875], [-97.75307911288, 30.271942474866993], [-97.75311034007417, 30.271962070035244], [-97.75314893900891, 30.271962070035244], [-97.75318016620308, 30.271942474866993], [-97.75319209392988, 30.27191076921875], [-97.75318016620308, 30.271879063570506], [-97.75314893900891, 30.271859468402255], [-97.75311034007417, 30.271859468402255], [-97.75307911288, 30.271879063570506], [-97.7530671851532, 30.27191076921875]]]}}, {"type": "Feature", "properties": {"kind": "street", "radius_m": 6.8, "source": "snapshot"}, "geometry": {"type": "Polygon", "coordinates": [[[-97.75306093528566, 30.272058708756415], [-97.75307451225265, 30.27209479832714], [-97.75311005721372, 30.272117102908485], [-97.75315399320186, 30.272117102908485], [-97.75318953816293, 30.27209479832714], [-97.75320311512992, 30.272058708756415], [-97.75318953816293, 30.27202261918569], [-97.75315399320186, 30.272000314604345], [-97.75311005721372, 30.272000314604345], [-97.75307451225265, 30.27202261918569], [-97.75306093528566, 30.272058708756415]]]}}, {"type": "Feature", "properties": {"kind": "street", "radius_m": 4.5, "source": "snapshot"}, "geometry": {"type": "Polygon", "coordinates": [[[-97.7532120534757, 30.27209892391135], [-97.75322104571583, 30.27212282660521], [-97.75324458770609, 30.272137599282438], [-97.75327368720639, 30.272137599282438], [-97.75329722919665, 30.27212282660521], [-97.75330622143677, 30.27209892391135], [-97.75329722919665, 30.272075021217493], [-97.75327368720639, 30.272060248540264], [-97.75324458770609, 30.272060248540264], [-97.75322104571583, 30.272075021217493], [-97.7532120534757, 30.27209892391135]]]}}, {"type": "Feature", "properties": {"kind": "street", "radius_m": 5.4, "source": "snapshot"}, "geometry": {"type": "Polygon", "coordinates": [[[-97.75309049889053, 30.2723461166182], [-97.75310121416007, 30.27237459937711], [-97.75312926709991, 30.272392202690206], [-97.75316394244054, 30.272392202690206], [-97.75319199538038, 30.27237459937711], [-97.75320271064992, 30.2723461166182], [-97.75319199538038, 30.272317633859288], [-97.75316394244054, 30.27230003054619], [-97.75312926709991, 30.27230003054619], [-97.75310121416007, 30.272317633859288], [-97.75309049889053, 30.2723461166182]]]}}, {"type": "Feature", "properties": {"kind": "street", "radius_m": 5.1, "source": "snapshot"}, "geometry": {"type": "Polygon", "coordinates": [[[-97.75319384533714, 30.27240936768128], [-97.75320400563363, 30.27243637524041], [-97.75323060563521, 30.272453066829907], [-97.75326348504534, 30.272453066829907], [-97.75329008504691, 30.27243637524041], [-97.75330024534341, 30.27240936768128], [-97.75329008504691, 30.27238236012215], [-97.75326348504534, 30.272365668532654], [-97.75323060563521, 30.272365668532654], [-97.75320400563363, 30.27238236012215], [-97.75319384533714, 30.27240936768128]]]}}, {"type": "Feature", "properties": {"kind": "street", "radius_m": 7.4, "source": "snapshot"}, "geometry": {"type": "Polygon", "coordinates": [[[-97.75319161970815, 30.272700612524346], [-97.75320635231404, 30.272739773952846], [-97.75324492277701, 30.272763977046708], [-97.75329259849119, 30.272763977046708], [-97.75333116895416, 30.272739773952846], [-97.75334590156005, 30.272700612524346], [-97.75333116895416, 30.272661451095846], [-97.75329259849119, 30.272637248001985], [-97.75324492277701, 30.272637248001985], [-97.75320635231404, 30.272661451095846], [-97.75319161970815, 30.272700612524346]]]}}, {"type": "Feature", "properties": {"kind": "street", "radius_m": 4.6, "source": "snapshot"}, "geometry": {"type": "Polygon", "coordinates": [[[-97.75307882002612, 30.273143647979573], [-97.75308788912116, 30.273167754965122], [-97.75311163232026, 30.273182653901557], [-97.75314098052833, 30.273182653901557], [-97.75316472372742, 30.273167754965122], [-97.75317379282247, 30.273143647979573], [-97.75316472372742, 30.273119540994024], [-97.75314098052833, 30.27310464205759], [-97.75311163232026, 30.27310464205759], [-97.75308788912116, 30.273119540994024], [-97.75307882002612, 30.273143647979573]]]}}, {"type": "Feature", "properties": {"kind": "street", "radius_m": 5.6, "source": "snapshot"}, "geometry": {"type": "Polygon", "coordinates": [[[-97.75309097537188, 30.274193527848706], [-97.7531021720857, 30.274223290357217], [-97.75313148546309, 30.274241684599065], [-97.7531677187902, 30.274241684599065], [-97.75319703216758, 30.274223290357217], [-97.7532082288814, 30.274193527848706], [-97.75319703216758, 30.274163765340194], [-97.7531677187902, 30.274145371098346], [-97.75313148546309, 30.274145371098346], [-97.7531021720857, 30.274163765340194], [-97.75309097537188, 30.274193527848706]]]}}, {"type": "Feature", "properties": {"kind": "street", "radius_m": 6.6, "source": "snapshot"}, "geometry": {"type": "Polygon", "coordinates": [[[-97.75305860464857, 30.275113182295], [-97.75307163751214, 30.275147825558935], [-97.7531057579919, 30.275169236273527], [-97.75314793322431, 30.275169236273527], [-97.75318205370408, 30.275147825558935], [-97.75319508656764, 30.275113182295], [-97.75318205370408, 30.275078539031067], [-97.75314793322431, 30.275057128316476], [-97.7531057579919, 30.275057128316476], [-97.75307163751214, 30.275078539031067], [-97.75305860464857, 30.275113182295]]]}}, {"type": "Feature", "properties": {"kind": "street", "radius_m": 5.7, "source": "snapshot"}, "geometry": {"type": "Polygon", "coordinates": [[[-97.75308458551264, 30.275568785696063], [-97.75309583993446, 30.275598701600845], [-97.7531253043933, 30.275617190646805], [-97.75316172446732, 30.275617190646805], [-97.75319118892615, 30.275598701600845], [-97.75320244334797, 30.275568785696063], [-97.75319118892615, 30.27553886979128], [-97.75316172446732, 30.27552038074532], [-97.7531253043933, 30.27552038074532], [-97.75309583993446, 30.27553886979128], [-97.75308458551264, 30.275568785696063]]]}}, {"type": "Feature", "properties": {"kind": "street", "radius_m": 6.3, "source": "snapshot"}, "geometry": {"type": "Polygon", "coordinates": [[[-97.75307189931956, 30.27573418118805], [-97.75308438350532, 30.27576736598585], [-97.75311706752794, 30.275787875318798], [-97.75315746720167, 30.275787875318798], [-97.75319015122429, 30.27576736598585], [-97.75320263541005, 30.27573418118805], [-97.75319015122429, 30.27570099639025], [-97.75315746720167, 30.2756804870573], [-97.75311706752794, 30.2756804870573], [-97.75308438350532, 30.27570099639025], [-97.75307189931956, 30.27573418118805]]]}}, {"type": "Feature", "properties": {"kind": "street", "radius_m": 7.4, "source": "snapshot"}, "geometry": {"type": "Polygon", "coordinates": [[[-97.75319302626338, 30.276099973613753], [-97.75320763152084, 30.276138796531445], [-97.7532458685813, 30.276162790414123], [-97.75329313218731, 30.276162790414123], [-97.75333136924777, 30.276138796531445], [-97.75334597450524, 30.276099973613753], [-97.75333136924777, 30.276061150696062], [-97.75329313218731, 30.276037156813384], [-97.7532458685813, 30.276037156813384], [-97.75320763152084, 30.276061150696062], [-97.75319302626338, 30.276099973613753]]]}}, {"type": "Feature", "properties": {"kind": "street", "radius_m": 6.6, "source": "snapshot"}, "geometry": {"type": "Polygon", "coordinates": [[[-97.7530798929785, 30.27636437057721], [-97.75309301989198, 30.27639926383964], [-97.75312738659765, 30.2764208290618], [-97.753169866182, 30.2764208290618], [-97.75320423288768, 30.27639926383964], [-97.75321735980116, 30.27636437057721], [-97.75320423288768, 30.27632947731478], [-97.753169866182, 30.27630791209262], [-97.75312738659765, 30.27630791209262], [-97.75309301989198, 30.27632947731478], [-97.7530798929785, 30.27636437057721]]]}}, {"type": "Feature", "properties": {"kind": "street", "radius_m": 7.1, "source": "snapshot"}, "geometry": {"type": "Polygon", "coordinates": [[[-97.75305481245117, 30.27701125174513], [-97.75306899645467, 30.277048954907986], [-97.75310613065797, 30.277072256744116], [-97.75315203105752, 30.277072256744116], [-97.75318916526082, 30.277048954907986], [-97.75320334926433, 30.27701125174513], [-97.75318916526082, 30.276973548582273], [-97.75315203105752, 30.276950246746143], [-97.75310613065797, 30.276950246746143], [-97.75306899645467, 30.276973548582273], [-97.75305481245117, 30.27701125174513]]]}}, {"type": "Feature", "properties": {"kind": "street", "radius_m": 6.7, "source": "snapshot"}, "geometry": {"type": "Polygon", "coordinates": [[[-97.75320570925977, 30.277184670654197], [-97.7532190649025, 30.277220171912507], [-97.75325403042908, 30.277242112896783], [-97.7532972501968, 30.277242112896783], [-97.75333221572338, 30.277220171912507], [-97.7533455713661, 30.277184670654197], [-97.75333221572338, 30.277149169395887], [-97.7532972501968, 30.27712722841161], [-97.75325403042908, 30.27712722841161], [-97.7532190649025, 30.277149169395887], [-97.75320570925977, 30.277184670654197]]]}}, {"type": "Feature", "properties": {"kind": "street", "radius_m": 5.6, "source": "snapshot"}, "geometry": {"type": "Polygon", "coordinates": [[[-97.75309323734808, 30.26034995657984], [-97.75310428147249, 30.260379313483234], [-97.75313319536554, 30.260397457047336], [-97.75316893490285, 30.260397457047336], [-97.75319784879589, 30.260379313483234], [-97.7532088929203, 30.26034995657984], [-97.75319784879589, 30.260320599676447], [-97.75316893490285, 30.260302456112345], [-97.75313319536554, 30.260302456112345], [-97.75310428147249, 30.260320599676447], [-97.75309323734808, 30.26034995657984]]]}}, {"type": "Feature", "properties": {"kind": "street", "radius_m": 5.6, "source": "snapshot"}, "geometry": {"type": "Polygon", "coordinates": [[[-97.75319045287873, 30.260419600657368], [-97.75320154975385, 30.260449097779933], [-97.7532306017501, 30.26046732800425], [-97.75326651199235, 30.26046732800425], [-97.7532955639886, 30.260449097779933], [-97.75330666086373, 30.260419600657368], [-97.7532955639886, 30.260390103534803], [-97.75326651199235, 30.260371873310486], [-97.7532306017501, 30.260371873310486], [-97.75320154975385, 30.260390103534803], [-97.75319045287873, 30.260419600657368]]]}}, {"type": "Feature", "properties": {"kind": "street", "radius_m": 7.5, "source": "snapshot"}, "geometry": {"type": "Polygon", "coordinates": [[[-97.75304897898673, 30.26083206844346], [-97.75306392639271, 30.260871800842132], [-97.75310305920964, 30.260896356814964], [-97.75315143003151, 30.260896356814964], [-97.75319056284843, 30.260871800842132], [-97.75320551025442, 30.26083206844346], [-97.75319056284843, 30.260792336044787], [-97.75315143003151, 30.260767780071955], [-97.75310305920964, 30.260767780071955], [-97.75306392639271, 30.260792336044787], [-97.75304897898673, 30.26083206844346]]]}}, {"type": "Feature", "properties": {"kind": "street", "radius_m": 5.6, "source": "snapshot"}, "geometry": {"type": "Polygon", "coordinates": [[[-97.75321356388393, 30.27778775199647], [-97.75322473806214, 30.27781745460201], [-97.75325399244052, 30.277835811821785], [-97.75329015284085, 30.277835811821785], [-97.75331940721922, 30.27781745460201], [-97.75333058139744, 30.27778775199647], [-97.75331940721922, 30.277758049390933], [-97.75329015284085, 30.277739692171156], [-97.75325399244052, 30.277739692171156], [-97.75322473806214, 30.277758049390933], [-97.75321356388393, 30.27778775199647]]]}}, {"type": "Feature", "properties": {"kind": "street", "radius_m": 7.6, "source": "snapshot"}, "geometry": {"type": "Polygon", "coordinates": [[[-97.7502717299619, 30.262349783765657], [-97.75028691984525, 30.262390160704758], [-97.75032668747617, 30.262415115025483], [-97.75037584297128, 30.262415115025483], [-97.7504156106022, 30.262390160704758], [-97.75043080048556, 30.262349783765657], [-97.7504156106022, 30.262309406826557], [-97.75037584297128, 30.26228445250583], [-97.75032668747617, 30.26228445250583], [-97.75028691984525, 30.262309406826557], [-97.7502717299619, 30.262349783765657]]]}}, {"type": "Feature", "properties": {"kind": "street", "radius_m": 5.1, "source": "snapshot"}, "geometry": {"type": "Polygon", "coordinates": [[[-97.75041600691861, 30.26240186412946], [-97.75042614541316, 30.26242881373579], [-97.75045268833647, 30.262445469508485], [-97.75048549719399, 30.262445469508485], [-97.7505120401173, 30.26242881373579], [-97.75052217861185, 30.26240186412946], [-97.7505120401173, 30.262374914523125], [-97.75048549719399, 30.26235825875043], [-97.75045268833647, 30.26235825875043], [-97.75042614541316, 30.262374914523125], [-97.75041600691861, 30.26240186412946]]]}}, {"type": "Feature", "properties": {"kind": "street", "radius_m": 6.3, "source": "snapshot"}, "geometry": {"type": "Polygon", "coordinates": [[[-97.7502737027262, 30.26266760591275], [-97.75028627587464, 30.262701027186427], [-97.7503191928046, 30.262721682669504], [-97.75035988036763, 30.262721682669504], [-97.75039279729758, 30.262701027186427], [-97.75040537044602, 30.26266760591275], [-97.75039279729758, 30.262634184639072], [-97.75035988036763, 30.262613529155995], [-97.7503191928046, 30.262613529155995], [-97.75028627587464, 30.262634184639072], [-97.7502737027262, 30.26266760591275]]]}}, {"type": "Feature", "properties": {"kind": "street", "radius_m": 5.9, "source": "snapshot"}, "geometry": {"type": "Polygon", "coordinates": [[[-97.75027987717186, 30.262819702885167], [-97.75029165789553, 30.26285101777752], [-97.75032250023051, 30.26287037144535], [-97.75036062345313, 30.26287037144535], [-97.75039146578811, 30.26285101777752], [-97.75040324651178, 30.262819702885167], [-97.75039146578811, 30.262788387992813], [-97.75036062345313, 30.262769034324986], [-97.75032250023051, 30.262769034324986], [-97.75029165789553, 30.262788387992813], [-97.75027987717186, 30.262819702885167]]]}}, {"type": "Feature", "properties": {"kind": "street", "radius_m": 6.8, "source": "snapshot"}, "geometry": {"type": "Polygon", "coordinates": [[[-97.75039509168914, 30.262866540293654], [-97.75040853080957, 30.262902263447934], [-97.75044371488359, 30.262924341571463], [-97.75048720479082, 30.262924341571463], [-97.75052238886484, 30.262902263447934], [-97.75053582798526, 30.262866540293654], [-97.75052238886484, 30.262830817139374], [-97.75048720479082, 30.262808739015846], [-97.75044371488359, 30.262808739015846], [-97.75040853080957, 30.262830817139374], [-97.75039509168914, 30.262866540293654]]]}}, {"type": "Feature", "properties": {"kind": "street", "radius_m": 5.5, "source": "snapshot"}, "geometry": {"type": "Polygon", "coordinates": [[[-97.75039260498068, 30.263033952201585], [-97.75040351927976, 30.263062964010224], [-97.75043209328571, 30.263080894294042], [-97.75046741269945, 30.263080894294042], [-97.7504959867054, 30.263062964010224], [-97.75050690100448, 30.263033952201585], [-97.7504959867054, 30.263004940392946], [-97.75046741269945, 30.26298701010913], [-97.75043209328571, 30.26298701010913], [-97.75040351927976, 30.263004940392946], [-97.75039260498068, 30.263033952201585]]]}}, {"type": "Feature", "properties": {"kind": "street", "radius_m": 5.7, "source": "snapshot"}, "geometry": {"type": "Polygon", "coordinates": [[[-97.75027547402021, 30.263902282291568], [-97.75028684490974, 30.263932507784606], [-97.75031661428498, 30.263951188166626], [-97.75035341125643, 30.263951188166626], [-97.75038318063167, 30.263932507784606], [-97.7503945515212, 30.263902282291568], [-97.75038318063167, 30.26387205679853], [-97.75035341125643, 30.26385337641651], [-97.75031661428498, 30.26385337641651], [-97.75028684490974, 30.26387205679853], [-97.75027547402021, 30.263902282291568]]]}}, {"type": "Feature", "properties": {"kind": "street", "radius_m": 5.6, "source": "snapshot"}, "geometry": {"type": "Polygon", "coordinates": [[[-97.75040729715198, 30.26442354003158], [-97.75041838828469, 30.26445302188994], [-97.75044742524707, 30.264471242680457], [-97.75048331690644, 30.264471242680457], [-97.75051235386883, 30.26445302188994], [-97.75052344500153, 30.26442354003158], [-97.75051235386883, 30.26439405817322], [-97.75048331690644, 30.2643758373827], [-97.75044742524707, 30.2643758373827], [-97.75041838828469, 30.26439405817322], [-97.75040729715198, 30.26442354003158]]]}}, {"type": "Feature", "properties": {"kind": "street", "radius_m": 6.8, "source": "snapshot"}, "geometry": {"type": "Polygon", "coordinates": [[[-97.75040030764337, 30.264578241233618], [-97.75041390535522, 30.264614385947198], [-97.75044950462701, 30.264636724608703], [-97.7504935077469, 30.264636724608703], [-97.75052910701869, 30.264614385947198], [-97.75054270473053, 30.264578241233618], [-97.75052910701869, 30.26454209652004], [-97.7504935077469, 30.264519757858533], [-97.75044950462701, 30.264519757858533], [-97.75041390535522, 30.26454209652004], [-97.75040030764337, 30.264578241233618]]]}}, {"type": "Feature", "properties": {"kind": "street", "radius_m": 5.1, "source": "snapshot"}, "geometry": {"type": "Polygon", "coordinates": [[[-97.75028853952007, 30.265900175029547], [-97.75029873157595, 30.2659272670098], [-97.75032541472468, 30.265944010774422], [-97.75035839691039, 30.265944010774422], [-97.75038508005912, 30.2659272670098], [-97.750395272115, 30.265900175029547], [-97.75038508005912, 30.265873083049293], [-97.75035839691039, 30.26585633928467], [-97.75032541472468, 30.26585633928467], [-97.75029873157595, 30.265873083049293], [-97.75028853952007, 30.265900175029547]]]}}, {"type": "Feature", "properties": {"kind": "street", "radius_m": 5.3, "source": "snapshot"}, "geometry": {"type": "Polygon", "coordinates": [[[-97.7502685749418, 30.26606596303272], [-97.75027908875549, 30.266093910292433], [-97.7503066142771, 30.26611118264883], [-97.75034063769291, 30.26611118264883], [-97.75036816321452, 30.266093910292433], [-97.75037867702821, 30.26606596303272], [-97.75036816321452, 30.266038015773006], [-97.75034063769291, 30.266020743416608], [-97.7503066142771, 30.266020743416608], [-97.75027908875549, 30.266038015773006], [-97.7502685749418, 30.26606596303272]]]}}, {"type": "Feature", "properties": {"kind": "street", "radius_m": 4.9, "source": "snapshot"}, "geometry": {"type": "Polygon", "coordinates": [[[-97.75039872591398, 30.266107496449397], [-97.75040836788119, 30.266133126213212], [-97.75043361087906, 30.266148966278372], [-97.7504648129404, 30.266148966278372], [-97.75049005593826, 30.266133126213212], [-97.75049969790547, 30.266107496449397], [-97.75049005593826, 30.26608186668558], [-97.7504648129404, 30.266066026620422], [-97.75043361087906, 30.266066026620422], [-97.75040836788119, 30.26608186668558], [-97.75039872591398, 30.266107496449397]]]}}, {"type": "Feature", "properties": {"kind": "street", "radius_m": 5.0, "source": "snapshot"}, "geometry": {"type": "Polygon", "coordinates": [[[-97.7504057373715, 30.266870500421163], [-97.75041558727294, 30.26689668290467], [-97.75044137464968, 30.266912864569385], [-97.7504732496003, 30.266912864569385], [-97.75049903697705, 30.26689668290467], [-97.75050888687849, 30.266870500421163], [-97.75049903697705, 30.266844317937657], [-97.7504732496003, 30.26682813627294], [-97.75044137464968, 30.26682813627294], [-97.75041558727294, 30.266844317937657], [-97.7504057373715, 30.266870500421163]]]}}, {"type": "Feature", "properties": {"kind": "street", "radius_m": 7.2, "source": "snapshot"}, "geometry": {"type": "Polygon", "coordinates": [[[-97.75037699211461, 30.267035203542612], [-97.75039129188936, 30.267073214442412], [-97.75042872918569, 30.267096706470433], [-97.75047500422885, 30.267096706470433], [-97.75051244152517, 30.267073214442412], [-97.75052674129992, 30.267035203542612], [-97.75051244152517, 30.266997192642812], [-97.75047500422885, 30.26697370061479], [-97.75042872918569, 30.26697370061479], [-97.75039129188936, 30.266997192642812], [-97.75037699211461, 30.267035203542612]]]}}, {"type": "Feature", "properties": {"kind": "street", "radius_m": 6.9, "source": "snapshot"}, "geometry": {"type": "Polygon", "coordinates": [[[-97.75026811329714, 30.2676022190102], [-97.7502817544373, 30.267638479162585], [-97.75031746740586, 30.267660889169193], [-97.75036161106269, 30.267660889169193], [-97.75039732403125, 30.267638479162585], [-97.75041096517141, 30.2676022190102], [-97.75039732403125, 30.267565958857816], [-97.75036161106269, 30.267543548851208], [-97.75031746740586, 30.267543548851208], [-97.7502817544373, 30.267565958857816], [-97.75026811329714, 30.2676022190102]]]}}, {"type": "Feature", "properties": {"kind": "street", "radius_m": 7.1, "source": "snapshot"}, "geometry": {"type": "Polygon", "coordinates": [[[-97.75026528233799, 30.26775239486282], [-97.75027942525765, 30.267789988818777], [-97.75031645190202, 30.267813223161326], [-97.75036221935144, 30.267813223161326], [-97.75039924599582, 30.267789988818777], [-97.75041338891548, 30.26775239486282], [-97.75039924599582, 30.267714800906866], [-97.75036221935144, 30.267691566564316], [-97.75031645190202, 30.267691566564316], [-97.75027942525765, 30.267714800906866], [-97.75026528233799, 30.26775239486282]]]}}, {"type": "Feature", "properties": {"kind": "street", "radius_m": 7.3, "source": "snapshot"}, "geometry": {"type": "Polygon", "coordinates": [[[-97.75026029256821, 30.267904815248375], [-97.75027485323902, 30.26794351964818], [-97.7503129735701, 30.267967440282778], [-97.75036009289063, 30.267967440282778], [-97.75039821322171, 30.26794351964818], [-97.75041277389252, 30.267904815248375], [-97.75039821322171, 30.26786611084857], [-97.75036009289063, 30.267842190213972], [-97.7503129735701, 30.267842190213972], [-97.75027485323902, 30.26786611084857], [-97.75026029256821, 30.267904815248375]]]}}, {"type": "Feature", "properties": {"kind": "street", "radius_m": 6.1, "source": "snapshot"}, "geometry": {"type": "Polygon", "coordinates": [[[-97.75041274643915, 30.268394051468643], [-97.7504248950182, 30.268426344174575], [-97.75045670041106, 30.26844630216443], [-97.7504960140387, 30.26844630216443], [-97.75052781943157, 30.268426344174575], [-97.75053996801061, 30.268394051468643], [-97.75052781943157, 30.268361758762712], [-97.7504960140387, 30.268341800772856], [-97.75045670041106, 30.268341800772856], [-97.7504248950182, 30.268361758762712], [-97.75041274643915, 30.268394051468643]]]}}, {"type": "Feature", "properties": {"kind": "street", "radius_m": 7.9, "source": "snapshot"}, "geometry": {"type": "Polygon", "coordinates": [[[-97.75037674019886, 30.268569284788875], [-97.75039239687534, 30.268610902532597], [-97.75043338658651, 30.26863662371275], [-97.7504840526559, 30.26863662371275], [-97.75052504236707, 30.268610902532597], [-97.75054069904355, 30.268569284788875], [-97.75052504236707, 30.268527667045152], [-97.7504840526559, 30.268501945864998], [-97.75043338658651, 30.268501945864998], [-97.75039239687534, 30.268527667045152], [-97.75037674019886, 30.268569284788875]]]}}, {"type": "Feature", "properties": {"kind": "street", "radius_m": 7.6, "source": "snapshot"}, "geometry": {"type": "Polygon", "coordinates": [[[-97.75037598011576, 30.269202838576764], [-97.75039099612044, 30.26924275332081], [-97.75043030853105, 30.26926742198928], [-97.75047890134293, 30.26926742198928], [-97.75051821375354, 30.26924275332081], [-97.75053322975822, 30.269202838576764], [-97.75051821375354, 30.269162923832717], [-97.75047890134293, 30.269138255164247], [-97.75043030853105, 30.269138255164247], [-97.75039099612044, 30.269162923832717], [-97.75037598011576, 30.269202838576764]]]}}, {"type": "Feature", "properties": {"kind": "street", "radius_m": 5.5, "source": "snapshot"}, "geometry": {"type": "Polygon", "coordinates": [[[-97.75041601696408, 30.269486779762577], [-97.75042693763183, 30.269515808500092], [-97.75045552831119, 30.269533749246524], [-97.7504908683344, 30.269533749246524], [-97.75051945901376, 30.269515808500092], [-97.7505303796815, 30.269486779762577], [-97.75051945901376, 30.26945775102506], [-97.7504908683344, 30.26943981027863], [-97.75045552831119, 30.26943981027863], [-97.75042693763183, 30.26945775102506], [-97.75041601696408, 30.269486779762577]]]}}, {"type": "Feature", "properties": {"kind": "street", "radius_m": 6.0, "source": "snapshot"}, "geometry": {"type": "Polygon", "coordinates": [[[-97.75026221824066, 30.2699148214034], [-97.75027419852012, 30.26994666674433], [-97.75030556329894, 30.269966348247408], [-97.75034433229767, 30.269966348247408], [-97.75037569707649, 30.26994666674433], [-97.75038767735595, 30.2699148214034], [-97.75037569707649, 30.26988297606247], [-97.75034433229767, 30.269863294559393], [-97.75030556329894, 30.269863294559393], [-97.75027419852012, 30.26988297606247], [-97.75026221824066, 30.2699148214034]]]}}, {"type": "Feature", "properties": {"kind": "street", "radius_m": 4.6, "source": "snapshot"}, "geometry": {"type": "Polygon", "coordinates": [[[-97.75029134438726, 30.270372581602324], [-97.75030046860547, 30.270396835113303], [-97.75032435611885, 30.270411824607436], [-97.75035388270919, 30.270411824607436], [-97.75037777022257, 30.270396835113303], [-97.75038689444078, 30.270372581602324], [-97.75037777022257, 30.270348328091345], [-97.75035388270919, 30.27033333859721], [-97.75032435611885, 30.27033333859721], [-97.75030046860547, 30.270348328091345], [-97.75029134438726, 30.270372581602324]]]}}, {"type": "Feature", "properties": {"kind": "street", "radius_m": 8.0, "source": "snapshot"}, "geometry": {"type": "Polygon", "coordinates": [[[-97.75025452376926, 30.270533952760907], [-97.750270376901, 30.270576092711554], [-97.75031188093872, 30.27060213663334], [-97.75036318275072, 30.27060213663334], [-97.75040468678844, 30.270576092711554], [-97.75042053992019, 30.270533952760907], [-97.75040468678844, 30.27049181281026], [-97.75036318275072, 30.270465768888474], [-97.75031188093872, 30.270465768888474], [-97.750270376901, 30.27049181281026], [-97.75025452376926, 30.270533952760907]]]}}, {"type": "Feature", "properties": {"kind": "street", "radius_m": 7.4, "source": "snapshot"}, "geometry": {"type": "Polygon", "coordinates": [[[-97.75037033080652, 30.27059881636151], [-97.75038510388987, 30.27063808538501], [-97.75042378032418, 30.27066235497624], [-97.75047158702611, 30.27066235497624], [-97.75051026346043, 30.27063808538501], [-97.75052503654378, 30.27059881636151], [-97.75051026346043, 30.27055954733801], [-97.75047158702611, 30.27053527774678], [-97.75042378032418, 30.27053527774678], [-97.75038510388987, 30.27055954733801], [-97.75037033080652, 30.27059881636151]]]}}, {"type": "Feature", "properties": {"kind": "street", "radius_m": 6.9, "source": "snapshot"}, "geometry": {"type": "Polygon", "coordinates": [[[-97.75038361216521, 30.271201844788074], [-97.75039739033062, 30.271238469173703], [-97.75043346203597, 30.27126110428884], [-97.75047804911586, 30.27126110428884], [-97.75051412082121, 30.271238469173703], [-97.75052789898662, 30.271201844788074], [-97.75051412082121, 30.271165220402445], [-97.75047804911586, 30.271142585287308], [-97.75043346203597, 30.271142585287308], [-97.75039739033062, 30.271165220402445], [-97.75038361216521, 30.271201844788074]]]}}, {"type": "Feature", "properties": {"kind": "street", "radius_m": 4.5, "source": "snapshot"}, "geometry": {"type": "Polygon", "coordinates": [[[-97.75028418586913, 30.271459437733792], [-97.75029316117399, 30.27148329541125], [-97.75031665882717, 30.27149804026681], [-97.75034570352382, 30.27149804026681], [-97.75036920117701, 30.27148329541125], [-97.75037817648186, 30.271459437733792], [-97.75036920117701, 30.271435580056334], [-97.75034570352382, 30.271420835200775], [-97.75031665882717, 30.271420835200775], [-97.75029316117399, 30.271435580056334], [-97.75028418586913, 30.271459437733792]]]}}, {"type": "Feature", "properties": {"kind": "street", "radius_m": 6.4, "source": "snapshot"}, "geometry": {"type": "Polygon", "coordinates": [[[-97.75038800728974, 30.271502679017377], [-97.75040076159131, 30.27153658182264], [-97.7504341527863, 30.271557534908606], [-97.75047542657315, 30.271557534908606], [-97.75050881776814, 30.27153658182264], [-97.7505215720697, 30.271502679017377], [-97.75050881776814, 30.271468776212114], [-97.75047542657315, 30.27144782312615], [-97.7504341527863, 30.27144782312615], [-97.75040076159131, 30.271468776212114], [-97.75038800728974, 30.271502679017377]]]}}, {"type": "Feature", "properties": {"kind": "street", "radius_m": 4.7, "source": "snapshot"}, "geometry": {"type": "Polygon", "coordinates": [[[-97.75029566390903, 30.272198188148888], [-97.7503049346786, 30.27222283121489], [-97.75032920586841, 30.272238061467263], [-97.75035920670894, 30.272238061467263], [-97.75038347789875, 30.27222283121489], [-97.75039274866832, 30.272198188148888], [-97.75038347789875, 30.272173545082886], [-97.75035920670894, 30.272158314830513], [-97.75032920586841, 30.272158314830513], [-97.7503049346786, 30.272173545082886], [-97.75029566390903, 30.272198188148888]]]}}, {"type": "Feature", "properties": {"kind": "street", "radius_m": 4.9, "source": "snapshot"}, "geometry": {"type": "Polygon", "coordinates": [[[-97.7502775842771, 30.27236181905611], [-97.75028729380166, 30.272387628397297], [-97.750312713667, 30.272403579447378], [-97.75034413434852, 30.272403579447378], [-97.75036955421386, 30.272387628397297], [-97.75037926373842, 30.27236181905611], [-97.75036955421386, 30.27233600971492], [-97.75034413434852, 30.27232005866484], [-97.750312713667, 30.27232005866484], [-97.75028729380166, 30.27233600971492], [-97.7502775842771, 30.27236181905611]]]}}, {"type": "Feature", "properties": {"kind": "street", "radius_m": 5.0, "source": "snapshot"}, "geometry": {"type": "Polygon", "coordinates": [[[-97.7502850839012, 30.272974313036208], [-97.75029502090086, 30.2730007270396], [-97.75032103630376, 30.273017051791477], [-97.75035319311017, 30.273017051791477], [-97.75037920851307, 30.2730007270396], [-97.75038914551273, 30.272974313036208], [-97.75037920851307, 30.272947899032815], [-97.75035319311017, 30.27293157428094], [-97.75032103630376, 30.27293157428094], [-97.75029502090086, 30.272947899032815], [-97.7502850839012, 30.272974313036208]]]}}, {"type": "Feature", "properties": {"kind": "street", "radius_m": 6.0, "source": "snapshot"}, "geometry": {"type": "Polygon", "coordinates": [[[-97.75027204354643, 30.273136992712434], [-97.75028387848627, 30.273168451719325], [-97.75031486276103, 30.273187894454836], [-97.75035316143087, 30.273187894454836], [-97.75038414570562, 30.273168451719325], [-97.75039598064546, 30.273136992712434], [-97.75038414570562, 30.273105533705543], [-97.75035316143087, 30.273086090970033], [-97.75031486276103, 30.273086090970033], [-97.75028387848627, 30.273105533705543], [-97.75027204354643, 30.273136992712434]]]}}, {"type": "Feature", "properties": {"kind": "street", "radius_m": 6.3, "source": "snapshot"}, "geometry": {"type": "Polygon", "coordinates": [[[-97.75025682953434, 30.273616690293505], [-97.75026942570501, 30.273650172763666], [-97.75030240290796, 30.273670866068255], [-97.75034316497253, 30.273670866068255], [-97.75037614217548, 30.273650172763666], [-97.75038873834616, 30.273616690293505], [-97.75037614217548, 30.273583207823343], [-97.75034316497253, 30.273562514518755], [-97.75030240290796, 30.273562514518755], [-97.75026942570501, 30.273583207823343], [-97.75025682953434, 30.273616690293505]]]}}, {"type": "Feature", "properties": {"kind": "street", "radius_m": 7.9, "source": "snapshot"}, "geometry": {"type": "Polygon", "coordinates": [[[-97.75037895651548, 30.27409690616929], [-97.75039471588768, 30.27413879689334], [-97.75043597445978, 30.274164686784616], [-97.75048697285953, 30.274164686784616], [-97.75052823143163, 30.27413879689334], [-97.75054399080383, 30.27409690616929], [-97.75052823143163, 30.274055015445242], [-97.75048697285953, 30.274029125553966], [-97.75043597445978, 30.274029125553966], [-97.75039471588768, 30.274055015445242], [-97.75037895651548, 30.27409690616929]]]}}, {"type": "Feature", "properties": {"kind": "street", "radius_m": 5.7, "source": "snapshot"}, "geometry": {"type": "Polygon", "coordinates": [[[-97.75038795487993, 30.274409138279797], [-97.75039929088027, 30.274439271032282], [-97.75042896891446, 30.274457894097495], [-97.75046565298217, 30.274457894097495], [-97.75049533101637, 30.274439271032282], [-97.75050666701671, 30.274409138279797], [-97.75049533101637, 30.27437900552731], [-97.75046565298217, 30.2743603824621], [-97.75042896891446, 30.2743603824621], [-97.75039929088027, 30.27437900552731], [-97.75038795487993, 30.274409138279797]]]}}, {"type": "Feature", "properties": {"kind": "street", "radius_m": 7.3, "source": "snapshot"}, "geometry": {"type": "Polygon", "coordinates": [[[-97.75037176905012, 30.2753183811798], [-97.75038636368335, 30.275357175856712], [-97.7504245729292, 30.27538115228562], [-97.75047180215444, 30.27538115228562], [-97.7505100114003, 30.275357175856712], [-97.75052460603352, 30.2753183811798], [-97.7505100114003, 30.27527958650289], [-97.75047180215444, 30.27525561007398], [-97.7504245729292, 30.27525561007398], [-97.75038636368335, 30.27527958650289], [-97.75037176905012, 30.2753183811798]]]}}, {"type": "Feature", "properties": {"kind": "street", "radius_m": 6.9, "source": "snapshot"}, "geometry": {"type": "Polygon", "coordinates": [[[-97.75025676589493, 30.275581421377833], [-97.75027053931369, 30.275618033146156], [-97.75030659859213, 30.275640660463367], [-97.7503511703115, 30.275640660463367], [-97.75038722958995, 30.275618033146156], [-97.7504010030087, 30.275581421377833], [-97.75038722958995, 30.27554480960951], [-97.7503511703115, 30.2755221822923], [-97.75030659859213, 30.2755221822923], [-97.75027053931369, 30.27554480960951], [-97.75025676589493, 30.275581421377833]]]}}, {"type": "Feature", "properties": {"kind": "street", "radius_m": 5.5, "source": "snapshot"}, "geometry": {"type": "Polygon", "coordinates": [[[-97.75027149016681, 30.276221341818175], [-97.75028246909257, 30.276250525414028], [-97.75031121229338, 30.27626856186818], [-97.75034674084347, 30.27626856186818], [-97.75037548404428, 30.276250525414028], [-97.75038646297004, 30.276221341818175], [-97.75037548404428, 30.276192158222322], [-97.75034674084347, 30.27617412176817], [-97.75031121229338, 30.27617412176817], [-97.75028246909257, 30.276192158222322], [-97.75027149016681, 30.276221341818175]]]}}, {"type": "Feature", "properties": {"kind": "street", "radius_m": 7.8, "source": "snapshot"}, "geometry": {"type": "Polygon", "coordinates": [[[-97.7502661899849, 30.276365799582297], [-97.75028161794717, 30.27640680937007], [-97.75032200887675, 30.27643215481278], [-97.75037193481138, 30.27643215481278], [-97.75041232574097, 30.27640680937007], [-97.75042775370324, 30.276365799582297], [-97.75041232574097, 30.276324789794526], [-97.75037193481138, 30.276299444351814], [-97.75032200887675, 30.276299444351814], [-97.75028161794717, 30.276324789794526], [-97.7502661899849, 30.276365799582297]]]}}, {"type": "Feature", "properties": {"kind": "street", "radius_m": 5.7, "source": "snapshot"}, "geometry": {"type": "Polygon", "coordinates": [[[-97.75026989193861, 30.277160724692386], [-97.75028131256134, 30.277191082383563], [-97.75031121213979, 30.27720984446853], [-97.75034817005124, 30.27720984446853], [-97.75037806962969, 30.277191082383563], [-97.75038949025242, 30.277160724692386], [-97.75037806962969, 30.27713036700121], [-97.75034817005124, 30.277111604916243], [-97.75031121213979, 30.277111604916243], [-97.75028131256134, 30.27713036700121], [-97.75026989193861, 30.277160724692386]]]}}, {"type": "Feature", "properties": {"kind": "street", "radius_m": 7.6, "source": "snapshot"}, "geometry": {"type": "Polygon", "coordinates": [[[-97.7502701275667, 30.2775937785216], [-97.75028525042673, 30.277633977302898], [-97.75032484258833, 30.277658821516045], [-97.75037378119146, 30.277658821516045], [-97.75041337335306, 30.277633977302898], [-97.75042849621309, 30.2775937785216], [-97.75041337335306, 30.2775535797403], [-97.75037378119146, 30.277528735527152], [-97.75032484258833, 30.277528735527152], [-97.75028525042673, 30.2775535797403], [-97.7502701275667, 30.2775937785216]]]}}, {"type": "Feature", "properties": {"kind": "street", "radius_m": 6.2, "source": "snapshot"}, "geometry": {"type": "Polygon", "coordinates": [[[-97.75025789738552, 30.26052820366773], [-97.75027029516224, 30.26056115877759], [-97.75030275296302, 30.26058152615559], [-97.75034287301119, 30.26058152615559], [-97.75037533081198, 30.26056115877759], [-97.75038772858869, 30.26052820366773], [-97.75037533081198, 30.260495248557866], [-97.75034287301119, 30.260474881179867], [-97.75030275296302, 30.260474881179867], [-97.75027029516224, 30.260495248557866], [-97.75025789738552, 30.26052820366773]]]}}, {"type": "Feature", "properties": {"kind": "street", "radius_m": 6.4, "source": "snapshot"}, "geometry": {"type": "Polygon", "coordinates": [[[-97.75039894118107, 30.261174109511973], [-97.7504116723322, 30.261207950780005], [-97.7504450029186, 30.26122886583387], [-97.75048620178909, 30.26122886583387], [-97.75051953237548, 30.261207950780005], [-97.75053226352661, 30.261174109511973], [-97.75051953237548, 30.261140268243942], [-97.75048620178909, 30.261119353190075], [-97.7504450029186, 30.261119353190075], [-97.7504116723322, 30.261140268243942], [-97.75039894118107, 30.261174109511973]]]}}, {"type": "Feature", "properties": {"kind": "street", "radius_m": 5.6, "source": "snapshot"}, "geometry": {"type": "Polygon", "coordinates": [[[-97.75039134093386, 30.261342033577815], [-97.75040241061124, 30.2613714584048], [-97.75043139140288, 30.261389643947986], [-97.7504672136314, 30.261389643947986], [-97.75049619442304, 30.2613714584048], [-97.75050726410042, 30.261342033577815], [-97.75049619442304, 30.26131260875083], [-97.7504672136314, 30.261294423207644], [-97.75043139140288, 30.261294423207644], [-97.75040241061124, 30.26131260875083], [-97.75039134093386, 30.261342033577815]]]}}, {"type": "Feature", "properties": {"kind": "street", "radius_m": 4.6, "source": "snapshot"}, "geometry": {"type": "Polygon", "coordinates": [[[-97.75028332727541, 30.261751320398247], [-97.75029256054177, 30.261775863775227], [-97.75031673354692, 30.2617910324164], [-97.75034661302453, 30.2617910324164], [-97.75037078602969, 30.261775863775227], [-97.75038001929605, 30.261751320398247], [-97.75037078602969, 30.261726777021266], [-97.75034661302453, 30.261711608380093], [-97.75031673354692, 30.261711608380093], [-97.75029256054177, 30.261726777021266], [-97.75028332727541, 30.261751320398247]]]}}, {"type": "Feature", "properties": {"kind": "street", "radius_m": 7.9, "source": "snapshot"}, "geometry": {"type": "Polygon", "coordinates": [[[-97.75023957049787, 30.277917323497963], [-97.75025532283325, 30.277959195517102], [-97.75029656298271, 30.27798507384811], [-97.75034753861082, 30.27798507384811], [-97.75038877876028, 30.277959195517102], [-97.75040453109567, 30.277917323497963], [-97.75038877876028, 30.277875451478824], [-97.75034753861082, 30.277849573147815], [-97.75029656298271, 30.277849573147815], [-97.75025532283325, 30.277875451478824], [-97.75023957049787, 30.277917323497963]]]}}, {"type": "Feature", "properties": {"kind": "street", "radius_m": 7.3, "source": "snapshot"}, "geometry": {"type": "Polygon", "coordinates": [[[-97.74915733707853, 30.262365296849676], [-97.74917184541242, 30.26240386213027], [-97.74920982872365, 30.262427696784464], [-97.74925677867836, 30.262427696784464], [-97.74929476198959, 30.26240386213027], [-97.74930927032348, 30.262365296849676], [-97.74929476198959, 30.262326731569082], [-97.74925677867836, 30.26230289691489], [-97.74920982872365, 30.26230289691489], [-97.74917184541242, 30.262326731569082], [-97.74915733707853, 30.262365296849676]]]}}, {"type": "Feature", "properties": {"kind": "street", "radius_m": 4.6, "source": "snapshot"}, "geometry": {"type": "Polygon", "coordinates": [[[-97.74931769115928, 30.262712433080495], [-97.74932687189195, 30.262736836815236], [-97.74935090736214, 30.26275191915276], [-97.74938061683717, 30.26275191915276], [-97.74940465230736, 30.262736836815236], [-97.74941383304004, 30.262712433080495], [-97.74940465230736, 30.262688029345753], [-97.74938061683717, 30.26267294700823], [-97.74935090736214, 30.26267294700823], [-97.74932687189195, 30.262688029345753], [-97.74931769115928, 30.262712433080495]]]}}, {"type": "Feature", "properties": {"kind": "street", "radius_m": 5.8, "source": "snapshot"}, "geometry": {"type": "Polygon", "coordinates": [[[-97.74916816274225, 30.262984481397748], [-97.74917976329458, 30.26301531736823], [-97.74921013393487, 30.263034375046065], [-97.74924767411076, 30.263034375046065], [-97.74927804475105, 30.26301531736823], [-97.74928964530338, 30.262984481397748], [-97.74927804475105, 30.262953645427267], [-97.74924767411076, 30.26293458774943], [-97.74921013393487, 30.26293458774943], [-97.74917976329458, 30.262953645427267], [-97.74916816274225, 30.262984481397748]]]}}, {"type": "Feature", "properties": {"kind": "street", "radius_m": 6.4, "source": "snapshot"}, "geometry": {"type": "Polygon", "coordinates": [[[-97.74930453629766, 30.26363131907018], [-97.74931715610951, 30.263664864382076], [-97.74935019520589, 30.263685596524994], [-97.74939103377494, 30.263685596524994], [-97.74942407287132, 30.263664864382076], [-97.74943669268318, 30.26363131907018], [-97.74942407287132, 30.26359777375828], [-97.74939103377494, 30.263577041615363], [-97.74935019520589, 30.263577041615363], [-97.74931715610951, 30.26359777375828], [-97.74930453629766, 30.26363131907018]]]}}, {"type": "Feature", "properties": {"kind": "street", "radius_m": 4.9, "source": "snapshot"}, "geometry": {"type": "Polygon", "coordinates": [[[-97.74918199372277, 30.263904083079087], [-97.74919172125904, 30.263929940298006], [-97.7492171882796, 30.263945920938152], [-97.7492486672482, 30.263945920938152], [-97.74927413426876, 30.263929940298006], [-97.74928386180503, 30.263904083079087], [-97.74927413426876, 30.263878225860168], [-97.7492486672482, 30.26386224522002], [-97.7492171882796, 30.26386224522002], [-97.74919172125904, 30.263878225860168], [-97.74918199372277, 30.263904083079087]]]}}, {"type": "Feature", "properties": {"kind": "street", "radius_m": 5.4, "source": "snapshot"}, "geometry": {"type": "Polygon", "coordinates": [[[-97.74917939058042, 30.264535560709056], [-97.74919013901476, 30.26456413162485], [-97.74921827878116, 30.2645817894219], [-97.74925306144529, 30.2645817894219], [-97.74928120121169, 30.26456413162485], [-97.74929194964602, 30.264535560709056], [-97.74928120121169, 30.26450698979326], [-97.74925306144529, 30.264489331996213], [-97.74921827878116, 30.264489331996213], [-97.74919013901476, 30.26450698979326], [-97.74917939058042, 30.264535560709056]]]}}, {"type": "Feature", "properties": {"kind": "street", "radius_m": 7.7, "source": "snapshot"}, "geometry": {"type": "Polygon", "coordinates": [[[-97.74914193957554, 30.264707275380314], [-97.74915725009741, 30.26474797299431], [-97.74919733356408, 30.26477312550302], [-97.74924687945365, 30.26477312550302], [-97.74928696292032, 30.26474797299431], [-97.7493022734422, 30.264707275380314], [-97.74928696292032, 30.264666577766317], [-97.74924687945365, 30.264641425257608], [-97.74919733356408, 30.264641425257608], [-97.74915725009741, 30.264666577766317], [-97.74914193957554, 30.264707275380314]]]}}, {"type": "Feature", "properties": {"kind": "street", "radius_m": 7.6, "source": "snapshot"}, "geometry": {"type": "Polygon", "coordinates": [[[-97.74914706635647, 30.265163407104485], [-97.74916225312653, 30.26520377576796], [-97.7492020126067, 30.265228724974072], [-97.74925115802694, 30.265228724974072], [-97.74929091750711, 30.26520377576796], [-97.74930610427717, 30.265163407104485], [-97.74929091750711, 30.265123038441008], [-97.74925115802694, 30.265098089234897], [-97.7492020126067, 30.265098089234897], [-97.74916225312653, 30.265123038441008], [-97.74914706635647, 30.265163407104485]]]}}, {"type": "Feature", "properties": {"kind": "street", "radius_m": 7.5, "source": "snapshot"}, "geometry": {"type": "Polygon", "coordinates": [[[-97.749271959615, 30.265207210095014], [-97.74928677681082, 30.265246596375967], [-97.74932556873313, 30.265270938436288], [-97.74937351818605, 30.265270938436288], [-97.74941231010835, 30.265246596375967], [-97.74942712730417, 30.265207210095014], [-97.74941231010835, 30.26516782381406], [-97.74937351818605, 30.26514348175374], [-97.74932556873313, 30.26514348175374], [-97.74928677681082, 30.26516782381406], [-97.749271959615, 30.265207210095014]]]}}, {"type": "Feature", "properties": {"kind": "street", "radius_m": 6.4, "source": "snapshot"}, "geometry": {"type": "Polygon", "coordinates": [[[-97.74917581429314, 30.265449786883618], [-97.74918852248025, 30.265483567109918], [-97.74922179294606, 30.265504444437916], [-97.74926291750344, 30.265504444437916], [-97.74929618796925, 30.265483567109918], [-97.74930889615636, 30.265449786883618], [-97.74929618796925, 30.26541600665732], [-97.74926291750344, 30.26539512932932], [-97.74922179294606, 30.26539512932932], [-97.74918852248025, 30.26541600665732], [-97.74917581429314, 30.265449786883618]]]}}, {"type": "Feature", "properties": {"kind": "street", "radius_m": 7.3, "source": "snapshot"}, "geometry": {"type": "Polygon", "coordinates": [[[-97.74917134843733, 30.266965840290275], [-97.74918578222125, 30.267004207406128], [-97.74922357035815, 30.267027919587775], [-97.7492702790641, 30.267027919587775], [-97.74930806720101, 30.267004207406128], [-97.74932250098493, 30.266965840290275], [-97.74930806720101, 30.266927473174423], [-97.7492702790641, 30.266903760992776], [-97.74922357035815, 30.266903760992776], [-97.74918578222125, 30.266927473174423], [-97.74917134843733, 30.266965840290275]]]}}, {"type": "Feature", "properties": {"kind": "street", "radius_m": 7.3, "source": "snapshot"}, "geometry": {"type": "Polygon", "coordinates": [[[-97.74915984883003, 30.267135354512323], [-97.74917437500203, 30.267173967209253], [-97.74921240501408, 30.267197831168353], [-97.74925941269413, 30.267197831168353], [-97.74929744270618, 30.267173967209253], [-97.74931196887817, 30.267135354512323], [-97.74929744270618, 30.267096741815394], [-97.74925941269413, 30.267072877856293], [-97.74921240501408, 30.267072877856293], [-97.74917437500203, 30.267096741815394], [-97.74915984883003, 30.267135354512323]]]}}, {"type": "Feature", "properties": {"kind": "street", "radius_m": 7.0, "source": "snapshot"}, "geometry": {"type": "Polygon", "coordinates": [[[-97.7492834815516, 30.267651240817887], [-97.74929741821548, 30.267688286515703], [-97.7493339048752, 30.26771118201609], [-97.7493790048669, 30.26771118201609], [-97.74941549152662, 30.267688286515703], [-97.7494294281905, 30.267651240817887], [-97.74941549152662, 30.26761419512007], [-97.7493790048669, 30.267591299619685], [-97.7493339048752, 30.267591299619685], [-97.74929741821548, 30.26761419512007], [-97.7492834815516, 30.267651240817887]]]}}, {"type": "Feature", "properties": {"kind": "street", "radius_m": 6.1, "source": "snapshot"}, "geometry": {"type": "Polygon", "coordinates": [[[-97.74931396041258, 30.26839337100975], [-97.74932602761045, 30.2684254473926], [-97.74935761994466, 30.26844527168744], [-97.74939667021731, 30.26844527168744], [-97.74942826255152, 30.2684254473926], [-97.74944032974939, 30.26839337100975], [-97.74942826255152, 30.2683612946269], [-97.74939667021731, 30.26834147033206], [-97.74935761994466, 30.26834147033206], [-97.74932602761045, 30.2683612946269], [-97.74931396041258, 30.26839337100975]]]}}, {"type": "Feature", "properties": {"kind": "street", "radius_m": 6.7, "source": "snapshot"}, "geometry": {"type": "Polygon", "coordinates": [[[-97.74930410422125, 30.26871591555466], [-97.74931749111924, 30.268751499894062], [-97.74935253847319, 30.26877349222528], [-97.74939585938507, 30.26877349222528], [-97.74943090673902, 30.268751499894062], [-97.74944429363701, 30.26871591555466], [-97.74943090673902, 30.26868033121526], [-97.74939585938507, 30.268658338884045], [-97.74935253847319, 30.268658338884045], [-97.74931749111924, 30.26868033121526], [-97.74930410422125, 30.26871591555466]]]}}, {"type": "Feature", "properties": {"kind": "street", "radius_m": 7.7, "source": "snapshot"}, "geometry": {"type": "Polygon", "coordinates": [[[-97.74914308871851, 30.269006464191897], [-97.74915835914842, 30.269047055235575], [-97.74919833765297, 30.269072141880205], [-97.74924775380224, 30.269072141880205], [-97.74928773230678, 30.269047055235575], [-97.7493030027367, 30.269006464191897], [-97.74928773230678, 30.26896587314822], [-97.74924775380224, 30.268940786503588], [-97.74919833765297, 30.268940786503588], [-97.74915835914842, 30.26896587314822], [-97.74914308871851, 30.269006464191897]]]}}, {"type": "Feature", "properties": {"kind": "street", "radius_m": 5.1, "source": "snapshot"}, "geometry": {"type": "Polygon", "coordinates": [[[-97.7491965234896, 30.26929377006254], [-97.74920660704747, 30.269320573639135], [-97.7492330061447, 30.26933713916049], [-97.74926563722342, 30.26933713916049], [-97.74929203632065, 30.269320573639135], [-97.74930211987852, 30.26929377006254], [-97.74929203632065, 30.269266966485944], [-97.74926563722342, 30.269250400964587], [-97.7492330061447, 30.269250400964587], [-97.74920660704747, 30.269266966485944], [-97.7491965234896, 30.26929377006254]]]}}, {"type": "Feature", "properties": {"kind": "street", "radius_m": 7.8, "source": "snapshot"}, "geometry": {"type": "Polygon", "coordinates": [[[-97.74915000664377, 30.26945954003232], [-97.74916548697897, 30.269500689035024], [-97.74920601502265, 30.269526120517295], [-97.74925611043966, 30.269526120517295], [-97.74929663848334, 30.269500689035024], [-97.74931211881854, 30.26945954003232], [-97.74929663848334, 30.269418391029614], [-97.74925611043966, 30.269392959547343], [-97.74920601502265, 30.269392959547343], [-97.74916548697897, 30.269418391029614], [-97.74915000664377, 30.26945954003232]]]}}, {"type": "Feature", "properties": {"kind": "street", "radius_m": 4.9, "source": "snapshot"}, "geometry": {"type": "Polygon", "coordinates": [[[-97.74931525893412, 30.269792461630665], [-97.74932506796418, 30.269818535472048], [-97.74935074833826, 30.269834649992237], [-97.74938249102632, 30.269834649992237], [-97.7494081714004, 30.269818535472048], [-97.74941798043047, 30.269792461630665], [-97.7494081714004, 30.269766387789282], [-97.74938249102632, 30.269750273269093], [-97.74935074833826, 30.269750273269093], [-97.74932506796418, 30.269766387789282], [-97.74931525893412, 30.269792461630665]]]}}, {"type": "Feature", "properties": {"kind": "street", "radius_m": 5.1, "source": "snapshot"}, "geometry": {"type": "Polygon", "coordinates": [[[-97.74931050709841, 30.270105199118852], [-97.74932061831863, 30.270132076226034], [-97.74934708983683, 30.270148687191792], [-97.74937981043281, 30.270148687191792], [-97.74940628195101, 30.270132076226034], [-97.74941639317123, 30.270105199118852], [-97.74940628195101, 30.27007832201167], [-97.74937981043281, 30.270061711045912], [-97.74934708983683, 30.270061711045912], [-97.74932061831863, 30.27007832201167], [-97.74931050709841, 30.270105199118852]]]}}, {"type": "Feature", "properties": {"kind": "street", "radius_m": 6.6, "source": "snapshot"}, "geometry": {"type": "Polygon", "coordinates": [[[-97.74929852527877, 30.27042182358408], [-97.74931167124129, 30.270456767481626], [-97.74934608781797, 30.270478363998013], [-97.74938862904628, 30.270478363998013], [-97.74942304562296, 30.270456767481626], [-97.74943619158547, 30.27042182358408], [-97.74942304562296, 30.270386879686534], [-97.74938862904628, 30.270365283170147], [-97.74934608781797, 30.270365283170147], [-97.74931167124129, 30.270386879686534], [-97.74929852527877, 30.27042182358408]]]}}, {"type": "Feature", "properties": {"kind": "street", "radius_m": 6.5, "source": "snapshot"}, "geometry": {"type": "Polygon", "coordinates": [[[-97.74928042220128, 30.27120835083175], [-97.74929337094044, 30.271242770480676], [-97.74932727117967, 30.271264042993597], [-97.74936917417979, 30.271264042993597], [-97.74940307441902, 30.271242770480676], [-97.74941602315818, 30.27120835083175], [-97.74940307441902, 30.271173931182823], [-97.74936917417979, 30.2711526586699], [-97.74932727117967, 30.2711526586699], [-97.74929337094044, 30.271173931182823], [-97.74928042220128, 30.27120835083175]]]}}, {"type": "Feature", "properties": {"kind": "street", "radius_m": 6.7, "source": "snapshot"}, "geometry": {"type": "Polygon", "coordinates": [[[-97.7491636226248, 30.271907644390737], [-97.74917692171458, 30.271942995323016], [-97.74921173918364, 30.2719648434007], [-97.74925477594218, 30.2719648434007], [-97.74928959341123, 30.271942995323016], [-97.749302892501, 30.271907644390737], [-97.74928959341123, 30.271872293458458], [-97.74925477594218, 30.271850445380775], [-97.74921173918364, 30.271850445380775], [-97.74917692171458, 30.271872293458458], [-97.7491636226248, 30.271907644390737]]]}}, {"type": "Feature", "properties": {"kind": "street", "radius_m": 7.3, "source": "snapshot"}, "geometry": {"type": "Polygon", "coordinates": [[[-97.74914724833546, 30.27206620508902], [-97.74916178164361, 30.272104836754842], [-97.74919983033828, 30.27212871243736], [-97.74924686111137, 30.27212871243736], [-97.74928490980605, 30.272104836754842], [-97.7492994431142, 30.27206620508902], [-97.74928490980605, 30.272027573423195], [-97.74924686111137, 30.272003697740676], [-97.74919983033828, 30.272003697740676], [-97.74916178164361, 30.272027573423195], [-97.74914724833546, 30.27206620508902]]]}}, {"type": "Feature", "properties": {"kind": "street", "radius_m": 6.0, "source": "snapshot"}, "geometry": {"type": "Polygon", "coordinates": [[[-97.74918811169057, 30.272342390577403], [-97.74920010679908, 30.27237427533611], [-97.74923151040085, 30.272393981200715], [-97.74927032738736, 30.272393981200715], [-97.74930173098913, 30.27237427533611], [-97.74931372609764, 30.272342390577403], [-97.74930173098913, 30.272310505818698], [-97.74927032738736, 30.272290799954092], [-97.74923151040085, 30.272290799954092], [-97.74920010679908, 30.272310505818698], [-97.74918811169057, 30.272342390577403]]]}}, {"type": "Feature", "properties": {"kind": "street", "radius_m": 7.0, "source": "snapshot"}, "geometry": {"type": "Polygon", "coordinates": [[[-97.74916131150604, 30.27281677309368], [-97.74917524464662, 30.27285380942605], [-97.74921172208224, 30.27287669913827], [-97.74925681067228, 30.27287669913827], [-97.74929328810789, 30.27285380942605], [-97.74930722124847, 30.27281677309368], [-97.74929328810789, 30.27277973676131], [-97.74925681067228, 30.27275684704909], [-97.74921172208224, 30.27275684704909], [-97.74917524464662, 30.27277973676131], [-97.74916131150604, 30.27281677309368]]]}}, {"type": "Feature", "properties": {"kind": "street", "radius_m": 5.6, "source": "snapshot"}, "geometry": {"type": "Polygon", "coordinates": [[[-97.74929994503105, 30.273499590185104], [-97.7493111024479, 30.273529248236457], [-97.74934031294444, 30.273547577920233], [-97.74937641910381, 30.273547577920233], [-97.74940562960035, 30.273529248236457], [-97.7494167870172, 30.273499590185104], [-97.74940562960035, 30.27346993213375], [-97.74937641910381, 30.273451602449974], [-97.74934031294444, 30.273451602449974], [-97.7493111024479, 30.27346993213375], [-97.74929994503105, 30.273499590185104]]]}}, {"type": "Feature", "properties": {"kind": "street", "radius_m": 5.5, "source": "snapshot"}, "geometry": {"type": "Polygon", "coordinates": [[[-97.74918809130125, 30.273897105251955], [-97.74919904776684, 30.273926229145353], [-97.74922773216613, 30.27394422870136], [-97.74926318803355, 30.27394422870136], [-97.74929187243285, 30.273926229145353], [-97.74930282889844, 30.273897105251955], [-97.74929187243285, 30.273867981358556], [-97.74926318803355, 30.27384998180255], [-97.74922773216613, 30.27384998180255], [-97.74919904776684, 30.273867981358556], [-97.74918809130125, 30.273897105251955]]]}}, {"type": "Feature", "properties": {"kind": "street", "radius_m": 7.5, "source": "snapshot"}, "geometry": {"type": "Polygon", "coordinates": [[[-97.74915569024803, 30.274057008015923], [-97.74917064500595, 30.27409675995712], [-97.74920979707049, 30.274121328007897], [-97.74925819168372, 30.274121328007897], [-97.74929734374827, 30.27409675995712], [-97.74931229850618, 30.274057008015923], [-97.74929734374827, 30.274017256074725], [-97.74925819168372, 30.27399268802395], [-97.74920979707049, 30.27399268802395], [-97.74917064500595, 30.274017256074725], [-97.74915569024803, 30.274057008015923]]]}}, {"type": "Feature", "properties": {"kind": "street", "radius_m": 5.6, "source": "snapshot"}, "geometry": {"type": "Polygon", "coordinates": [[[-97.74929883307114, 30.274100751819418], [-97.74930994598593, 30.274130291577777], [-97.74933903997457, 30.274148548152464], [-97.74937500212228, 30.274148548152464], [-97.74940409611092, 30.274130291577777], [-97.74941520902571, 30.274100751819418], [-97.74940409611092, 30.27407121206106], [-97.74937500212228, 30.274052955486372], [-97.74933903997457, 30.274052955486372], [-97.74930994598593, 30.27407121206106], [-97.74929883307114, 30.274100751819418]]]}}, {"type": "Feature", "properties": {"kind": "street", "radius_m": 6.3, "source": "snapshot"}, "geometry": {"type": "Polygon", "coordinates": [[[-97.7492823233563, 30.275008951411294], [-97.74929477620343, 30.27504205290644], [-97.74932737818047, 30.275062510755518], [-97.74936767644029, 30.275062510755518], [-97.74940027841733, 30.27504205290644], [-97.74941273126446, 30.275008951411294], [-97.74940027841733, 30.27497584991615], [-97.74936767644029, 30.27495539206707], [-97.74932737818047, 30.27495539206707], [-97.74929477620343, 30.27497584991615], [-97.7492823233563, 30.275008951411294]]]}}, {"type": "Feature", "properties": {"kind": "street", "radius_m": 6.2, "source": "snapshot"}, "geometry": {"type": "Polygon", "coordinates": [[[-97.74917736466143, 30.27556993429093], [-97.74918974415897, 30.27560284081209], [-97.74922215410429, 30.275623178160618], [-97.74926221499983, 30.275623178160618], [-97.74929462494515, 30.27560284081209], [-97.74930700444268, 30.27556993429093], [-97.74929462494515, 30.275537027769772], [-97.74926221499983, 30.275516690421245], [-97.74922215410429, 30.275516690421245], [-97.74918974415897, 30.275537027769772], [-97.74917736466143, 30.27556993429093]]]}}, {"type": "Feature", "properties": {"kind": "street", "radius_m": 7.2, "source": "snapshot"}, "geometry": {"type": "Polygon", "coordinates": [[[-97.74929972820853, 30.27657579440179], [-97.74931397764063, 30.27661367148343], [-97.74935128313817, 30.27663708080728], [-97.74939739526909, 30.27663708080728], [-97.74943470076663, 30.27661367148343], [-97.74944895019873, 30.27657579440179], [-97.74943470076663, 30.276537917320148], [-97.74939739526909, 30.2765145079963], [-97.74935128313817, 30.2765145079963], [-97.74931397764063, 30.276537917320148], [-97.74929972820853, 30.27657579440179]]]}}, {"type": "Feature", "properties": {"kind": "street", "radius_m": 5.2, "source": "snapshot"}, "geometry": {"type": "Polygon", "coordinates": [[[-97.74930541317309, 30.276898780588724], [-97.74931570529051, 30.276926138547225], [-97.74934265040375, 30.276943046695443], [-97.74937595639537, 30.276943046695443], [-97.7494029015086, 30.276926138547225], [-97.74941319362603, 30.276898780588724], [-97.7494029015086, 30.276871422630222], [-97.74937595639537, 30.276854514482004], [-97.74934265040375, 30.276854514482004], [-97.74931570529051, 30.276871422630222], [-97.74930541317309, 30.276898780588724]]]}}, {"type": "Feature", "properties": {"kind": "street", "radius_m": 5.5, "source": "snapshot"}, "geometry": {"type": "Polygon", "coordinates": [[[-97.74930555143158, 30.277195986645822], [-97.7493164349573, 30.27722491665433], [-97.74934492839752, 30.277242796382883], [-97.74938014822654, 30.277242796382883], [-97.74940864166676, 30.27722491665433], [-97.74941952519248, 30.277195986645822], [-97.74940864166676, 30.277167056637314], [-97.74938014822654, 30.27714917690876], [-97.74934492839752, 30.27714917690876], [-97.7493164349573, 30.277167056637314], [-97.74930555143158, 30.277195986645822]]]}}, {"type": "Feature", "properties": {"kind": "street", "radius_m": 7.3, "source": "snapshot"}, "geometry": {"type": "Polygon", "coordinates": [[[-97.74914702960726, 30.26022054799041], [-97.74916149484498, 30.260258998715106], [-97.74919936532903, 30.260282762569858], [-97.74924617582165, 30.260282762569858], [-97.7492840463057, 30.260258998715106], [-97.74929851154343, 30.26022054799041], [-97.7492840463057, 30.260182097265716], [-97.74924617582165, 30.260158333410963], [-97.74919936532903, 30.260158333410963], [-97.74916149484498, 30.260182097265716], [-97.74914702960726, 30.26022054799041]]]}}, {"type": "Feature", "properties": {"kind": "street", "radius_m": 5.2, "source": "snapshot"}, "geometry": {"type": "Polygon", "coordinates": [[[-97.74932205144168, 30.260241964265106], [-97.7493323741676, 30.260269403585447], [-97.74935939941487, 30.260286362018043], [-97.74939280445763, 30.260286362018043], [-97.7494198297049, 30.260269403585447], [-97.74943015243082, 30.260241964265106], [-97.7494198297049, 30.260214524944764], [-97.74939280445763, 30.26019756651217], [-97.74935939941487, 30.26019756651217], [-97.7493323741676, 30.260214524944764], [-97.74932205144168, 30.260241964265106]]]}}, {"type": "Feature", "properties": {"kind": "street", "radius_m": 6.2, "source": "snapshot"}, "geometry": {"type": "Polygon", "coordinates": [[[-97.7491848699801, 30.26081334781128], [-97.74919710243405, 30.260845863469047], [-97.74922912741431, 30.260865959250715], [-97.74926871246686, 30.260865959250715], [-97.74930073744711, 30.260845863469047], [-97.74931296990107, 30.26081334781128], [-97.74930073744711, 30.26078083215351], [-97.74926871246686, 30.260760736371843], [-97.74922912741431, 30.260760736371843], [-97.74919710243405, 30.26078083215351], [-97.7491848699801, 30.26081334781128]]]}}, {"type": "Feature", "properties": {"kind": "street", "radius_m": 8.0, "source": "snapshot"}, "geometry": {"type": "Polygon", "coordinates": [[[-97.74915120068144, 30.261441561165817], [-97.749167026632, 30.26148362886488], [-97.74920845950847, 30.26150962813273], [-97.74925967336027, 30.26150962813273], [-97.74930110623674, 30.26148362886488], [-97.7493169321873, 30.261441561165817], [-97.74930110623674, 30.261399493466755], [-97.74925967336027, 30.261373494198907], [-97.74920845950847, 30.261373494198907], [-97.749167026632, 30.261399493466755], [-97.74915120068144, 30.261441561165817]]]}}, {"type": "Feature", "properties": {"kind": "street", "radius_m": 6.4, "source": "snapshot"}, "geometry": {"type": "Polygon", "coordinates": [[[-97.74929111689507, 30.2616428186485], [-97.74930375672946, 30.26167641718326], [-97.74933684824555, 30.261697182219716], [-97.7493777516089, 30.261697182219716], [-97.74941084312499, 30.26167641718326], [-97.74942348295939, 30.2616428186485], [-97.74941084312499, 30.26160922011374], [-97.7493777516089, 30.261588455077284], [-97.74933684824555, 30.261588455077284], [-97.74930375672946, 30.26160922011374], [-97.74929111689507, 30.2616428186485]]]}}, {"type": "Feature", "properties": {"kind": "street", "radius_m": 6.9, "source": "snapshot"}, "geometry": {"type": "Polygon", "coordinates": [[[-97.74915640936476, 30.277912407891662], [-97.7491700327309, 30.277948620798117], [-97.7492056991665, 30.277971001605138], [-97.74924978530542, 30.277971001605138], [-97.74928545174102, 30.277948620798117], [-97.74929907510716, 30.277912407891662], [-97.74928545174102, 30.277876194985208], [-97.74924978530542, 30.277853814178187], [-97.7492056991665, 30.277853814178187], [-97.7491700327309, 30.277876194985208], [-97.74915640936476, 30.277912407891662]]]}}, {"type": "Feature", "properties": {"kind": "street", "radius_m": 6.1, "source": "snapshot"}, "geometry": {"type": "Polygon", "coordinates": [[[-97.7477985226808, 30.262946786106337], [-97.74781057179698, 30.262978814425377], [-97.74784211679268, 30.262998609015145], [-97.74788110855171, 30.262998609015145], [-97.74791265354742, 30.262978814425377], [-97.7479247026636, 30.262946786106337], [-97.74791265354742, 30.262914757787296], [-97.74788110855171, 30.262894963197528], [-97.74784211679268, 30.262894963197528], [-97.74781057179698, 30.262914757787296], [-97.7477985226808, 30.262946786106337]]]}}, {"type": "Feature", "properties": {"kind": "street", "radius_m": 6.2, "source": "snapshot"}, "geometry": {"type": "Polygon", "coordinates": [[[-97.74780212949996, 30.263775957518355], [-97.74781441008382, 30.26380860111247], [-97.74784656106979, 30.263828775963148], [-97.74788630187399, 30.263828775963148], [-97.74791845285996, 30.26380860111247], [-97.74793073344382, 30.263775957518355], [-97.74791845285996, 30.26374331392424], [-97.74788630187399, 30.263723139073562], [-97.74784656106979, 30.263723139073562], [-97.74781441008382, 30.26374331392424], [-97.74780212949996, 30.263775957518355]]]}}, {"type": "Feature", "properties": {"kind": "street", "radius_m": 6.4, "source": "snapshot"}, "geometry": {"type": "Polygon", "coordinates": [[[-97.7476654267331, 30.26425876914018], [-97.74767813255755, 30.26429254308616], [-97.7477113968378, 30.26431341653271], [-97.74775251374943, 30.26431341653271], [-97.74778577802968, 30.26429254308616], [-97.74779848385413, 30.26425876914018], [-97.74778577802968, 30.2642249951942], [-97.74775251374943, 30.264204121747653], [-97.7477113968378, 30.264204121747653], [-97.74767813255755, 30.2642249951942], [-97.7476654267331, 30.26425876914018]]]}}, {"type": "Feature", "properties": {"kind": "street", "radius_m": 4.8, "source": "snapshot"}, "geometry": {"type": "Polygon", "coordinates": [[[-97.74770265076097, 30.264440934352344], [-97.74771219116327, 30.26446629414174], [-97.74773716826078, 30.26448196735354], [-97.74776804165117, 30.26448196735354], [-97.74779301874868, 30.26446629414174], [-97.74780255915098, 30.264440934352344], [-97.74779301874868, 30.264415574562946], [-97.74776804165117, 30.264399901351148], [-97.74773716826078, 30.264399901351148], [-97.74771219116327, 30.264415574562946], [-97.74770265076097, 30.264440934352344]]]}}, {"type": "Feature", "properties": {"kind": "street", "radius_m": 5.2, "source": "snapshot"}, "geometry": {"type": "Polygon", "coordinates": [[[-97.74769532152392, 30.266104145234074], [-97.74770555167665, 30.266131338481294], [-97.74773233456418, 30.26614814483234], [-97.74776544003379, 30.26614814483234], [-97.74779222292132, 30.266131338481294], [-97.74780245307404, 30.266104145234074], [-97.74779222292132, 30.266076951986854], [-97.74776544003379, 30.26606014563581], [-97.74773233456418, 30.26606014563581], [-97.74770555167665, 30.266076951986854], [-97.74769532152392, 30.266104145234074]]]}}, {"type": "Feature", "properties": {"kind": "street", "radius_m": 5.2, "source": "snapshot"}, "geometry": {"type": "Polygon", "coordinates": [[[-97.74779828273755, 30.266754908845925], [-97.74780858153022, 30.266782284548228], [-97.7478355441195, 30.266799203662714], [-97.7478688717127, 30.266799203662714], [-97.74789583430197, 30.266782284548228], [-97.74790613309465, 30.266754908845925], [-97.74789583430197, 30.266727533143623], [-97.7478688717127, 30.266710614029137], [-97.7478355441195, 30.266710614029137], [-97.74780858153022, 30.266727533143623], [-97.74779828273755, 30.266754908845925]]]}}, {"type": "Feature", "properties": {"kind": "street", "radius_m": 4.9, "source": "snapshot"}, "geometry": {"type": "Polygon", "coordinates": [[[-97.74780301442965, 30.268452932470296], [-97.7478128465775, 30.268479067762183], [-97.74783858747477, 30.26849522026087], [-97.74787040497361, 30.26849522026087], [-97.74789614587088, 30.268479067762183], [-97.74790597801874, 30.268452932470296], [-97.74789614587088, 30.26842679717841], [-97.74787040497361, 30.268410644679722], [-97.74783858747477, 30.268410644679722], [-97.7478128465775, 30.26842679717841], [-97.74780301442965, 30.268452932470296]]]}}, {"type": "Feature", "properties": {"kind": "street", "radius_m": 5.9, "source": "snapshot"}, "geometry": {"type": "Polygon", "coordinates": [[[-97.74768270892571, 30.268948212472264], [-97.7476944484984, 30.268979417979267], [-97.74772518309871, 30.26899870404323], [-97.74776317315394, 30.26899870404323], [-97.74779390775426, 30.268979417979267], [-97.74780564732694, 30.268948212472264], [-97.74779390775426, 30.26891700696526], [-97.74776317315394, 30.268897720901297], [-97.74772518309871, 30.268897720901297], [-97.7476944484984, 30.26891700696526], [-97.74768270892571, 30.268948212472264]]]}}, {"type": "Feature", "properties": {"kind": "street", "radius_m": 6.1, "source": "snapshot"}, "geometry": {"type": "Polygon", "coordinates": [[[-97.74779433772608, 30.26923017598345], [-97.74780643650766, 30.269262336320413], [-97.74783811152908, 30.26928221250175], [-97.74787726400872, 30.26928221250175], [-97.74790893903014, 30.269262336320413], [-97.74792103781172, 30.26923017598345], [-97.74790893903014, 30.269198015646484], [-97.74787726400872, 30.269178139465147], [-97.74783811152908, 30.269178139465147], [-97.74780643650766, 30.269198015646484], [-97.74779433772608, 30.26923017598345]]]}}, {"type": "Feature", "properties": {"kind": "street", "radius_m": 5.3, "source": "snapshot"}, "geometry": {"type": "Polygon", "coordinates": [[[-97.74779590447027, 30.269416291570995], [-97.74780635171517, 30.269444061881096], [-97.74783370295741, 30.269461224876615], [-97.7478675109521, 30.269461224876615], [-97.74789486219434, 30.269444061881096], [-97.74790530943925, 30.269416291570995], [-97.74789486219434, 30.269388521260893], [-97.7478675109521, 30.269371358265374], [-97.74783370295741, 30.269371358265374], [-97.74780635171517, 30.269388521260893], [-97.74779590447027, 30.269416291570995]]]}}, {"type": "Feature", "properties": {"kind": "street", "radius_m": 5.2, "source": "snapshot"}, "geometry": {"type": "Polygon", "coordinates": [[[-97.74780176986233, 30.270551824550623], [-97.7478120846912, 30.27057924287946], [-97.74783908926376, 30.270596188338597], [-97.74787246875114, 30.270596188338597], [-97.7478994733237, 30.27057924287946], [-97.74790978815257, 30.270551824550623], [-97.7478994733237, 30.270524406221785], [-97.74787246875114, 30.270507460762648], [-97.74783908926376, 30.270507460762648], [-97.7478120846912, 30.270524406221785], [-97.74780176986233, 30.270551824550623]]]}}, {"type": "Feature", "properties": {"kind": "street", "radius_m": 5.6, "source": "snapshot"}, "geometry": {"type": "Polygon", "coordinates": [[[-97.74768023969806, 30.271213334870545], [-97.74769131815603, 30.271242783037604], [-97.74772032193553, 30.27126098300575], [-97.74775617257859, 30.27126098300575], [-97.7477851763581, 30.271242783037604], [-97.74779625481607, 30.271213334870545], [-97.7477851763581, 30.271183886703486], [-97.74775617257859, 30.27116568673534], [-97.74772032193553, 30.27116568673534], [-97.74769131815603, 30.271183886703486], [-97.74768023969806, 30.271213334870545]]]}}, {"type": "Feature", "properties": {"kind": "street", "radius_m": 5.0, "source": "snapshot"}, "geometry": {"type": "Polygon", "coordinates": [[[-97.74781416725118, 30.27182298391032], [-97.74782406928453, 30.271849304968114], [-97.74784999314441, 30.271865572276454], [-97.74788203679746, 30.271865572276454], [-97.74790796065734, 30.271849304968114], [-97.7479178626907, 30.27182298391032], [-97.74790796065734, 30.271796662852523], [-97.74788203679746, 30.271780395544184], [-97.74784999314441, 30.271780395544184], [-97.74782406928453, 30.271796662852523], [-97.74781416725118, 30.27182298391032]]]}}, {"type": "Feature", "properties": {"kind": "street", "radius_m": 4.7, "source": "snapshot"}, "geometry": {"type": "Polygon", "coordinates": [[[-97.74781080462564, 30.272748437800054], [-97.74782014286673, 30.272773260215253], [-97.74784459069927, 30.272788601311525], [-97.74787480988222, 30.272788601311525], [-97.74789925771476, 30.272773260215253], [-97.74790859595585, 30.272748437800054], [-97.74789925771476, 30.272723615384855], [-97.74787480988222, 30.272708274288583], [-97.74784459069927, 30.272708274288583], [-97.74782014286673, 30.272723615384855], [-97.74781080462564, 30.272748437800054]]]}}, {"type": "Feature", "properties": {"kind": "street", "radius_m": 5.3, "source": "snapshot"}, "geometry": {"type": "Polygon", "coordinates": [[[-97.74780870809641, 30.273144744361325], [-97.74781926345413, 30.273172802051167], [-97.74784689773942, 30.27319014265714], [-97.74788105559453, 30.27319014265714], [-97.74790868987982, 30.273172802051167], [-97.74791924523754, 30.273144744361325], [-97.74790868987982, 30.273116686671482], [-97.74788105559453, 30.27309934606551], [-97.74784689773942, 30.27309934606551], [-97.74781926345413, 30.273116686671482], [-97.74780870809641, 30.273144744361325]]]}}, {"type": "Feature", "properties": {"kind": "street", "radius_m": 5.8, "source": "snapshot"}, "geometry": {"type": "Polygon", "coordinates": [[[-97.7476628790594, 30.274186400845462], [-97.74767438387808, 30.274216982341837], [-97.74770450388439, 30.274235882746027], [-97.74774173425968, 30.274235882746027], [-97.74777185426599, 30.274216982341837], [-97.74778335908466, 30.274186400845462], [-97.74777185426599, 30.274155819349087], [-97.74774173425968, 30.274136918944897], [-97.74770450388439, 30.274136918944897], [-97.74767438387808, 30.274155819349087], [-97.7476628790594, 30.274186400845462]]]}}, {"type": "Feature", "properties": {"kind": "street", "radius_m": 5.9, "source": "snapshot"}, "geometry": {"type": "Polygon", "coordinates": [[[-97.74780287236733, 30.274604103484915], [-97.74781468396455, 30.274635500443676], [-97.74784560712752, 30.274654904831333], [-97.74788383025901, 30.274654904831333], [-97.74791475342198, 30.274635500443676], [-97.7479265650192, 30.274604103484915], [-97.74791475342198, 30.274572706526154], [-97.74788383025901, 30.274553302138496], [-97.74784560712752, 30.274553302138496], [-97.74781468396455, 30.274572706526154], [-97.74780287236733, 30.274604103484915]]]}}, {"type": "Feature", "properties": {"kind": "street", "radius_m": 6.3, "source": "snapshot"}, "geometry": {"type": "Polygon", "coordinates": [[[-97.7476597331282, 30.27546419991843], [-97.74767232544836, 30.275497672153385], [-97.74770529257057, 30.275518359132267], [-97.74774604217464, 30.275518359132267], [-97.74777900929685, 30.275497672153385], [-97.74779160161701, 30.27546419991843], [-97.74777900929685, 30.275430727683478], [-97.74774604217464, 30.275410040704596], [-97.74770529257057, 30.275410040704596], [-97.74767232544836, 30.275430727683478], [-97.7476597331282, 30.27546419991843]]]}}, {"type": "Feature", "properties": {"kind": "street", "radius_m": 6.5, "source": "snapshot"}, "geometry": {"type": "Polygon", "coordinates": [[[-97.74766822164416, 30.277395730197682], [-97.74768106567717, 30.2774298715223], [-97.74771469179214, 30.277450972021338], [-97.74775625595606, 30.277450972021338], [-97.74778988207103, 30.2774298715223], [-97.74780272610404, 30.277395730197682], [-97.74778988207103, 30.277361588873063], [-97.74775625595606, 30.277340488374026], [-97.74771469179214, 30.277340488374026], [-97.74768106567717, 30.277361588873063], [-97.74766822164416, 30.277395730197682]]]}}, {"type": "Feature", "properties": {"kind": "street", "radius_m": 5.5, "source": "snapshot"}, "geometry": {"type": "Polygon", "coordinates": [[[-97.74782058834879, 30.277452920423908], [-97.74783148935973, 30.27748189691069], [-97.74786002857684, 30.277499805364396], [-97.74789530498921, 30.277499805364396], [-97.74792384420633, 30.27748189691069], [-97.74793474521726, 30.277452920423908], [-97.74792384420633, 30.277423943937126], [-97.74789530498921, 30.27740603548342], [-97.74786002857684, 30.27740603548342], [-97.74783148935973, 30.277423943937126], [-97.74782058834879, 30.277452920423908]]]}}, {"type": "Feature", "properties": {"kind": "street", "radius_m": 5.4, "source": "snapshot"}, "geometry": {"type": "Polygon", "coordinates": [[[-97.74769333055148, 30.260710126424872], [-97.74770409252262, 30.260738733323468], [-97.74773226772882, 30.26075641335911], [-97.74776709419896, 30.26075641335911], [-97.74779526940516, 30.260738733323468], [-97.7478060313763, 30.260710126424872], [-97.74779526940516, 30.260681519526276], [-97.74776709419896, 30.260663839490633], [-97.74773226772882, 30.260663839490633], [-97.74770409252262, 30.260681519526276], [-97.74769333055148, 30.260710126424872]]]}}, {"type": "Feature", "properties": {"kind": "street", "radius_m": 6.1, "source": "snapshot"}, "geometry": {"type": "Polygon", "coordinates": [[[-97.74778936050112, 30.260787891389324], [-97.74780144085808, 30.26082000275096], [-97.74783306764323, 30.26083984866388], [-97.74787216049958, 30.26083984866388], [-97.74790378728473, 30.26082000275096], [-97.7479158676417, 30.260787891389324], [-97.74790378728473, 30.260755780027687], [-97.74787216049958, 30.260735934114766], [-97.74783306764323, 30.260735934114766], [-97.74780144085808, 30.260755780027687], [-97.74778936050112, 30.260787891389324]]]}}, {"type": "Feature", "properties": {"kind": "street", "radius_m": 6.2, "source": "snapshot"}, "geometry": {"type": "Polygon", "coordinates": [[[-97.74780951122504, 30.261269836751293], [-97.74782173548536, 30.261302330629135], [-97.74785373901436, 30.26132241295007], [-97.7478932975517, 30.26132241295007], [-97.7479253010807, 30.261302330629135], [-97.74793752534102, 30.261269836751293], [-97.7479253010807, 30.26123734287345], [-97.7478932975517, 30.261217260552517], [-97.74785373901436, 30.261217260552517], [-97.74782173548536, 30.26123734287345], [-97.74780951122504, 30.261269836751293]]]}}, {"type": "Feature", "properties": {"kind": "street", "radius_m": 4.8, "source": "snapshot"}, "geometry": {"type": "Polygon", "coordinates": [[[-97.7476825840899, 30.2617251266699], [-97.74769208150899, 30.26175037220358], [-97.74771694607495, 30.261765974801456], [-97.74774768036869, 30.261765974801456], [-97.74777254493465, 30.26175037220358], [-97.74778204235373, 30.2617251266699], [-97.74777254493465, 30.261699881136224], [-97.74774768036869, 30.261684278538347], [-97.74771694607495, 30.261684278538347], [-97.74769208150899, 30.261699881136224], [-97.7476825840899, 30.2617251266699]]]}}, {"type": "Feature", "properties": {"kind": "street", "radius_m": 5.0, "source": "snapshot"}, "geometry": {"type": "Polygon", "coordinates": [[[-97.74769375267776, 30.261880442040226], [-97.74770362715267, 30.261906689843617], [-97.74772947886359, 30.26192291187824], [-97.74776143333563, 30.26192291187824], [-97.74778728504654, 30.261906689843617], [-97.74779715952145, 30.261880442040226], [-97.74778728504654, 30.261854194236836], [-97.74776143333563, 30.261837972202212], [-97.74772947886359, 30.261837972202212], [-97.74770362715267, 30.261854194236836], [-97.74769375267776, 30.261880442040226]]]}}, {"type": "Feature", "properties": {"kind": "street", "radius_m": 5.8, "source": "snapshot"}, "geometry": {"type": "Polygon", "coordinates": [[[-97.74667023795702, 30.26239323853981], [-97.74668177370572, 30.26242390225272], [-97.74671197468787, 30.26244285346952], [-97.74674930515481, 30.26244285346952], [-97.74677950613696, 30.26242390225272], [-97.74679104188566, 30.26239323853981], [-97.74677950613696, 30.262362574826902], [-97.74674930515481, 30.262343623610104], [-97.74671197468787, 30.262343623610104], [-97.74668177370572, 30.262362574826902], [-97.74667023795702, 30.26239323853981]]]}}, {"type": "Feature", "properties": {"kind": "street", "radius_m": 5.3, "source": "snapshot"}, "geometry": {"type": "Polygon", "coordinates": [[[-97.74669426935378, 30.2627102767506], [-97.74670481878871, 30.26273831869677], [-97.7467324375679, 30.26275564957261], [-97.74676657625643, 30.26275564957261], [-97.74679419503562, 30.26273831869677], [-97.74680474447055, 30.2627102767506], [-97.74679419503562, 30.26268223480443], [-97.74676657625643, 30.262664903928588], [-97.7467324375679, 30.262664903928588], [-97.74670481878871, 30.26268223480443], [-97.74669426935378, 30.2627102767506]]]}}, {"type": "Feature", "properties": {"kind": "street", "radius_m": 5.1, "source": "snapshot"}, "geometry": {"type": "Polygon", "coordinates": [[[-97.74679752637007, 30.26328974505416], [-97.74680763729143, 30.263316621366915], [-97.74683410802719, 30.26333323184169], [-97.746866827656, 30.26333323184169], [-97.74689329839177, 30.263316621366915], [-97.74690340931312, 30.26328974505416], [-97.74689329839177, 30.263262868741403], [-97.746866827656, 30.26324625826663], [-97.74683410802719, 30.26324625826663], [-97.74680763729143, 30.263262868741403], [-97.74679752637007, 30.26328974505416]]]}}, {"type": "Feature", "properties": {"kind": "street", "radius_m": 6.0, "source": "snapshot"}, "geometry": {"type": "Polygon", "coordinates": [[[-97.74668666973082, 30.26371069025943], [-97.74669857912704, 30.263742347182312], [-97.74672975833113, 30.26376191223663], [-97.74676829794689, 30.26376191223663], [-97.74679947715097, 30.263742347182312], [-97.7468113865472, 30.26371069025943], [-97.74679947715097, 30.263679033336548], [-97.74676829794689, 30.263659468282228], [-97.74672975833113, 30.263659468282228], [-97.74669857912704, 30.263679033336548], [-97.74668666973082, 30.26371069025943]]]}}, {"type": "Feature", "properties": {"kind": "street", "radius_m": 6.2, "source": "snapshot"}, "geometry": {"type": "Polygon", "coordinates": [[[-97.7467895587873, 30.265292906968305], [-97.74680196637333, 30.265325888152788], [-97.74683444985526, 30.265346271645786], [-97.74687460164706, 30.265346271645786], [-97.746907085129, 30.265325888152788], [-97.74691949271502, 30.265292906968305], [-97.746907085129, 30.265259925783823], [-97.74687460164706, 30.265239542290825], [-97.74683444985526, 30.265239542290825], [-97.74680196637333, 30.265259925783823], [-97.7467895587873, 30.265292906968305]]]}}, {"type": "Feature", "properties": {"kind": "street", "radius_m": 4.7, "source": "snapshot"}, "geometry": {"type": "Polygon", "coordinates": [[[-97.74681231509112, 30.265467536436105], [-97.74682156417393, 30.265492121855544], [-97.7468457785871, 30.265507316480385], [-97.74687570924783, 30.265507316480385], [-97.746899923661, 30.265492121855544], [-97.74690917274381, 30.265467536436105], [-97.746899923661, 30.265442951016666], [-97.74687570924783, 30.265427756391826], [-97.7468457785871, 30.265427756391826], [-97.74682156417393, 30.265442951016666], [-97.74681231509112, 30.265467536436105]]]}}, {"type": "Feature", "properties": {"kind": "street", "radius_m": 5.6, "source": "snapshot"}, "geometry": {"type": "Polygon", "coordinates": [[[-97.74680517492011, 30.266004817213922], [-97.74681638894486, 30.26603462573738], [-97.74684574764281, 30.266053048418033], [-97.74688203698919, 30.266053048418033], [-97.74691139568714, 30.26603462573738], [-97.74692260971189, 30.266004817213922], [-97.74691139568714, 30.265975008690464], [-97.74688203698919, 30.26595658600981], [-97.74684574764281, 30.26595658600981], [-97.74681638894486, 30.265975008690464], [-97.74680517492011, 30.266004817213922]]]}}, {"type": "Feature", "properties": {"kind": "street", "radius_m": 4.7, "source": "snapshot"}, "geometry": {"type": "Polygon", "coordinates": [[[-97.74680782017053, 30.266190733444905], [-97.74681722076515, 30.266215721604954], [-97.74684183184138, 30.26623116513718], [-97.7468722528046, 30.26623116513718], [-97.74689686388082, 30.266215721604954], [-97.74690626447544, 30.266190733444905], [-97.74689686388082, 30.266165745284855], [-97.7468722528046, 30.266150301752628], [-97.74684183184138, 30.266150301752628], [-97.74681722076515, 30.266165745284855], [-97.74680782017053, 30.266190733444905]]]}}, {"type": "Feature", "properties": {"kind": "street", "radius_m": 5.5, "source": "snapshot"}, "geometry": {"type": "Polygon", "coordinates": [[[-97.74667757914128, 30.26647613944516], [-97.74668854555611, 30.26650528978515], [-97.74671725600291, 30.26652330568605], [-97.74675274406681, 30.26652330568605], [-97.74678145451361, 30.26650528978515], [-97.74679242092844, 30.26647613944516], [-97.74678145451361, 30.26644698910517], [-97.74675274406681, 30.26642897320427], [-97.74671725600291, 30.26642897320427], [-97.74668854555611, 30.26644698910517], [-97.74667757914128, 30.26647613944516]]]}}, {"type": "Feature", "properties": {"kind": "street", "radius_m": 5.9, "source": "snapshot"}, "geometry": {"type": "Polygon", "coordinates": [[[-97.74679938192273, 30.267707115209152], [-97.74681119416513, 30.267738513882918], [-97.74684211901722, 30.26775791933051], [-97.7468803442366, 30.26775791933051], [-97.74691126908868, 30.267738513882918], [-97.74692308133109, 30.267707115209152], [-97.74691126908868, 30.267675716535386], [-97.7468803442366, 30.267656311087794], [-97.74684211901722, 30.267656311087794], [-97.74681119416513, 30.267675716535386], [-97.74679938192273, 30.267707115209152]]]}}, {"type": "Feature", "properties": {"kind": "street", "radius_m": 6.5, "source": "snapshot"}, "geometry": {"type": "Polygon", "coordinates": [[[-97.7466749618516, 30.268949708826806], [-97.74668785010094, 30.26898396768495], [-97.7467215919758, 30.269005140823698], [-97.7467632992268, 30.269005140823698], [-97.74679704110166, 30.26898396768495], [-97.746809929351, 30.268949708826806], [-97.74679704110166, 30.268915449968663], [-97.7467632992268, 30.268894276829915], [-97.7467215919758, 30.268894276829915], [-97.74668785010094, 30.268915449968663], [-97.7466749618516, 30.268949708826806]]]}}, {"type": "Feature", "properties": {"kind": "street", "radius_m": 5.3, "source": "snapshot"}, "geometry": {"type": "Polygon", "coordinates": [[[-97.74666875014432, 30.26952558863356], [-97.74667931328669, 30.26955366701611], [-97.74670696795242, 30.269571020410872], [-97.74674115099914, 30.269571020410872], [-97.74676880566487, 30.26955366701611], [-97.74677936880724, 30.26952558863356], [-97.74676880566487, 30.26949751025101], [-97.74674115099914, 30.269480156856247], [-97.74670696795242, 30.269480156856247], [-97.74667931328669, 30.26949751025101], [-97.74666875014432, 30.26952558863356]]]}}, {"type": "Feature", "properties": {"kind": "street", "radius_m": 5.6, "source": "snapshot"}, "geometry": {"type": "Polygon", "coordinates": [[[-97.74679456797124, 30.272954766251463], [-97.74680560775248, 30.272984111610125], [-97.74683451027502, 30.27300224803919], [-97.7468702357576, 30.27300224803919], [-97.74689913828014, 30.272984111610125], [-97.74691017806138, 30.272954766251463], [-97.74689913828014, 30.2729254208928], [-97.7468702357576, 30.272907284463734], [-97.74683451027502, 30.272907284463734], [-97.74680560775248, 30.2729254208928], [-97.74679456797124, 30.272954766251463]]]}}, {"type": "Feature", "properties": {"kind": "street", "radius_m": 5.1, "source": "snapshot"}, "geometry": {"type": "Polygon", "coordinates": [[[-97.74670007683203, 30.273620517605863], [-97.74671020096449, 30.273647429035655], [-97.74673670628735, 30.273664061213953], [-97.74676946866819, 30.273664061213953], [-97.74679597399106, 30.273647429035655], [-97.74680609812351, 30.273620517605863], [-97.74679597399106, 30.27359360617607], [-97.74676946866819, 30.273576973997773], [-97.74673670628735, 30.273576973997773], [-97.74671020096449, 30.27359360617607], [-97.74670007683203, 30.273620517605863]]]}}, {"type": "Feature", "properties": {"kind": "street", "radius_m": 6.4, "source": "snapshot"}, "geometry": {"type": "Polygon", "coordinates": [[[-97.74667609070512, 30.274709752777625], [-97.74668875364397, 30.27474341272738], [-97.74672190564826, 30.274764215720385], [-97.74676288377916, 30.274764215720385], [-97.74679603578345, 30.27474341272738], [-97.74680869872229, 30.274709752777625], [-97.74679603578345, 30.27467609282787], [-97.74676288377916, 30.274655289834865], [-97.74672190564826, 30.274655289834865], [-97.74668875364397, 30.27467609282787], [-97.74667609070512, 30.274709752777625]]]}}, {"type": "Feature", "properties": {"kind": "street", "radius_m": 6.0, "source": "snapshot"}, "geometry": {"type": "Polygon", "coordinates": [[[-97.7466651984281, 30.27508223890182], [-97.74667718060056, 30.275114089274588], [-97.74670855033528, 30.275133773887514], [-97.74674732545984, 30.275133773887514], [-97.74677869519456, 30.275114089274588], [-97.74679067736702, 30.27508223890182], [-97.74677869519456, 30.275050388529053], [-97.74674732545984, 30.275030703916126], [-97.74670855033528, 30.275030703916126], [-97.74667718060056, 30.275050388529053], [-97.7466651984281, 30.27508223890182]]]}}, {"type": "Feature", "properties": {"kind": "street", "radius_m": 4.6, "source": "snapshot"}, "geometry": {"type": "Polygon", "coordinates": [[[-97.74669926294378, 30.275645977765592], [-97.746708335132, 30.275670092973236], [-97.7467320864291, 30.275684996991203], [-97.74676144464688, 30.275684996991203], [-97.74678519594399, 30.275670092973236], [-97.7467942681322, 30.275645977765592], [-97.74678519594399, 30.275621862557948], [-97.74676144464688, 30.27560695853998], [-97.7467320864291, 30.27560695853998], [-97.746708335132, 30.275621862557948], [-97.74669926294378, 30.275645977765592]]]}}, {"type": "Feature", "properties": {"kind": "street", "radius_m": 5.0, "source": "snapshot"}, "geometry": {"type": "Polygon", "coordinates": [[[-97.74667841009116, 30.27646038109267], [-97.74668827987033, 30.276486616414076], [-97.74671411928762, 30.27650283073441], [-97.7467460585639, 30.27650283073441], [-97.74677189798119, 30.276486616414076], [-97.74678176776035, 30.27646038109267], [-97.74677189798119, 30.276434145771262], [-97.7467460585639, 30.276417931450926], [-97.74671411928762, 30.276417931450926], [-97.74668827987033, 30.276434145771262], [-97.74667841009116, 30.27646038109267]]]}}, {"type": "Feature", "properties": {"kind": "street", "radius_m": 5.5, "source": "snapshot"}, "geometry": {"type": "Polygon", "coordinates": [[[-97.74666895897542, 30.276663700958753], [-97.7466798996485, 30.276692782873347], [-97.74670854270246, 30.276710756485027], [-97.74674394746427, 30.276710756485027], [-97.74677259051823, 30.276692782873347], [-97.74678353119131, 30.276663700958753], [-97.74677259051823, 30.27663461904416], [-97.74674394746427, 30.27661664543248], [-97.74670854270246, 30.27661664543248], [-97.7466798996485, 30.27663461904416], [-97.74666895897542, 30.276663700958753]]]}}, {"type": "Feature", "properties": {"kind": "street", "radius_m": 5.1, "source": "snapshot"}, "geometry": {"type": "Polygon", "coordinates": [[[-97.74681882100144, 30.276917591099803], [-97.74682902673798, 30.276944719445243], [-97.74685574570313, 30.276961485684787], [-97.74688877216036, 30.276961485684787], [-97.7469154911255, 30.276944719445243], [-97.74692569686205, 30.276917591099803], [-97.7469154911255, 30.276890462754363], [-97.74688877216036, 30.27687369651482], [-97.74685574570313, 30.27687369651482], [-97.74682902673798, 30.276890462754363], [-97.74681882100144, 30.276917591099803]]]}}, {"type": "Feature", "properties": {"kind": "street", "radius_m": 5.8, "source": "snapshot"}, "geometry": {"type": "Polygon", "coordinates": [[[-97.74668324218904, 30.277568556353803], [-97.74669480387635, 30.277599289015388], [-97.74672507276672, 30.27761828284481], [-97.7467624871728, 30.27761828284481], [-97.74679275606317, 30.277599289015388], [-97.74680431775049, 30.277568556353803], [-97.74679275606317, 30.277537823692217], [-97.7467624871728, 30.277518829862796], [-97.74672507276672, 30.277518829862796], [-97.74669480387635, 30.277537823692217], [-97.74668324218904, 30.277568556353803]]]}}, {"type": "Feature", "properties": {"kind": "street", "radius_m": 6.4, "source": "snapshot"}, "geometry": {"type": "Polygon", "coordinates": [[[-97.74667728427902, 30.260215188970488], [-97.74668999135524, 30.260248966243847], [-97.74672325891267, 30.260269841746826], [-97.74676437987507, 30.260269841746826], [-97.7467976474325, 30.260248966243847], [-97.74681035450872, 30.260215188970488], [-97.7467976474325, 30.26018141169713], [-97.74676437987507, 30.26016053619415], [-97.74672325891267, 30.26016053619415], [-97.74668999135524, 30.26018141169713], [-97.74667728427902, 30.260215188970488]]]}}, {"type": "Feature", "properties": {"kind": "street", "radius_m": 5.3, "source": "snapshot"}, "geometry": {"type": "Polygon", "coordinates": [[[-97.74668557016355, 30.26188497700833], [-97.74669600456043, 30.261912713166513], [-97.74672332216613, 30.261929855054987], [-97.74675708858376, 30.261929855054987], [-97.74678440618946, 30.261912713166513], [-97.74679484058635, 30.26188497700833], [-97.74678440618946, 30.261857240850144], [-97.74675708858376, 30.26184009896167], [-97.74672332216613, 30.26184009896167], [-97.74669600456043, 30.261857240850144], [-97.74668557016355, 30.26188497700833]]]}}, {"type": "Feature", "properties": {"kind": "street", "radius_m": 7.7, "source": "snapshot"}, "geometry": {"type": "Polygon", "coordinates": [[[-97.7455887788234, 30.262402045734337], [-97.74560407726386, 30.262442711234122], [-97.74564412910094, 30.26246784389516], [-97.74569363589417, 30.26246784389516], [-97.74573368773125, 30.262442711234122], [-97.7457489861717, 30.262402045734337], [-97.74573368773125, 30.26236138023455], [-97.74569363589417, 30.262336247573515], [-97.74564412910094, 30.262336247573515], [-97.74560407726386, 30.26236138023455], [-97.7455887788234, 30.262402045734337]]]}}, {"type": "Feature", "properties": {"kind": "street", "radius_m": 6.8, "source": "snapshot"}, "geometry": {"type": "Polygon", "coordinates": [[[-97.74547527167313, 30.263123891955367], [-97.74548870662554, 30.26315960403049], [-97.7455238797876, 30.263181675306726], [-97.7455673562069, 30.263181675306726], [-97.74560252936897, 30.26315960403049], [-97.74561596432137, 30.263123891955367], [-97.74560252936897, 30.263088179880242], [-97.7455673562069, 30.263066108604008], [-97.7455238797876, 30.263066108604008], [-97.74548870662554, 30.263088179880242], [-97.74547527167313, 30.263123891955367]]]}}, {"type": "Feature", "properties": {"kind": "street", "radius_m": 5.4, "source": "snapshot"}, "geometry": {"type": "Polygon", "coordinates": [[[-97.74547400979523, 30.263598412617664], [-97.74548481504327, 30.263627134552653], [-97.74551310354991, 30.2636448856847], [-97.74554807006709, 30.2636448856847], [-97.74557635857373, 30.263627134552653], [-97.74558716382177, 30.263598412617664], [-97.74557635857373, 30.263569690682676], [-97.74554807006709, 30.26355193955063], [-97.74551310354991, 30.26355193955063], [-97.74548481504327, 30.263569690682676], [-97.74547400979523, 30.263598412617664]]]}}, {"type": "Feature", "properties": {"kind": "street", "radius_m": 6.5, "source": "snapshot"}, "geometry": {"type": "Polygon", "coordinates": [[[-97.7456034230741, 30.26425904878501], [-97.74561624722105, 30.264293137249563], [-97.74564982127363, 30.26431420507928], [-97.74569132108492, 30.26431420507928], [-97.7457248951375, 30.264293137249563], [-97.74573771928445, 30.26425904878501], [-97.7457248951375, 30.26422496032046], [-97.74569132108492, 30.26420389249074], [-97.74564982127363, 30.26420389249074], [-97.74561624722105, 30.26422496032046], [-97.7456034230741, 30.26425904878501]]]}}, {"type": "Feature", "properties": {"kind": "street", "radius_m": 7.8, "source": "snapshot"}, "geometry": {"type": "Polygon", "coordinates": [[[-97.74544241440948, 30.26501621504924], [-97.74545786871288, 30.265057294855588], [-97.74549832860441, 30.265082683572164], [-97.74554833978073, 30.265082683572164], [-97.74558879967226, 30.265057294855588], [-97.74560425397566, 30.26501621504924], [-97.74558879967226, 30.264975135242892], [-97.74554833978073, 30.264949746526316], [-97.74549832860441, 30.264949746526316], [-97.74545786871288, 30.264975135242892], [-97.74544241440948, 30.26501621504924]]]}}, {"type": "Feature", "properties": {"kind": "street", "radius_m": 5.3, "source": "snapshot"}, "geometry": {"type": "Polygon", "coordinates": [[[-97.74546637112499, 30.265317361804], [-97.7454769965256, 30.265345605678117], [-97.74550481418554, 30.265363061352293], [-97.74553919870421, 30.265363061352293], [-97.74556701636415, 30.265345605678117], [-97.74557764176475, 30.265317361804], [-97.74556701636415, 30.265289117929886], [-97.74553919870421, 30.26527166225571], [-97.74550481418554, 30.26527166225571], [-97.7454769965256, 30.265289117929886], [-97.74546637112499, 30.265317361804]]]}}, {"type": "Feature", "properties": {"kind": "street", "radius_m": 7.2, "source": "snapshot"}, "geometry": {"type": "Polygon", "coordinates": [[[-97.74560032326886, 30.26548491394737], [-97.74561465374587, 30.265523006458285], [-97.74565217142177, 30.265546548924746], [-97.74569854581952, 30.265546548924746], [-97.74573606349541, 30.265523006458285], [-97.74575039397243, 30.26548491394737], [-97.74573606349541, 30.265446821436452], [-97.74569854581952, 30.26542327896999], [-97.74565217142177, 30.26542327896999], [-97.74561465374587, 30.265446821436452], [-97.74560032326886, 30.26548491394737]]]}}, {"type": "Feature", "properties": {"kind": "street", "radius_m": 5.4, "source": "snapshot"}, "geometry": {"type": "Polygon", "coordinates": [[[-97.7454802186628, 30.265904805519064], [-97.74549097593957, 30.265933399939385], [-97.74551913885581, 30.265951072263036], [-97.74555395013472, 30.265951072263036], [-97.74558211305096, 30.265933399939385], [-97.74559287032773, 30.265904805519064], [-97.74558211305096, 30.265876211098742], [-97.74555395013472, 30.265858538775092], [-97.74551913885581, 30.265858538775092], [-97.74549097593957, 30.265876211098742], [-97.7454802186628, 30.265904805519064]]]}}, {"type": "Feature", "properties": {"kind": "street", "radius_m": 7.4, "source": "snapshot"}, "geometry": {"type": "Polygon", "coordinates": [[[-97.74544520293753, 30.266366869882955], [-97.74545997987872, 30.266406149161167], [-97.74549866641298, 30.266430425090157], [-97.74554648559918, 30.266430425090157], [-97.74558517213345, 30.266406149161167], [-97.74559994907463, 30.266366869882955], [-97.74558517213345, 30.266327590604742], [-97.74554648559918, 30.266303314675753], [-97.74549866641298, 30.266303314675753], [-97.74545997987872, 30.266327590604742], [-97.74544520293753, 30.266366869882955]]]}}, {"type": "Feature", "properties": {"kind": "street", "radius_m": 5.3, "source": "snapshot"}, "geometry": {"type": "Polygon", "coordinates": [[[-97.74560486067469, 30.26670842085419], [-97.74561533785656, 30.26673627074115], [-97.7456427674748, 30.266753482917874], [-97.74567667234757, 30.266753482917874], [-97.74570410196581, 30.26673627074115], [-97.74571457914769, 30.26670842085419], [-97.74570410196581, 30.26668057096723], [-97.74567667234757, 30.266663358790506], [-97.7456427674748, 30.266663358790506], [-97.74561533785656, 30.26668057096723], [-97.74560486067469, 30.26670842085419]]]}}, {"type": "Feature", "properties": {"kind": "street", "radius_m": 6.5, "source": "snapshot"}, "geometry": {"type": "Polygon", "coordinates": [[[-97.745587054203, 30.26687254830821], [-97.74560001943112, 30.26690701178722], [-97.74563396283901, 30.26692831138862], [-97.74567591919856, 30.26692831138862], [-97.74570986260645, 30.26690701178722], [-97.74572282783457, 30.26687254830821], [-97.74570986260645, 30.2668380848292], [-97.74567591919856, 30.2668167852278], [-97.74563396283901, 30.2668167852278], [-97.74560001943112, 30.2668380848292], [-97.745587054203, 30.26687254830821]]]}}, {"type": "Feature", "properties": {"kind": "street", "radius_m": 5.8, "source": "snapshot"}, "geometry": {"type": "Polygon", "coordinates": [[[-97.74548780865852, 30.267124531389065], [-97.74549938825197, 30.26715531164776], [-97.74552970402118, 30.267174334893813], [-97.7455671763727, 30.267174334893813], [-97.74559749214191, 30.26715531164776], [-97.74560907173536, 30.267124531389065], [-97.74559749214191, 30.26709375113037], [-97.7455671763727, 30.267074727884317], [-97.74552970402118, 30.267074727884317], [-97.74549938825197, 30.26709375113037], [-97.74548780865852, 30.267124531389065]]]}}, {"type": "Feature", "properties": {"kind": "street", "radius_m": 6.7, "source": "snapshot"}, "geometry": {"type": "Polygon", "coordinates": [[[-97.74560227619199, 30.267937434640505], [-97.74561567630317, 30.26797305410254], [-97.74565075824974, 30.267995068140742], [-97.74569412192047, 30.267995068140742], [-97.74572920386703, 30.26797305410254], [-97.74574260397821, 30.267937434640505], [-97.74572920386703, 30.26790181517847], [-97.74569412192047, 30.267879801140268], [-97.74565075824974, 30.267879801140268], [-97.74561567630317, 30.26790181517847], [-97.74560227619199, 30.267937434640505]]]}}, {"type": "Feature", "properties": {"kind": "street", "radius_m": 7.0, "source": "snapshot"}, "geometry": {"type": "Polygon", "coordinates": [[[-97.74545536453991, 30.268521848064527], [-97.74546931124216, 30.268558920445784], [-97.74550582418266, 30.268581832437448], [-97.74555095665917, 30.268581832437448], [-97.74558746959967, 30.268558920445784], [-97.74560141630192, 30.268521848064527], [-97.74558746959967, 30.26848477568327], [-97.74555095665917, 30.268461863691606], [-97.74550582418266, 30.268461863691606], [-97.74546931124216, 30.26848477568327], [-97.74545536453991, 30.268521848064527]]]}}, {"type": "Feature", "properties": {"kind": "street", "radius_m": 7.8, "source": "snapshot"}, "geometry": {"type": "Polygon", "coordinates": [[[-97.74556664749969, 30.269358664469355], [-97.74558215761934, 30.269399892643527], [-97.74562276363976, 30.269425373056457], [-97.7456729554413, 30.269425373056457], [-97.74571356146171, 30.269399892643527], [-97.74572907158137, 30.269358664469355], [-97.74571356146171, 30.269317436295182], [-97.7456729554413, 30.269291955882252], [-97.74562276363976, 30.269291955882252], [-97.74558215761934, 30.269317436295182], [-97.74556664749969, 30.269358664469355]]]}}, {"type": "Feature", "properties": {"kind": "street", "radius_m": 7.0, "source": "snapshot"}, "geometry": {"type": "Polygon", "coordinates": [[[-97.7454543587321, 30.26991313002291], [-97.74546821405227, 30.26994995949719], [-97.74550448775138, 30.26997272136408], [-97.74554932450927, 30.26997272136408], [-97.74558559820838, 30.26994995949719], [-97.74559945352854, 30.26991313002291], [-97.74558559820838, 30.26987630054863], [-97.74554932450927, 30.26985353868174], [-97.74550448775138, 30.26985353868174], [-97.74546821405227, 30.26987630054863], [-97.7454543587321, 30.26991313002291]]]}}, {"type": "Feature", "properties": {"kind": "street", "radius_m": 6.7, "source": "snapshot"}, "geometry": {"type": "Polygon", "coordinates": [[[-97.74546812024867, 30.270214053168875], [-97.7454813544811, 30.270249231700813], [-97.74551600215142, 30.270270973229223], [-97.74555882902717, 30.270270973229223], [-97.7455934766975, 30.270249231700813], [-97.74560671092992, 30.270214053168875], [-97.7455934766975, 30.270178874636937], [-97.74555882902717, 30.270157133108526], [-97.74551600215142, 30.270157133108526], [-97.7454813544811, 30.270178874636937], [-97.74546812024867, 30.270214053168875]]]}}, {"type": "Feature", "properties": {"kind": "street", "radius_m": 6.4, "source": "snapshot"}, "geometry": {"type": "Polygon", "coordinates": [[[-97.74546990639513, 30.271155290430137], [-97.74548252591335, 30.271188834961517], [-97.74551556424099, 30.271209566622048], [-97.74555640185982, 30.271209566622048], [-97.74558944018746, 30.271188834961517], [-97.74560205970567, 30.271155290430137], [-97.74558944018746, 30.271121745898757], [-97.74555640185982, 30.271101014238226], [-97.74551556424099, 30.271101014238226], [-97.74548252591335, 30.271121745898757], [-97.74546990639513, 30.271155290430137]]]}}, {"type": "Feature", "properties": {"kind": "street", "radius_m": 7.3, "source": "snapshot"}, "geometry": {"type": "Polygon", "coordinates": [[[-97.74544629010617, 30.27131676642153], [-97.74546088229464, 30.271355554599875], [-97.74549908513998, 30.271379527012453], [-97.74554630645378, 30.271379527012453], [-97.74558450929912, 30.271355554599875], [-97.74559910148758, 30.27131676642153], [-97.74558450929912, 30.271277978243187], [-97.74554630645378, 30.27125400583061], [-97.74549908513998, 30.27125400583061], [-97.74546088229464, 30.271277978243187], [-97.74544629010617, 30.27131676642153]]]}}, {"type": "Feature", "properties": {"kind": "street", "radius_m": 5.2, "source": "snapshot"}, "geometry": {"type": "Polygon", "coordinates": [[[-97.74549639950303, 30.27204301959819], [-97.74550667268737, 30.272070327229784], [-97.74553356823316, 30.272087204274264], [-97.74556681295604, 30.272087204274264], [-97.74559370850183, 30.272070327229784], [-97.74560398168617, 30.27204301959819], [-97.74559370850183, 30.272015711966596], [-97.74556681295604, 30.271998834922115], [-97.74553356823316, 30.271998834922115], [-97.74550667268737, 30.272015711966596], [-97.74549639950303, 30.27204301959819]]]}}, {"type": "Feature", "properties": {"kind": "street", "radius_m": 5.9, "source": "snapshot"}, "geometry": {"type": "Polygon", "coordinates": [[[-97.74547922673605, 30.272501120097623], [-97.74549098839633, 30.2725323843167], [-97.74552178082271, 30.27255170666672], [-97.74555984235494, 30.27255170666672], [-97.74559063478132, 30.2725323843167], [-97.7456023964416, 30.272501120097623], [-97.74559063478132, 30.272469855878544], [-97.74555984235494, 30.272450533528524], [-97.74552178082271, 30.272450533528524], [-97.74549098839633, 30.272469855878544], [-97.74547922673605, 30.272501120097623]]]}}, {"type": "Feature", "properties": {"kind": "street", "radius_m": 6.8, "source": "snapshot"}, "geometry": {"type": "Polygon", "coordinates": [[[-97.74559754590115, 30.273021141530037], [-97.745611029728, 30.27305698352058], [-97.74564633084499, 30.27307913508896], [-97.74568996542529, 30.27307913508896], [-97.74572526654228, 30.27305698352058], [-97.74573875036913, 30.273021141530037], [-97.74572526654228, 30.272985299539496], [-97.74568996542529, 30.272963147971115], [-97.74564633084499, 30.272963147971115], [-97.745611029728, 30.272985299539496], [-97.74559754590115, 30.273021141530037]]]}}, {"type": "Feature", "properties": {"kind": "street", "radius_m": 4.7, "source": "snapshot"}, "geometry": {"type": "Polygon", "coordinates": [[[-97.745609791321, 30.27364935508384], [-97.7456191202508, 30.27367415274826], [-97.74564354370607, 30.273689478547713], [-97.74567373275703, 30.273689478547713], [-97.7456981562123, 30.27367415274826], [-97.74570748514209, 30.27364935508384], [-97.7456981562123, 30.27362455741942], [-97.74567373275703, 30.273609231619968], [-97.74564354370607, 30.273609231619968], [-97.7456191202508, 30.27362455741942], [-97.745609791321, 30.27364935508384]]]}}, {"type": "Feature", "properties": {"kind": "street", "radius_m": 6.0, "source": "snapshot"}, "geometry": {"type": "Polygon", "coordinates": [[[-97.74548524835666, 30.273895042676298], [-97.74549720386536, 30.273926822172932], [-97.74552850379351, 30.273946462981996], [-97.7455671926324, 30.273946462981996], [-97.74559849256055, 30.273926822172932], [-97.74561044806924, 30.273895042676298], [-97.74559849256055, 30.273863263179663], [-97.7455671926324, 30.2738436223706], [-97.74552850379351, 30.2738436223706], [-97.74549720386536, 30.273863263179663], [-97.74548524835666, 30.273895042676298]]]}}, {"type": "Feature", "properties": {"kind": "street", "radius_m": 5.2, "source": "snapshot"}, "geometry": {"type": "Polygon", "coordinates": [[[-97.74548221541946, 30.274654657541834], [-97.74549262407126, 30.274682325265797], [-97.74551987427544, 30.274699424859598], [-97.7455535573802, 30.274699424859598], [-97.74558080758439, 30.274682325265797], [-97.74559121623619, 30.274654657541834], [-97.74558080758439, 30.27462698981787], [-97.7455535573802, 30.27460989022407], [-97.74551987427544, 30.27460989022407], [-97.74549262407126, 30.27462698981787], [-97.74548221541946, 30.274654657541834]]]}}, {"type": "Feature", "properties": {"kind": "street", "radius_m": 7.6, "source": "snapshot"}, "geometry": {"type": "Polygon", "coordinates": [[[-97.745569582021, 30.275317572366337], [-97.7455847731893, 30.275357952720945], [-97.74562454418417, 30.27538290915257], [-97.74567370383737, 30.27538290915257], [-97.74571347483224, 30.275357952720945], [-97.74572866600053, 30.275317572366337], [-97.74571347483224, 30.27527719201173], [-97.74567370383737, 30.275252235580105], [-97.74562454418417, 30.275252235580105], [-97.7455847731893, 30.27527719201173], [-97.745569582021, 30.275317572366337]]]}}, {"type": "Feature", "properties": {"kind": "street", "radius_m": 7.9, "source": "snapshot"}, "geometry": {"type": "Polygon", "coordinates": [[[-97.74544241105211, 30.275745453638915], [-97.74545803436429, 30.275786982695433], [-97.74549893672659, 30.27581264906388], [-97.74554949482683, 30.27581264906388], [-97.74559039718913, 30.275786982695433], [-97.74560602050131, 30.275745453638915], [-97.74559039718913, 30.2757039245824], [-97.74554949482683, 30.27567825821395], [-97.74549893672659, 30.27567825821395], [-97.74545803436429, 30.2757039245824], [-97.74544241105211, 30.275745453638915]]]}}, {"type": "Feature", "properties": {"kind": "street", "radius_m": 5.3, "source": "snapshot"}, "geometry": {"type": "Polygon", "coordinates": [[[-97.74549523708271, 30.276522497417123], [-97.74550584773738, 30.276550702094344], [-97.74553362679191, 30.276568133543506], [-97.7455679635917, 30.276568133543506], [-97.74559574264623, 30.276550702094344], [-97.7456063533009, 30.276522497417123], [-97.74559574264623, 30.2764942927399], [-97.7455679635917, 30.27647686129074], [-97.74553362679191, 30.27647686129074], [-97.74550584773738, 30.2764942927399], [-97.74549523708271, 30.276522497417123]]]}}, {"type": "Feature", "properties": {"kind": "street", "radius_m": 7.1, "source": "snapshot"}, "geometry": {"type": "Polygon", "coordinates": [[[-97.74545091101284, 30.277014584776328], [-97.74546510310505, 30.277052309440116], [-97.7455022584848, 30.277075624564553], [-97.74554818505993, 30.277075624564553], [-97.74558534043969, 30.277052309440116], [-97.7455995325319, 30.277014584776328], [-97.74558534043969, 30.27697686011254], [-97.74554818505993, 30.276953544988103], [-97.7455022584848, 30.276953544988103], [-97.74546510310505, 30.27697686011254], [-97.74545091101284, 30.277014584776328]]]}}, {"type": "Feature", "properties": {"kind": "street", "radius_m": 6.3, "source": "snapshot"}, "geometry": {"type": "Polygon", "coordinates": [[[-97.74561261276969, 30.277032937173253], [-97.74562503327697, 30.27706595270433], [-97.74565755058718, 30.277086357424693], [-97.74569774419307, 30.277086357424693], [-97.74573026150328, 30.27706595270433], [-97.74574268201056, 30.277032937173253], [-97.74573026150328, 30.276999921642176], [-97.74569774419307, 30.276979516921813], [-97.74565755058718, 30.276979516921813], [-97.74562503327697, 30.276999921642176], [-97.74561261276969, 30.277032937173253]]]}}, {"type": "Feature", "properties": {"kind": "street", "radius_m": 5.7, "source": "snapshot"}, "geometry": {"type": "Polygon", "coordinates": [[[-97.74560123968732, 30.277347796759265], [-97.74561254641984, 30.277377851713563], [-97.74564214782986, 30.277396426696846], [-97.74567873718486, 30.277396426696846], [-97.74570833859488, 30.277377851713563], [-97.7457196453274, 30.277347796759265], [-97.74570833859488, 30.277317741804968], [-97.74567873718486, 30.277299166821685], [-97.74564214782986, 30.277299166821685], [-97.74561254641984, 30.277317741804968], [-97.74560123968732, 30.277347796759265]]]}}, {"type": "Feature", "properties": {"kind": "street", "radius_m": 5.5, "source": "snapshot"}, "geometry": {"type": "Polygon", "coordinates": [[[-97.74547230467178, 30.26036896310134], [-97.7454831437463, 30.260397774952068], [-97.7455115208118, 30.260415581655096], [-97.74554659679377, 30.260415581655096], [-97.74557497385928, 30.260397774952068], [-97.7455858129338, 30.26036896310134], [-97.74557497385928, 30.26034015125061], [-97.74554659679377, 30.260322344547582], [-97.7455115208118, 30.260322344547582], [-97.7454831437463, 30.26034015125061], [-97.74547230467178, 30.26036896310134]]]}}, {"type": "Feature", "properties": {"kind": "street", "radius_m": 6.9, "source": "snapshot"}, "geometry": {"type": "Polygon", "coordinates": [[[-97.74545228236587, 30.260835017946153], [-97.74546594667096, 30.260871339674352], [-97.74550172028613, 30.260893787736908], [-97.74554593890629, 30.260893787736908], [-97.74558171252146, 30.260871339674352], [-97.74559537682654, 30.260835017946153], [-97.74558171252146, 30.260798696217954], [-97.74554593890629, 30.2607762481554], [-97.74550172028613, 30.2607762481554], [-97.74546594667096, 30.260798696217954], [-97.74545228236587, 30.260835017946153]]]}}, {"type": "Feature", "properties": {"kind": "street", "radius_m": 7.0, "source": "snapshot"}, "geometry": {"type": "Polygon", "coordinates": [[[-97.74559334307553, 30.26101982778703], [-97.74560723968575, 30.26105676701638], [-97.74564362148368, 30.261079596715636], [-97.74568859185905, 30.261079596715636], [-97.74572497365698, 30.26105676701638], [-97.7457388702672, 30.26101982778703], [-97.74572497365698, 30.26098288855768], [-97.74568859185905, 30.260960058858426], [-97.74564362148368, 30.260960058858426], [-97.74560723968575, 30.26098288855768], [-97.74559334307553, 30.26101982778703]]]}}, {"type": "Feature", "properties": {"kind": "street", "radius_m": 6.7, "source": "snapshot"}, "geometry": {"type": "Polygon", "coordinates": [[[-97.74558173608419, 30.26118618907544], [-97.74559508201136, 30.261221664508422], [-97.74563002210233, 30.261243589531773], [-97.74567321042993, 30.261243589531773], [-97.7457081505209, 30.261221664508422], [-97.74572149644807, 30.26118618907544], [-97.7457081505209, 30.261150713642454], [-97.74567321042993, 30.261128788619104], [-97.74563002210233, 30.261128788619104], [-97.74559508201136, 30.261150713642454], [-97.74558173608419, 30.26118618907544]]]}}, {"type": "Feature", "properties": {"kind": "street", "radius_m": 5.6, "source": "snapshot"}, "geometry": {"type": "Polygon", "coordinates": [[[-97.74549184509586, 30.261581757017737], [-97.7455029270901, 30.261611214584743], [-97.74553194012769, 30.261629420362375], [-97.74556780221441, 30.261629420362375], [-97.745596815252, 30.261611214584743], [-97.74560789724624, 30.261581757017737], [-97.745596815252, 30.26155229945073], [-97.74556780221441, 30.2615340936731], [-97.74553194012769, 30.2615340936731], [-97.7455029270901, 30.26155229945073], [-97.74549184509586, 30.261581757017737]]]}}, {"type": "Feature", "properties": {"kind": "street", "radius_m": 5.2, "source": "snapshot"}, "geometry": {"type": "Polygon", "coordinates": [[[-97.74549115258458, 30.2617400017215], [-97.74550139420313, 30.261767225446608], [-97.74552820710862, 30.261784050634024], [-97.74556134968249, 30.261784050634024], [-97.74558816258798, 30.261767225446608], [-97.74559840420653, 30.2617400017215], [-97.74558816258798, 30.26171277799639], [-97.74556134968249, 30.261695952808974], [-97.74552820710862, 30.261695952808974], [-97.74550139420313, 30.26171277799639], [-97.74549115258458, 30.2617400017215]]]}}, {"type": "Feature", "properties": {"kind": "street", "radius_m": 4.6, "source": "snapshot"}, "geometry": {"type": "Polygon", "coordinates": [[[-97.74548812626912, 30.261901527723282], [-97.74549724764876, 30.26192577368892], [-97.74552112773067, 30.261940758519774], [-97.7455506451352, 30.261940758519774], [-97.74557452521711, 30.26192577368892], [-97.74558364659674, 30.261901527723282], [-97.74557452521711, 30.261877281757645], [-97.7455506451352, 30.26186229692679], [-97.74552112773067, 30.26186229692679], [-97.74549724764876, 30.261877281757645], [-97.74548812626912, 30.261901527723282]]]}}, {"type": "Feature", "properties": {"kind": "street", "radius_m": 5.6, "source": "snapshot"}, "geometry": {"type": "Polygon", "coordinates": [[[-97.74559109355198, 30.27780706797717], [-97.74560228791695, 30.27783682424207], [-97.74563159514494, 30.277855214625152], [-97.74566782087098, 30.277855214625152], [-97.74569712809897, 30.27783682424207], [-97.74570832246394, 30.27780706797717], [-97.74569712809897, 30.277777311712274], [-97.74566782087098, 30.27775892132919], [-97.74563159514494, 30.27775892132919], [-97.74560228791695, 30.277777311712274], [-97.74559109355198, 30.27780706797717]]]}}, {"type": "Feature", "properties": {"kind": "street", "radius_m": 4.8, "source": "snapshot"}, "geometry": {"type": "Polygon", "coordinates": [[[-97.74459420192883, 30.262202135248835], [-97.74460372958997, 30.26222746117032], [-97.74462867333064, 30.26224311345059], [-97.74465950548974, 30.26224311345059], [-97.7446844492304, 30.26222746117032], [-97.74469397689154, 30.262202135248835], [-97.7446844492304, 30.26217680932735], [-97.74465950548974, 30.26216115704708], [-97.74462867333064, 30.26216115704708], [-97.74460372958997, 30.26217680932735], [-97.74459420192883, 30.262202135248835]]]}}, {"type": "Feature", "properties": {"kind": "street", "radius_m": 5.6, "source": "snapshot"}, "geometry": {"type": "Polygon", "coordinates": [[[-97.74458354966788, 30.262973761400893], [-97.74459458204849, 30.2630030870876], [-97.74462346519593, 30.263021211358726], [-97.74465916672958, 30.263021211358726], [-97.74468804987701, 30.2630030870876], [-97.74469908225763, 30.262973761400893], [-97.74468804987701, 30.262944435714186], [-97.74465916672958, 30.26292631144306], [-97.74462346519593, 30.26292631144306], [-97.74459458204849, 30.262944435714186], [-97.74458354966788, 30.262973761400893]]]}}, {"type": "Feature", "properties": {"kind": "street", "radius_m": 6.2, "source": "snapshot"}, "geometry": {"type": "Polygon", "coordinates": [[[-97.74457520102614, 30.26328290747015], [-97.74458750639103, 30.26331561693586], [-97.74461972225455, 30.26333583249742], [-97.74465954325183, 30.26333583249742], [-97.74469175911536, 30.26331561693586], [-97.74470406448025, 30.26328290747015], [-97.74469175911536, 30.26325019800444], [-97.74465954325183, 30.263229982442876], [-97.74461972225455, 30.263229982442876], [-97.74458750639103, 30.26325019800444], [-97.74457520102614, 30.26328290747015]]]}}, {"type": "Feature", "properties": {"kind": "street", "radius_m": 6.7, "source": "snapshot"}, "geometry": {"type": "Polygon", "coordinates": [[[-97.7445757847392, 30.26343182252811], [-97.74458906901813, 30.26346713409098], [-97.74462384771186, 30.26348895783703], [-97.74466683654151, 30.26348895783703], [-97.74470161523524, 30.26346713409098], [-97.74471489951418, 30.26343182252811], [-97.74470161523524, 30.263396510965237], [-97.74466683654151, 30.263374687219187], [-97.74462384771186, 30.263374687219187], [-97.74458906901813, 30.263396510965237], [-97.7445757847392, 30.26343182252811]]]}}, {"type": "Feature", "properties": {"kind": "street", "radius_m": 7.8, "source": "snapshot"}, "geometry": {"type": "Polygon", "coordinates": [[[-97.7445685136413, 30.263735614529377], [-97.74458404903537, 30.263776909886626], [-97.74462472122504, 30.263802431820984], [-97.74467499481626, 30.263802431820984], [-97.74471566700593, 30.263776909886626], [-97.7447312024, 30.263735614529377], [-97.74471566700593, 30.263694319172128], [-97.74467499481626, 30.26366879723777], [-97.74462472122504, 30.26366879723777], [-97.74458404903537, 30.263694319172128], [-97.7445685136413, 30.263735614529377]]]}}, {"type": "Feature", "properties": {"kind": "street", "radius_m": 5.7, "source": "snapshot"}, "geometry": {"type": "Polygon", "coordinates": [[[-97.74470735532931, 30.26378901607609], [-97.74471858523067, 30.26381886680191], [-97.74474798549412, 30.263837315565056], [-97.74478432621831, 30.263837315565056], [-97.74481372648175, 30.26381886680191], [-97.74482495638311, 30.26378901607609], [-97.74481372648175, 30.26375916535027], [-97.74478432621831, 30.263740716587122], [-97.74474798549412, 30.263740716587122], [-97.74471858523067, 30.26375916535027], [-97.74470735532931, 30.26378901607609]]]}}, {"type": "Feature", "properties": {"kind": "street", "radius_m": 7.9, "source": "snapshot"}, "geometry": {"type": "Polygon", "coordinates": [[[-97.7446899801434, 30.264097599475296], [-97.74470569214166, 30.26413936427242], [-97.74474682668713, 30.264165176336576], [-97.74479767178155, 30.264165176336576], [-97.74483880632702, 30.26413936427242], [-97.74485451832528, 30.264097599475296], [-97.74483880632702, 30.26405583467817], [-97.74479767178155, 30.264030022614016], [-97.74474682668713, 30.264030022614016], [-97.74470569214166, 30.26405583467817], [-97.7446899801434, 30.264097599475296]]]}}, {"type": "Feature", "properties": {"kind": "street", "radius_m": 5.2, "source": "snapshot"}, "geometry": {"type": "Polygon", "coordinates": [[[-97.74470269399728, 30.26427093428435], [-97.74471302919305, 30.264298406751433], [-97.74474008708688, 30.264315385669846], [-97.74477353248298, 30.264315385669846], [-97.74480059037681, 30.264298406751433], [-97.74481092557258, 30.26427093428435], [-97.74480059037681, 30.26424346181727], [-97.74477353248298, 30.264226482898856], [-97.74474008708688, 30.264226482898856], [-97.74471302919305, 30.26424346181727], [-97.74470269399728, 30.26427093428435]]]}}, {"type": "Feature", "properties": {"kind": "street", "radius_m": 5.5, "source": "snapshot"}, "geometry": {"type": "Polygon", "coordinates": [[[-97.7447194877417, 30.264413581352233], [-97.74473045280148, 30.26444272809023], [-97.74475915970064, 30.264460741764974], [-97.74479464337941, 30.264460741764974], [-97.74482335027857, 30.26444272809023], [-97.74483431533834, 30.264413581352233], [-97.74482335027857, 30.264384434614236], [-97.74479464337941, 30.264366420939492], [-97.74475915970064, 30.264366420939492], [-97.74473045280148, 30.264384434614236], [-97.7447194877417, 30.264413581352233]]]}}, {"type": "Feature", "properties": {"kind": "street", "radius_m": 5.9, "source": "snapshot"}, "geometry": {"type": "Polygon", "coordinates": [[[-97.74469742985904, 30.265199441556714], [-97.7447091004966, 30.26523046382401], [-97.74473965462239, 30.26524963663961], [-97.74477742159884, 30.26524963663961], [-97.74480797572463, 30.26523046382401], [-97.74481964636219, 30.265199441556714], [-97.74480797572463, 30.265168419289417], [-97.74477742159884, 30.26514924647382], [-97.74473965462239, 30.26514924647382], [-97.7447091004966, 30.265168419289417], [-97.74469742985904, 30.265199441556714]]]}}, {"type": "Feature", "properties": {"kind": "street", "radius_m": 6.4, "source": "snapshot"}, "geometry": {"type": "Polygon", "coordinates": [[[-97.74469773103617, 30.265344380600737], [-97.74471046326275, 30.26537822472748], [-97.74474379666472, 30.265399141548126], [-97.74478499901545, 30.265399141548126], [-97.74481833241742, 30.26537822472748], [-97.744831064644, 30.265344380600737], [-97.74481833241742, 30.265310536473994], [-97.74478499901545, 30.26528961965335], [-97.74474379666472, 30.26528961965335], [-97.74471046326275, 30.265310536473994], [-97.74469773103617, 30.265344380600737]]]}}, {"type": "Feature", "properties": {"kind": "street", "radius_m": 7.4, "source": "snapshot"}, "geometry": {"type": "Polygon", "coordinates": [[[-97.74467927735144, 30.26640172481473], [-97.74469390992182, 30.266440620334187], [-97.74473221848847, 30.26646465908722], [-97.74477957048093, 30.26646465908722], [-97.74481787904757, 30.266440620334187], [-97.74483251161796, 30.26640172481473], [-97.74481787904757, 30.266362829295275], [-97.74477957048093, 30.266338790542243], [-97.74473221848847, 30.266338790542243], [-97.74469390992182, 30.266362829295275], [-97.74467927735144, 30.26640172481473]]]}}, {"type": "Feature", "properties": {"kind": "street", "radius_m": 5.3, "source": "snapshot"}, "geometry": {"type": "Polygon", "coordinates": [[[-97.74470676928942, 30.266866120107384], [-97.74471739071316, 30.266894353410393], [-97.74474519796152, 30.26691180255127], [-97.74477956961076, 30.26691180255127], [-97.74480737685911, 30.266894353410393], [-97.74481799828285, 30.266866120107384], [-97.74480737685911, 30.266837886804375], [-97.74477956961076, 30.266820437663498], [-97.74474519796152, 30.266820437663498], [-97.74471739071316, 30.266837886804375], [-97.74470676928942, 30.266866120107384]]]}}, {"type": "Feature", "properties": {"kind": "street", "radius_m": 5.9, "source": "snapshot"}, "geometry": {"type": "Polygon", "coordinates": [[[-97.74456088851306, 30.267767122725864], [-97.74457261386576, 30.267798290434037], [-97.74460331123764, 30.26781755313704], [-97.74464125527602, 30.26781755313704], [-97.7446719526479, 30.267798290434037], [-97.7446836780006, 30.267767122725864], [-97.7446719526479, 30.26773595501769], [-97.74464125527602, 30.26771669231469], [-97.74460331123764, 30.26771669231469], [-97.74457261386576, 30.26773595501769], [-97.74456088851306, 30.267767122725864]]]}}, {"type": "Feature", "properties": {"kind": "street", "radius_m": 6.7, "source": "snapshot"}, "geometry": {"type": "Polygon", "coordinates": [[[-97.74470471029915, 30.268715442826572], [-97.74471808597902, 30.268750997346544], [-97.7447531039635, 30.268772971248342], [-97.7447963885728, 30.268772971248342], [-97.74483140655728, 30.268750997346544], [-97.74484478223715, 30.268715442826572], [-97.74483140655728, 30.2686798883066], [-97.7447963885728, 30.268657914404802], [-97.7447531039635, 30.268657914404802], [-97.74471808597902, 30.2686798883066], [-97.74470471029915, 30.268715442826572]]]}}, {"type": "Feature", "properties": {"kind": "street", "radius_m": 5.7, "source": "snapshot"}, "geometry": {"type": "Polygon", "coordinates": [[[-97.74471107002583, 30.268878853196696], [-97.7447224769846, 30.268909174567117], [-97.74475234079038, 30.26892791420462], [-97.74478925448442, 30.26892791420462], [-97.7448191182902, 30.268909174567117], [-97.74483052524897, 30.268878853196696], [-97.7448191182902, 30.268848531826276], [-97.74478925448442, 30.26882979218877], [-97.74475234079038, 30.26882979218877], [-97.7447224769846, 30.268848531826276], [-97.74471107002583, 30.268878853196696]]]}}, {"type": "Feature", "properties": {"kind": "street", "radius_m": 5.9, "source": "snapshot"}, "geometry": {"type": "Polygon", "coordinates": [[[-97.74471614392004, 30.26933306840983], [-97.74472786101781, 30.26936421417517], [-97.74475853677798, 30.269383463316753], [-97.74479645410283, 30.269383463316753], [-97.744827129863, 30.26936421417517], [-97.74483884696076, 30.26933306840983], [-97.744827129863, 30.269301922644487], [-97.74479645410283, 30.269282673502904], [-97.74475853677798, 30.269282673502904], [-97.74472786101781, 30.269301922644487], [-97.74471614392004, 30.26933306840983]]]}}, {"type": "Feature", "properties": {"kind": "street", "radius_m": 6.3, "source": "snapshot"}, "geometry": {"type": "Polygon", "coordinates": [[[-97.74458747232686, 30.269890708258337], [-97.74459996154738, 30.269923906439306], [-97.74463265875121, 30.26994442404351], [-97.74467307471781, 30.26994442404351], [-97.74470577192164, 30.269923906439306], [-97.74471826114217, 30.269890708258337], [-97.74470577192164, 30.26985751007737], [-97.74467307471781, 30.269836992473167], [-97.74463265875121, 30.269836992473167], [-97.74459996154738, 30.26985751007737], [-97.74458747232686, 30.269890708258337]]]}}, {"type": "Feature", "properties": {"kind": "street", "radius_m": 6.6, "source": "snapshot"}, "geometry": {"type": "Polygon", "coordinates": [[[-97.74469077789476, 30.270589035191286], [-97.74470380880238, 30.27062367325607], [-97.74473792416147, 30.270645080757408], [-97.74478009306436, 30.270645080757408], [-97.74481420842345, 30.27062367325607], [-97.74482723933107, 30.270589035191286], [-97.74481420842345, 30.270554397126503], [-97.74478009306436, 30.270532989625163], [-97.74473792416147, 30.270532989625163], [-97.74470380880238, 30.270554397126503], [-97.74469077789476, 30.270589035191286]]]}}, {"type": "Feature", "properties": {"kind": "street", "radius_m": 6.0, "source": "snapshot"}, "geometry": {"type": "Polygon", "coordinates": [[[-97.74459048243878, 30.271141085950045], [-97.74460231326164, 30.271172534013402], [-97.744633286758, 30.271191969985438], [-97.74467157210502, 30.271191969985438], [-97.74470254560138, 30.271172534013402], [-97.74471437642424, 30.271141085950045], [-97.74470254560138, 30.27110963788669], [-97.74467157210502, 30.271090201914653], [-97.744633286758, 30.271090201914653], [-97.74460231326164, 30.27110963788669], [-97.74459048243878, 30.271141085950045]]]}}, {"type": "Feature", "properties": {"kind": "street", "radius_m": 5.6, "source": "snapshot"}, "geometry": {"type": "Polygon", "coordinates": [[[-97.7445656861981, 30.27146577460002], [-97.7445767933801, 30.271495299119792], [-97.74460587236013, 30.271513546276513], [-97.74464181595613, 30.271513546276513], [-97.74467089493615, 30.271495299119792], [-97.74468200211815, 30.27146577460002], [-97.74467089493615, 30.27143625008025], [-97.74464181595613, 30.27141800292353], [-97.74460587236013, 30.27141800292353], [-97.7445767933801, 30.27143625008025], [-97.7445656861981, 30.27146577460002]]]}}, {"type": "Feature", "properties": {"kind": "street", "radius_m": 6.0, "source": "snapshot"}, "geometry": {"type": "Polygon", "coordinates": [[[-97.74457537242942, 30.271903438537517], [-97.74458735752953, 30.271935296692416], [-97.74461873492895, 30.271954986114963], [-97.74465751952759, 30.271954986114963], [-97.74468889692702, 30.271935296692416], [-97.74470088202712, 30.271903438537517], [-97.74468889692702, 30.27187158038262], [-97.74465751952759, 30.271851890960072], [-97.74461873492895, 30.271851890960072], [-97.74458735752953, 30.27187158038262], [-97.74457537242942, 30.271903438537517]]]}}, {"type": "Feature", "properties": {"kind": "street", "radius_m": 4.9, "source": "snapshot"}, "geometry": {"type": "Polygon", "coordinates": [[[-97.74470517959448, 30.272101484079684], [-97.74471491850942, 30.272127371544777], [-97.74474041531973, 30.272143370878087], [-97.74477193111046, 30.272143370878087], [-97.74479742792077, 30.272127371544777], [-97.74480716683571, 30.272101484079684], [-97.74479742792077, 30.27207559661459], [-97.74477193111046, 30.27205959728128], [-97.74474041531973, 30.27205959728128], [-97.74471491850942, 30.27207559661459], [-97.74470517959448, 30.272101484079684]]]}}, {"type": "Feature", "properties": {"kind": "street", "radius_m": 5.1, "source": "snapshot"}, "geometry": {"type": "Polygon", "coordinates": [[[-97.74456934063409, 30.27298693946651], [-97.74457949229871, 30.273013924080832], [-97.74460606970172, 30.27303060148966], [-97.7446389211785, 30.27303060148966], [-97.74466549858151, 30.273013924080832], [-97.74467565024614, 30.27298693946651], [-97.74466549858151, 30.272959954852187], [-97.7446389211785, 30.27294327744336], [-97.74460606970172, 30.27294327744336], [-97.74457949229871, 30.272959954852187], [-97.74456934063409, 30.27298693946651]]]}}, {"type": "Feature", "properties": {"kind": "street", "radius_m": 5.3, "source": "snapshot"}, "geometry": {"type": "Polygon", "coordinates": [[[-97.74470902854512, 30.273024488440015], [-97.74471957929342, 30.27305253387736], [-97.7447472015111, 30.27306986691087], [-97.74478134444985, 30.27306986691087], [-97.74480896666753, 30.27305253387736], [-97.74481951741583, 30.273024488440015], [-97.74480896666753, 30.27299644300267], [-97.74478134444985, 30.27297910996916], [-97.7447472015111, 30.27297910996916], [-97.74471957929342, 30.27299644300267], [-97.74470902854512, 30.273024488440015]]]}}, {"type": "Feature", "properties": {"kind": "street", "radius_m": 6.0, "source": "snapshot"}, "geometry": {"type": "Polygon", "coordinates": [[[-97.74469002431769, 30.273194605144397], [-97.7447019674845, 30.27322635183447], [-97.74473323510117, 30.273245972367963], [-97.74477188400084, 30.273245972367963], [-97.7448031516175, 30.27322635183447], [-97.74481509478431, 30.273194605144397], [-97.7448031516175, 30.273162858454324], [-97.74477188400084, 30.27314323792083], [-97.74473323510117, 30.27314323792083], [-97.7447019674845, 30.273162858454324], [-97.74469002431769, 30.273194605144397]]]}}, {"type": "Feature", "properties": {"kind": "street", "radius_m": 6.6, "source": "snapshot"}, "geometry": {"type": "Polygon", "coordinates": [[[-97.74456567177008, 30.27360697377661], [-97.74457872779811, 30.27364167861514], [-97.74461290892329, 30.273663127384925], [-97.74465515911756, 30.273663127384925], [-97.74468934024273, 30.27364167861514], [-97.74470239627077, 30.27360697377661], [-97.74468934024273, 30.27357226893808], [-97.74465515911756, 30.273550820168293], [-97.74461290892329, 30.273550820168293], [-97.74457872779811, 30.27357226893808], [-97.74456567177008, 30.27360697377661]]]}}, {"type": "Feature", "properties": {"kind": "street", "radius_m": 7.1, "source": "snapshot"}, "geometry": {"type": "Polygon", "coordinates": [[[-97.74455701493542, 30.27375941615925], [-97.74457118419757, 30.27379708013737], [-97.74460827980744, 30.273820357755998], [-97.74465413250289, 30.273820357755998], [-97.74469122811276, 30.27379708013737], [-97.7447053973749, 30.27375941615925], [-97.74469122811276, 30.27372175218113], [-97.74465413250289, 30.273698474562504], [-97.74460827980744, 30.273698474562504], [-97.74457118419757, 30.27372175218113], [-97.74455701493542, 30.27375941615925]]]}}, {"type": "Feature", "properties": {"kind": "street", "radius_m": 5.2, "source": "snapshot"}, "geometry": {"type": "Polygon", "coordinates": [[[-97.74469636900426, 30.273956833847052], [-97.74470660761975, 30.27398404958955], [-97.7447334126631, 30.27400086984344], [-97.74476654551881, 30.27400086984344], [-97.74479335056216, 30.27398404958955], [-97.74480358917765, 30.273956833847052], [-97.74479335056216, 30.273929618104553], [-97.74476654551881, 30.273912797850663], [-97.7447334126631, 30.273912797850663], [-97.74470660761975, 30.273929618104553], [-97.74469636900426, 30.273956833847052]]]}}, {"type": "Feature", "properties": {"kind": "street", "radius_m": 7.5, "source": "snapshot"}, "geometry": {"type": "Polygon", "coordinates": [[[-97.74456071211866, 30.274202754682594], [-97.74457564830705, 30.27424245726324], [-97.74461475175592, 30.274266994807522], [-97.74466308627687, 30.274266994807522], [-97.74470218972574, 30.27424245726324], [-97.74471712591414, 30.274202754682594], [-97.74470218972574, 30.274163052101947], [-97.74466308627687, 30.274138514557666], [-97.74461475175592, 30.274138514557666], [-97.74457564830705, 30.274163052101947], [-97.74456071211866, 30.274202754682594]]]}}, {"type": "Feature", "properties": {"kind": "street", "radius_m": 7.3, "source": "snapshot"}, "geometry": {"type": "Polygon", "coordinates": [[[-97.74469675979597, 30.275296789854405], [-97.744711356024, 30.27533558877053], [-97.74474956944509, 30.27535956781942], [-97.74479680383122, 30.27535956781942], [-97.74483501725231, 30.27533558877053], [-97.74484961348034, 30.275296789854405], [-97.74483501725231, 30.27525799093828], [-97.74479680383122, 30.27523401188939], [-97.74474956944509, 30.27523401188939], [-97.744711356024, 30.27525799093828], [-97.74469675979597, 30.275296789854405]]]}}, {"type": "Feature", "properties": {"kind": "street", "radius_m": 5.0, "source": "snapshot"}, "geometry": {"type": "Polygon", "coordinates": [[[-97.74458234196238, 30.275736983952097], [-97.74459221201693, 30.275763220005526], [-97.7446180521552, 30.27577943477828], [-97.74464999232265, 30.27577943477828], [-97.74467583246093, 30.275763220005526], [-97.74468570251547, 30.275736983952097], [-97.74467583246093, 30.275710747898668], [-97.74464999232265, 30.275694533125915], [-97.7446180521552, 30.275694533125915], [-97.74459221201693, 30.275710747898668], [-97.74458234196238, 30.275736983952097]]]}}, {"type": "Feature", "properties": {"kind": "street", "radius_m": 6.9, "source": "snapshot"}, "geometry": {"type": "Polygon", "coordinates": [[[-97.74457161968213, 30.27588865379094], [-97.74458537952486, 30.275925229472215], [-97.74462140326084, 30.275947834486402], [-97.7446659310473, 30.275947834486402], [-97.74470195478327, 30.275925229472215], [-97.744715714626, 30.27588865379094], [-97.74470195478327, 30.275852078109665], [-97.7446659310473, 30.275829473095477], [-97.74462140326084, 30.275829473095477], [-97.74458537952486, 30.275852078109665], [-97.74457161968213, 30.27588865379094]]]}}, {"type": "Feature", "properties": {"kind": "street", "radius_m": 5.2, "source": "snapshot"}, "geometry": {"type": "Polygon", "coordinates": [[[-97.74459532783399, 30.276364139434925], [-97.74460555806394, 30.276391332887428], [-97.74463234115365, 30.276408139365348], [-97.7446654468732, 30.276408139365348], [-97.74469222996291, 30.276391332887428], [-97.74470246019285, 30.276364139434925], [-97.74469222996291, 30.276336945982422], [-97.7446654468732, 30.276320139504502], [-97.74463234115365, 30.276320139504502], [-97.74460555806394, 30.276336945982422], [-97.74459532783399, 30.276364139434925]]]}}, {"type": "Feature", "properties": {"kind": "street", "radius_m": 4.7, "source": "snapshot"}, "geometry": {"type": "Polygon", "coordinates": [[[-97.74459462431962, 30.27759890172515], [-97.74460393584286, 30.277623653120393], [-97.74462831372718, 30.277638950323926], [-97.74465844644935, 30.277638950323926], [-97.74468282433367, 30.277623653120393], [-97.74469213585691, 30.27759890172515], [-97.74468282433367, 30.277574150329905], [-97.74465844644935, 30.277558853126372], [-97.74462831372718, 30.277558853126372], [-97.74460393584286, 30.277574150329905], [-97.74459462431962, 30.27759890172515]]]}}, {"type": "Feature", "properties": {"kind": "street", "radius_m": 7.4, "source": "snapshot"}, "geometry": {"type": "Polygon", "coordinates": [[[-97.74457641618964, 30.260194528424048], [-97.74459102269114, 30.260233354648545], [-97.7446292630085, 30.26025735057494], [-97.74467653064025, 30.26025735057494], [-97.74471477095761, 30.260233354648545], [-97.74472937745911, 30.260194528424048], [-97.74471477095761, 30.26015570219955], [-97.74467653064025, 30.260131706273157], [-97.7446292630085, 30.260131706273157], [-97.74459102269114, 30.26015570219955], [-97.74457641618964, 30.260194528424048]]]}}, {"type": "Feature", "properties": {"kind": "street", "radius_m": 4.8, "source": "snapshot"}, "geometry": {"type": "Polygon", "coordinates": [[[-97.74457717528543, 30.260986135451702], [-97.7445866888409, 30.26101142387828], [-97.74461159565249, 30.261027052985426], [-97.7446423821647, 30.261027052985426], [-97.74466728897629, 30.26101142387828], [-97.74467680253176, 30.260986135451702], [-97.74466728897629, 30.260960847025125], [-97.7446423821647, 30.26094521791798], [-97.74461159565249, 30.26094521791798], [-97.7445866888409, 30.260960847025125], [-97.74457717528543, 30.260986135451702]]]}}, {"type": "Feature", "properties": {"kind": "street", "radius_m": 5.5, "source": "snapshot"}, "geometry": {"type": "Polygon", "coordinates": [[[-97.7445726391059, 30.261137857049757], [-97.74458348878902, 30.261166697099675], [-97.74461189362816, 30.261184521230764], [-97.74464700394026, 30.261184521230764], [-97.7446754087794, 30.261166697099675], [-97.74468625846252, 30.261137857049757], [-97.7446754087794, 30.26110901699984], [-97.74464700394026, 30.26109119286875], [-97.74461189362816, 30.26109119286875], [-97.74458348878902, 30.26110901699984], [-97.7445726391059, 30.261137857049757]]]}}, {"type": "Feature", "properties": {"kind": "street", "radius_m": 7.2, "source": "snapshot"}, "geometry": {"type": "Polygon", "coordinates": [[[-97.74468638774972, 30.26133186687436], [-97.74470065152316, 30.26136978207739], [-97.74473799456683, 30.261393214961554], [-97.7447841531073, 30.261393214961554], [-97.74482149615098, 30.26136978207739], [-97.74483575992441, 30.26133186687436], [-97.74482149615098, 30.26129395167133], [-97.7447841531073, 30.261270518787168], [-97.74473799456683, 30.261270518787168], [-97.74470065152316, 30.26129395167133], [-97.74468638774972, 30.26133186687436]]]}}, {"type": "Feature", "properties": {"kind": "street", "radius_m": 7.4, "source": "snapshot"}, "geometry": {"type": "Polygon", "coordinates": [[[-97.74467359341426, 30.261648805896098], [-97.74468825599983, 30.261687781200273], [-97.74472664314719, 30.261711869262975], [-97.74477409227079, 30.261711869262975], [-97.74481247941814, 30.261687781200273], [-97.74482714200371, 30.261648805896098], [-97.74481247941814, 30.261609830591922], [-97.74477409227079, 30.26158574252922], [-97.74472664314719, 30.26158574252922], [-97.74468825599983, 30.261609830591922], [-97.74467359341426, 30.261648805896098]]]}}, {"type": "Feature", "properties": {"kind": "street", "radius_m": 7.0, "source": "snapshot"}, "geometry": {"type": "Polygon", "coordinates": [[[-97.74455455077468, 30.261908746666702], [-97.74456848820736, 30.261945794408113], [-97.74460497687984, 30.26196869117151], [-97.74465007935943, 30.26196869117151], [-97.74468656803191, 30.261945794408113], [-97.74470050546459, 30.261908746666702], [-97.74468656803191, 30.26187169892529], [-97.74465007935943, 30.261848802161893], [-97.74460497687984, 30.261848802161893], [-97.74456848820736, 30.26187169892529], [-97.74455455077468, 30.261908746666702]]]}}, {"type": "Feature", "properties": {"kind": "street", "radius_m": 5.1, "source": "snapshot"}, "geometry": {"type": "Polygon", "coordinates": [[[-97.74381970760616, 30.26227053947644], [-97.7438298291402, 30.26229744399924], [-97.7438563276603, 30.262314071908786], [-97.74388908163246, 30.262314071908786], [-97.74391558015256, 30.26229744399924], [-97.74392570168659, 30.26227053947644], [-97.74391558015256, 30.262243634953638], [-97.74388908163246, 30.262227007044093], [-97.7438563276603, 30.262227007044093], [-97.7438298291402, 30.262243634953638], [-97.74381970760616, 30.26227053947644]]]}}, {"type": "Feature", "properties": {"kind": "street", "radius_m": 6.5, "source": "snapshot"}, "geometry": {"type": "Polygon", "coordinates": [[[-97.74366023136788, 30.262895767628656], [-97.74367311895784, 30.262930024734043], [-97.7437068591064, 30.26295119678953], [-97.74374856422358, 30.26295119678953], [-97.74378230437213, 30.262930024734043], [-97.74379519196209, 30.262895767628656], [-97.74378230437213, 30.26286151052327], [-97.74374856422358, 30.262840338467782], [-97.7437068591064, 30.262840338467782], [-97.74367311895784, 30.26286151052327], [-97.74366023136788, 30.262895767628656]]]}}, {"type": "Feature", "properties": {"kind": "street", "radius_m": 5.2, "source": "snapshot"}, "geometry": {"type": "Polygon", "coordinates": [[[-97.74381800239787, 30.26310439476449], [-97.74382833417997, 30.263131858157504], [-97.74385538313666, 30.26314883146783], [-97.74388881748584, 30.26314883146783], [-97.74391586644253, 30.263131858157504], [-97.74392619822463, 30.26310439476449], [-97.74391586644253, 30.263076931371476], [-97.74388881748584, 30.26305995806115], [-97.74385538313666, 30.26305995806115], [-97.74382833417997, 30.263076931371476], [-97.74381800239787, 30.26310439476449]]]}}, {"type": "Feature", "properties": {"kind": "street", "radius_m": 4.9, "source": "snapshot"}, "geometry": {"type": "Polygon", "coordinates": [[[-97.74369774240269, 30.263710842959316], [-97.74370750334086, 30.26373678896537], [-97.74373305780871, 30.263752824478985], [-97.74376464486811, 30.263752824478985], [-97.74379019933596, 30.26373678896537], [-97.74379996027413, 30.263710842959316], [-97.74379019933596, 30.26368489695326], [-97.74376464486811, 30.263668861439648], [-97.74373305780871, 30.263668861439648], [-97.74370750334086, 30.26368489695326], [-97.74369774240269, 30.263710842959316]]]}}, {"type": "Feature", "properties": {"kind": "street", "radius_m": 5.6, "source": "snapshot"}, "geometry": {"type": "Polygon", "coordinates": [[[-97.74368423791732, 30.26388321158016], [-97.74369531713259, 30.263912661760244], [-97.74372432289475, 30.26393086297251], [-97.7437601759885, 30.26393086297251], [-97.74378918175066, 30.263912661760244], [-97.74380026096593, 30.26388321158016], [-97.74378918175066, 30.263853761400078], [-97.7437601759885, 30.26383556018781], [-97.74372432289475, 30.26383556018781], [-97.74369531713259, 30.263853761400078], [-97.74368423791732, 30.26388321158016]]]}}, {"type": "Feature", "properties": {"kind": "street", "radius_m": 5.0, "source": "snapshot"}, "geometry": {"type": "Polygon", "coordinates": [[[-97.7436788620567, 30.264259397783732], [-97.74368886295326, 30.26428598163442], [-97.74371504564036, 30.264302411357697], [-97.74374740922144, 30.264302411357697], [-97.74377359190854, 30.26428598163442], [-97.7437835928051, 30.264259397783732], [-97.74377359190854, 30.264232813933045], [-97.74374740922144, 30.264216384209767], [-97.74371504564036, 30.264216384209767], [-97.74368886295326, 30.264232813933045], [-97.7436788620567, 30.264259397783732]]]}}, {"type": "Feature", "properties": {"kind": "street", "radius_m": 6.3, "source": "snapshot"}, "geometry": {"type": "Polygon", "coordinates": [[[-97.7438109290651, 30.265093629931865], [-97.74382351794443, 30.26512709302056], [-97.7438564760584, 30.26514777434674], [-97.74389721452766, 30.26514777434674], [-97.74393017264163, 30.26512709302056], [-97.74394276152096, 30.265093629931865], [-97.74393017264163, 30.26506016684317], [-97.74389721452766, 30.26503948551699], [-97.7438564760584, 30.26503948551699], [-97.74382351794443, 30.26506016684317], [-97.7438109290651, 30.265093629931865]]]}}, {"type": "Feature", "properties": {"kind": "street", "radius_m": 5.9, "source": "snapshot"}, "geometry": {"type": "Polygon", "coordinates": [[[-97.74366456933257, 30.26594376425067], [-97.74367633435733, 30.265975037413057], [-97.74370713559208, 30.265994365290346], [-97.743745208012, 30.265994365290346], [-97.74377600924674, 30.265975037413057], [-97.74378777427151, 30.26594376425067], [-97.74377600924674, 30.265912491088287], [-97.743745208012, 30.265893163210997], [-97.74370713559208, 30.265893163210997], [-97.74367633435733, 30.265912491088287], [-97.74366456933257, 30.26594376425067]]]}}, {"type": "Feature", "properties": {"kind": "street", "radius_m": 5.8, "source": "snapshot"}, "geometry": {"type": "Polygon", "coordinates": [[[-97.74368028611572, 30.267251587093675], [-97.74369174218754, 30.267282039013768], [-97.74372173457294, 30.26730085933541], [-97.7437588072001, 30.26730085933541], [-97.7437887995855, 30.267282039013768], [-97.74380025565732, 30.267251587093675], [-97.7437887995855, 30.267221135173582], [-97.7437588072001, 30.26720231485194], [-97.74372173457294, 30.26720231485194], [-97.74369174218754, 30.267221135173582], [-97.74368028611572, 30.267251587093675]]]}}, {"type": "Feature", "properties": {"kind": "street", "radius_m": 6.4, "source": "snapshot"}, "geometry": {"type": "Polygon", "coordinates": [[[-97.74367082562648, 30.267814319443193], [-97.74368348429756, 30.267847968048596], [-97.7437166251287, 30.267868764030407], [-97.7437575894488, 30.267868764030407], [-97.74379073027994, 30.267847968048596], [-97.74380338895102, 30.267814319443193], [-97.74379073027994, 30.26778067083779], [-97.7437575894488, 30.26775987485598], [-97.7437166251287, 30.26775987485598], [-97.74368348429756, 30.26778067083779], [-97.74367082562648, 30.267814319443193]]]}}, {"type": "Feature", "properties": {"kind": "street", "radius_m": 6.0, "source": "snapshot"}, "geometry": {"type": "Polygon", "coordinates": [[[-97.74378483515723, 30.268459509349125], [-97.74379668491854, 30.268491007753624], [-97.74382770799636, 30.268510474838198], [-97.74386605462945, 30.268510474838198], [-97.74389707770727, 30.268491007753624], [-97.74390892746858, 30.268459509349125], [-97.74389707770727, 30.268428010944625], [-97.74386605462945, 30.26840854386005], [-97.74382770799636, 30.26840854386005], [-97.74379668491854, 30.268428010944625], [-97.74378483515723, 30.268459509349125]]]}}, {"type": "Feature", "properties": {"kind": "street", "radius_m": 5.4, "source": "snapshot"}, "geometry": {"type": "Polygon", "coordinates": [[[-97.74368077881985, 30.26969482638693], [-97.74369142450172, 30.269723124171623], [-97.7437192952587, 30.26974061316437], [-97.74375374540892, 30.26974061316437], [-97.7437816161659, 30.269723124171623], [-97.74379226184777, 30.26969482638693], [-97.7437816161659, 30.26966652860224], [-97.74375374540892, 30.269649039609494], [-97.7437192952587, 30.269649039609494], [-97.74369142450172, 30.26966652860224], [-97.74368077881985, 30.26969482638693]]]}}, {"type": "Feature", "properties": {"kind": "street", "radius_m": 5.2, "source": "snapshot"}, "geometry": {"type": "Polygon", "coordinates": [[[-97.74380135316198, 30.269772339107842], [-97.74381163379158, 30.26979966652999], [-97.74383854882927, 30.2698165558057], [-97.74387181764547, 30.2698165558057], [-97.74389873268316, 30.26979966652999], [-97.74390901331276, 30.269772339107842], [-97.74389873268316, 30.269745011685693], [-97.74387181764547, 30.269728122409983], [-97.74383854882927, 30.269728122409983], [-97.74381163379158, 30.269745011685693], [-97.74380135316198, 30.269772339107842]]]}}, {"type": "Feature", "properties": {"kind": "street", "radius_m": 4.7, "source": "snapshot"}, "geometry": {"type": "Polygon", "coordinates": [[[-97.74368302286366, 30.271038818323557], [-97.7436923572505, 30.27106363049356], [-97.74371679499245, 30.27107896525796], [-97.74374700170273, 30.27107896525796], [-97.74377143944469, 30.27106363049356], [-97.74378077383152, 30.271038818323557], [-97.74377143944469, 30.271014006153553], [-97.74374700170273, 30.270998671389155], [-97.74371679499245, 30.270998671389155], [-97.7436923572505, 30.271014006153553], [-97.74368302286366, 30.271038818323557]]]}}, {"type": "Feature", "properties": {"kind": "street", "radius_m": 4.5, "source": "snapshot"}, "geometry": {"type": "Polygon", "coordinates": [[[-97.74367961654737, 30.271583537143368], [-97.74368855802916, 30.271607304914124], [-97.74371196713237, 30.271621994204285], [-97.74374090237525, 30.271621994204285], [-97.74376431147846, 30.271607304914124], [-97.74377325296025, 30.271583537143368], [-97.74376431147846, 30.27155976937261], [-97.74374090237525, 30.27154508008245], [-97.74371196713237, 30.27154508008245], [-97.74368855802916, 30.27155976937261], [-97.74367961654737, 30.271583537143368]]]}}, {"type": "Feature", "properties": {"kind": "street", "radius_m": 5.8, "source": "snapshot"}, "geometry": {"type": "Polygon", "coordinates": [[[-97.74367138459904, 30.27211898109635], [-97.74368290570332, 30.27214960588229], [-97.74371306834594, 30.2721685330409], [-97.7437503514226, 30.2721685330409], [-97.74378051406522, 30.27214960588229], [-97.7437920351695, 30.27211898109635], [-97.74378051406522, 30.272088356310412], [-97.7437503514226, 30.272069429151802], [-97.74371306834594, 30.272069429151802], [-97.74368290570332, 30.272088356310412], [-97.74367138459904, 30.27211898109635]]]}}, {"type": "Feature", "properties": {"kind": "street", "radius_m": 5.8, "source": "snapshot"}, "geometry": {"type": "Polygon", "coordinates": [[[-97.74366367145707, 30.27230556033676], [-97.74367521079954, 30.272336233602473], [-97.74370542119036, 30.27235519072323], [-97.743742763287, 30.27235519072323], [-97.74377297367782, 30.272336233602473], [-97.74378451302029, 30.27230556033676], [-97.74377297367782, 30.27227488707105], [-97.743742763287, 30.272255929950294], [-97.74370542119036, 30.272255929950294], [-97.74367521079954, 30.27227488707105], [-97.74366367145707, 30.27230556033676]]]}}, {"type": "Feature", "properties": {"kind": "street", "radius_m": 4.8, "source": "snapshot"}, "geometry": {"type": "Polygon", "coordinates": [[[-97.74380815932663, 30.27236955505477], [-97.74381775572085, 30.272395063678882], [-97.74384287940708, 30.27241082887559], [-97.7438739339911, 30.27241082887559], [-97.74389905767733, 30.272395063678882], [-97.74390865407155, 30.27236955505477], [-97.74389905767733, 30.272344046430657], [-97.7438739339911, 30.27232828123395], [-97.74384287940708, 30.27232828123395], [-97.74381775572085, 30.272344046430657], [-97.74380815932663, 30.27236955505477]]]}}, {"type": "Feature", "properties": {"kind": "street", "radius_m": 5.8, "source": "snapshot"}, "geometry": {"type": "Polygon", "coordinates": [[[-97.74367093190386, 30.273059273482883], [-97.743682474811, 30.273089956223952], [-97.74371269453417, 30.2731089192008], [-97.74375004816628, 30.2731089192008], [-97.74378026788945, 30.273089956223952], [-97.74379181079658, 30.273059273482883], [-97.74378026788945, 30.273028590741813], [-97.74375004816628, 30.273009627764964], [-97.74371269453417, 30.273009627764964], [-97.743682474811, 30.273028590741813], [-97.74367093190386, 30.273059273482883]]]}}, {"type": "Feature", "properties": {"kind": "street", "radius_m": 5.0, "source": "snapshot"}, "geometry": {"type": "Polygon", "coordinates": [[[-97.74368680883454, 30.273633273626704], [-97.74369664624167, 30.273659422898536], [-97.74372240090793, 30.27367558403731], [-97.74375423542617, 30.27367558403731], [-97.74377999009242, 30.273659422898536], [-97.74378982749955, 30.273633273626704], [-97.74377999009242, 30.27360712435487], [-97.74375423542617, 30.273590963216098], [-97.74372240090793, 30.273590963216098], [-97.74369664624167, 30.27360712435487], [-97.74368680883454, 30.273633273626704]]]}}, {"type": "Feature", "properties": {"kind": "street", "radius_m": 6.5, "source": "snapshot"}, "geometry": {"type": "Polygon", "coordinates": [[[-97.74380114910942, 30.27388083011748], [-97.74381401364612, 30.273915025943936], [-97.74384769344046, 30.273936160126958], [-97.74388932395574, 30.273936160126958], [-97.74392300375008, 30.273915025943936], [-97.74393586828678, 30.27388083011748], [-97.74392300375008, 30.273846634291026], [-97.74388932395574, 30.273825500108003], [-97.74384769344046, 30.273825500108003], [-97.74381401364612, 30.273846634291026], [-97.74380114910942, 30.27388083011748]]]}}, {"type": "Feature", "properties": {"kind": "street", "radius_m": 6.0, "source": "snapshot"}, "geometry": {"type": "Polygon", "coordinates": [[[-97.74368898044463, 30.274522332778623], [-97.74370082241668, 30.274553810478164], [-97.743731825102, 30.274573264766367], [-97.74377014652856, 30.274573264766367], [-97.74380114921388, 30.274553810478164], [-97.74381299118593, 30.274522332778623], [-97.74380114921388, 30.274490855079083], [-97.74377014652856, 30.27447140079088], [-97.743731825102, 30.27447140079088], [-97.74370082241668, 30.274490855079083], [-97.74368898044463, 30.274522332778623]]]}}, {"type": "Feature", "properties": {"kind": "street", "radius_m": 4.8, "source": "snapshot"}, "geometry": {"type": "Polygon", "coordinates": [[[-97.74380692489015, 30.27461113138311], [-97.74381640847365, 30.274636340139754], [-97.74384123681756, 30.274651920008175], [-97.74387192633839, 30.274651920008175], [-97.7438967546823, 30.274636340139754], [-97.7439062382658, 30.27461113138311], [-97.7438967546823, 30.274585922626468], [-97.74387192633839, 30.274570342758047], [-97.74384123681756, 30.274570342758047], [-97.74381640847365, 30.274585922626468], [-97.74380692489015, 30.27461113138311]]]}}, {"type": "Feature", "properties": {"kind": "street", "radius_m": 5.6, "source": "snapshot"}, "geometry": {"type": "Polygon", "coordinates": [[[-97.7436643736815, 30.275467183080004], [-97.74367542008038, 30.275496546029316], [-97.74370433992812, 30.275514693330003], [-97.74374008682582, 30.275514693330003], [-97.74376900667356, 30.275496546029316], [-97.74378005307244, 30.275467183080004], [-97.74376900667356, 30.27543782013069], [-97.74374008682582, 30.275419672830004], [-97.74370433992812, 30.275419672830004], [-97.74367542008038, 30.27543782013069], [-97.7436643736815, 30.275467183080004]]]}}, {"type": "Feature", "properties": {"kind": "street", "radius_m": 5.9, "source": "snapshot"}, "geometry": {"type": "Polygon", "coordinates": [[[-97.74367108136384, 30.27565794161552], [-97.74368289023711, 30.275689331333606], [-97.74371380626866, 30.275708731246276], [-97.74375202058525, 30.275708731246276], [-97.7437829366168, 30.275689331333606], [-97.74379474549006, 30.27565794161552], [-97.7437829366168, 30.275626551897435], [-97.74375202058525, 30.275607151984765], [-97.74371380626866, 30.275607151984765], [-97.74368289023711, 30.275626551897435], [-97.74367108136384, 30.27565794161552]]]}}, {"type": "Feature", "properties": {"kind": "street", "radius_m": 6.2, "source": "snapshot"}, "geometry": {"type": "Polygon", "coordinates": [[[-97.74379495768154, 30.276148480689155], [-97.74380731293576, 30.276181322767975], [-97.7438396594112, 30.276201620288948], [-97.74387964185367, 30.276201620288948], [-97.7439119883291, 30.276181322767975], [-97.74392434358332, 30.276148480689155], [-97.7439119883291, 30.276115638610335], [-97.74387964185367, 30.276095341089363], [-97.7438396594112, 30.276095341089363], [-97.74380731293576, 30.276115638610335], [-97.74379495768154, 30.276148480689155]]]}}, {"type": "Feature", "properties": {"kind": "street", "radius_m": 5.7, "source": "snapshot"}, "geometry": {"type": "Polygon", "coordinates": [[[-97.74379087056535, 30.27635686852913], [-97.74380215162012, 30.27638685522823], [-97.74383168580493, 30.276405388027477], [-97.74386819206504, 30.276405388027477], [-97.74389772624986, 30.27638685522823], [-97.74390900730462, 30.27635686852913], [-97.74389772624986, 30.276326881830034], [-97.74386819206504, 30.276308349030785], [-97.74383168580493, 30.276308349030785], [-97.74380215162012, 30.276326881830034], [-97.74379087056535, 30.27635686852913]]]}}, {"type": "Feature", "properties": {"kind": "street", "radius_m": 4.7, "source": "snapshot"}, "geometry": {"type": "Polygon", "coordinates": [[[-97.74370027609147, 30.277204192333514], [-97.74370954959109, 30.277228842656374], [-97.74373382792825, 30.277244077393735], [-97.74376383760338, 30.277244077393735], [-97.74378811594055, 30.277228842656374], [-97.74379738944016, 30.277204192333514], [-97.74378811594055, 30.277179542010654], [-97.74376383760338, 30.277164307273292], [-97.74373382792825, 30.277164307273292], [-97.74370954959109, 30.277179542010654], [-97.74370027609147, 30.277204192333514]]]}}, {"type": "Feature", "properties": {"kind": "street", "radius_m": 6.0, "source": "snapshot"}, "geometry": {"type": "Polygon", "coordinates": [[[-97.74380059867808, 30.260945623002307], [-97.74381250850655, 30.260977281074187], [-97.7438436888423, 30.260996846838626], [-97.74388222985687, 30.260996846838626], [-97.74391341019262, 30.260977281074187], [-97.74392532002109, 30.260945623002307], [-97.74391341019262, 30.260913964930428], [-97.74388222985687, 30.260894399165988], [-97.7438436888423, 30.260894399165988], [-97.74381250850655, 30.260913964930428], [-97.74380059867808, 30.260945623002307]]]}}, {"type": "Feature", "properties": {"kind": "street", "radius_m": 6.4, "source": "snapshot"}, "geometry": {"type": "Polygon", "coordinates": [[[-97.7437818437812, 30.261124772061986], [-97.74379457529513, 30.26115861429434], [-97.74382790683129, 30.26117952994419], [-97.74386910687576, 30.26117952994419], [-97.74390243841192, 30.26115861429434], [-97.74391516992584, 30.261124772061986], [-97.74390243841192, 30.26109092982963], [-97.74386910687576, 30.261070014179783], [-97.74382790683129, 30.261070014179783], [-97.74379457529513, 30.26109092982963], [-97.7437818437812, 30.261124772061986]]]}}, {"type": "Feature", "properties": {"kind": "street", "radius_m": 5.6, "source": "snapshot"}, "geometry": {"type": "Polygon", "coordinates": [[[-97.74380459902343, 30.261446112579737], [-97.74381563659566, 30.261475452066477], [-97.74384453333488, 30.261493584866493], [-97.74388025166888, 30.261493584866493], [-97.74390914840811, 30.261475452066477], [-97.74392018598033, 30.261446112579737], [-97.74390914840811, 30.261416773092996], [-97.74388025166888, 30.26139864029298], [-97.74384453333488, 30.26139864029298], [-97.74381563659566, 30.261416773092996], [-97.74380459902343, 30.261446112579737]]]}}, {"type": "Feature", "properties": {"kind": "street", "radius_m": 5.0, "source": "snapshot"}, "geometry": {"type": "Polygon", "coordinates": [[[-97.74252115883672, 30.262118195813766], [-97.7425311864157, 30.262144850590268], [-97.74255743895831, 30.26216132414811], [-97.74258988888555, 30.26216132414811], [-97.74261614142816, 30.262144850590268], [-97.74262616900714, 30.262118195813766], [-97.74261614142816, 30.262091541037265], [-97.74258988888555, 30.262075067479422], [-97.74255743895831, 30.262075067479422], [-97.7425311864157, 30.262091541037265], [-97.74252115883672, 30.262118195813766]]]}}, {"type": "Feature", "properties": {"kind": "street", "radius_m": 4.6, "source": "snapshot"}, "geometry": {"type": "Polygon", "coordinates": [[[-97.74240366315148, 30.263133153051633], [-97.74241272061599, 30.263157229121507], [-97.74243643336594, 30.263172108951007], [-97.74246574393682, 30.263172108951007], [-97.74248945668677, 30.263157229121507], [-97.74249851415128, 30.263133153051633], [-97.74248945668677, 30.26310907698176], [-97.74246574393682, 30.26309419715226], [-97.74243643336594, 30.26309419715226], [-97.74241272061599, 30.26310907698176], [-97.74240366315148, 30.263133153051633]]]}}, {"type": "Feature", "properties": {"kind": "street", "radius_m": 5.4, "source": "snapshot"}, "geometry": {"type": "Polygon", "coordinates": [[[-97.74251482145797, 30.263211032429062], [-97.74252563314292, 30.263239771474275], [-97.74255393850159, 30.26325753318102], [-97.742588925849, 30.26325753318102], [-97.74261723120767, 30.263239771474275], [-97.74262804289262, 30.263211032429062], [-97.74261723120767, 30.26318229338385], [-97.742588925849, 30.263164531677106], [-97.74255393850159, 30.263164531677106], [-97.74252563314292, 30.26318229338385], [-97.74251482145797, 30.263211032429062]]]}}, {"type": "Feature", "properties": {"kind": "street", "radius_m": 4.9, "source": "snapshot"}, "geometry": {"type": "Polygon", "coordinates": [[[-97.74251241342515, 30.264145115932013], [-97.74252217896412, 30.26417107416773], [-97.7425477454771, 30.26418711723969], [-97.74257934742506, 30.26418711723969], [-97.74260491393804, 30.26417107416773], [-97.74261467947701, 30.264145115932013], [-97.74260491393804, 30.264119157696296], [-97.74257934742506, 30.264103114624337], [-97.7425477454771, 30.264103114624337], [-97.74252217896412, 30.264119157696296], [-97.74251241342515, 30.264145115932013]]]}}, {"type": "Feature", "properties": {"kind": "street", "radius_m": 5.1, "source": "snapshot"}, "geometry": {"type": "Polygon", "coordinates": [[[-97.7425191177565, 30.264917799315104], [-97.74252922077606, 30.264944654623744], [-97.74255567082469, 30.264961252117264], [-97.74258836488278, 30.264961252117264], [-97.7426148149314, 30.264944654623744], [-97.74262491795096, 30.264917799315104], [-97.7426148149314, 30.264890944006464], [-97.74258836488278, 30.264874346512944], [-97.74255567082469, 30.264874346512944], [-97.74252922077606, 30.264890944006464], [-97.7425191177565, 30.264917799315104]]]}}, {"type": "Feature", "properties": {"kind": "street", "radius_m": 5.8, "source": "snapshot"}, "geometry": {"type": "Polygon", "coordinates": [[[-97.74250859454621, 30.26582074714656], [-97.74252005547804, 30.26585121198529], [-97.74255006058713, 30.265870040291084], [-97.74258714894164, 30.265870040291084], [-97.74261715405073, 30.26585121198529], [-97.74262861498256, 30.26582074714656], [-97.74261715405073, 30.26579028230783], [-97.74258714894164, 30.265771454002035], [-97.74255006058713, 30.265771454002035], [-97.74252005547804, 30.26579028230783], [-97.74250859454621, 30.26582074714656]]]}}, {"type": "Feature", "properties": {"kind": "street", "radius_m": 5.2, "source": "snapshot"}, "geometry": {"type": "Polygon", "coordinates": [[[-97.74239662840351, 30.26610274738048], [-97.74240691806617, 30.266130098813818], [-97.74243385675271, 30.266147002929262], [-97.7424671548005, 30.266147002929262], [-97.74249409348704, 30.266130098813818], [-97.7425043831497, 30.26610274738048], [-97.74249409348704, 30.26607539594714], [-97.7424671548005, 30.266058491831696], [-97.74243385675271, 30.266058491831696], [-97.74240691806617, 30.26607539594714], [-97.74239662840351, 30.26610274738048]]]}}, {"type": "Feature", "properties": {"kind": "street", "radius_m": 4.7, "source": "snapshot"}, "geometry": {"type": "Polygon", "coordinates": [[[-97.74251953244004, 30.26714049854634], [-97.742528959392, 30.26716555676806], [-97.74255363947263, 30.26718104360078], [-97.74258414572999, 30.26718104360078], [-97.74260882581062, 30.26716555676806], [-97.74261825276258, 30.26714049854634], [-97.74260882581062, 30.26711544032462], [-97.74258414572999, 30.2670999534919], [-97.74255363947263, 30.2670999534919], [-97.742528959392, 30.26711544032462], [-97.74251953244004, 30.26714049854634]]]}}, {"type": "Feature", "properties": {"kind": "street", "radius_m": 4.9, "source": "snapshot"}, "geometry": {"type": "Polygon", "coordinates": [[[-97.74249976748837, 30.26845615530163], [-97.74250950709516, 30.268482044605776], [-97.74253500571677, 30.268498045075685], [-97.7425665237464, 30.268498045075685], [-97.74259202236802, 30.268482044605776], [-97.74260176197481, 30.26845615530163], [-97.74259202236802, 30.268430265997488], [-97.7425665237464, 30.26841426552758], [-97.74253500571677, 30.26841426552758], [-97.74250950709516, 30.268430265997488], [-97.74249976748837, 30.26845615530163]]]}}, {"type": "Feature", "properties": {"kind": "street", "radius_m": 4.6, "source": "snapshot"}, "geometry": {"type": "Polygon", "coordinates": [[[-97.74238021122153, 30.269342175022818], [-97.74238934033087, 30.269366441535173], [-97.74241324064943, 30.269381439064595], [-97.74244278306784, 30.269381439064595], [-97.7424666833864, 30.269366441535173], [-97.74247581249574, 30.269342175022818], [-97.7424666833864, 30.269317908510462], [-97.74244278306784, 30.26930291098104], [-97.74241324064943, 30.26930291098104], [-97.74238934033087, 30.269317908510462], [-97.74238021122153, 30.269342175022818]]]}}, {"type": "Feature", "properties": {"kind": "street", "radius_m": 5.2, "source": "snapshot"}, "geometry": {"type": "Polygon", "coordinates": [[[-97.74238439367309, 30.26987269128039], [-97.74239482110691, 30.269900408929736], [-97.74242212048307, 30.269917539379122], [-97.74245586436777, 30.269917539379122], [-97.74248316374393, 30.269900408929736], [-97.74249359117775, 30.26987269128039], [-97.74248316374393, 30.269844973631045], [-97.74245586436777, 30.26982784318166], [-97.74242212048307, 30.26982784318166], [-97.74239482110691, 30.269844973631045], [-97.74238439367309, 30.26987269128039]]]}}, {"type": "Feature", "properties": {"kind": "street", "radius_m": 4.8, "source": "snapshot"}, "geometry": {"type": "Polygon", "coordinates": [[[-97.74251434422551, 30.27092410944201], [-97.7425239635755, 30.27094967908594], [-97.74254914736073, 30.270965481994974], [-97.7425802762312, 30.270965481994974], [-97.74260546001643, 30.27094967908594], [-97.74261507936642, 30.27092410944201], [-97.74260546001643, 30.27089853979808], [-97.7425802762312, 30.270882736889046], [-97.74254914736073, 30.270882736889046], [-97.7425239635755, 30.27089853979808], [-97.74251434422551, 30.27092410944201]]]}}, {"type": "Feature", "properties": {"kind": "street", "radius_m": 5.2, "source": "snapshot"}, "geometry": {"type": "Polygon", "coordinates": [[[-97.74237210577476, 30.27140367935218], [-97.74238245024041, 30.271431176459956], [-97.7424095324031, 30.271448170607155], [-97.74244300779715, 30.271448170607155], [-97.74247008995984, 30.271431176459956], [-97.74248043442549, 30.27140367935218], [-97.74247008995984, 30.271376182244403], [-97.74244300779715, 30.271359188097204], [-97.7424095324031, 30.271359188097204], [-97.74238245024041, 30.271376182244403], [-97.74237210577476, 30.27140367935218]]]}}, {"type": "Feature", "properties": {"kind": "street", "radius_m": 5.3, "source": "snapshot"}, "geometry": {"type": "Polygon", "coordinates": [[[-97.7425204293133, 30.271814481852033], [-97.74253101542502, 30.271842621290492], [-97.74255873022528, 30.271860012419882], [-97.7425929876024, 30.271860012419882], [-97.74262070240266, 30.271842621290492], [-97.74263128851437, 30.271814481852033], [-97.74262070240266, 30.271786342413574], [-97.7425929876024, 30.271768951284184], [-97.74255873022528, 30.271768951284184], [-97.74253101542502, 30.271786342413574], [-97.7425204293133, 30.271814481852033]]]}}, {"type": "Feature", "properties": {"kind": "street", "radius_m": 5.9, "source": "snapshot"}, "geometry": {"type": "Polygon", "coordinates": [[[-97.74249756111902, 30.273709529064856], [-97.74250918733783, 30.273740433260606], [-97.74253962517383, 30.273759533103973], [-97.7425772484082, 30.273759533103973], [-97.7426076862442, 30.273740433260606], [-97.742619312463, 30.273709529064856], [-97.7426076862442, 30.273678624869106], [-97.7425772484082, 30.27365952502574], [-97.74253962517383, 30.27365952502574], [-97.74250918733783, 30.273678624869106], [-97.74249756111902, 30.273709529064856]]]}}, {"type": "Feature", "properties": {"kind": "street", "radius_m": 5.9, "source": "snapshot"}, "geometry": {"type": "Polygon", "coordinates": [[[-97.74251021261207, 30.273877899622185], [-97.74252199418238, 30.273909216765045], [-97.74255283873391, 30.273928571823763], [-97.74259096469633, 30.273928571823763], [-97.74262180924786, 30.273909216765045], [-97.74263359081817, 30.273877899622185], [-97.74262180924786, 30.273846582479326], [-97.74259096469633, 30.273827227420607], [-97.74255283873391, 30.273827227420607], [-97.74252199418238, 30.273846582479326], [-97.74251021261207, 30.273877899622185]]]}}, {"type": "Feature", "properties": {"kind": "street", "radius_m": 5.8, "source": "snapshot"}, "geometry": {"type": "Polygon", "coordinates": [[[-97.74237869871158, 30.274172957981797], [-97.74239015481166, 30.274203409977027], [-97.74242014727106, 30.274222230345103], [-97.7424572199897, 30.274222230345103], [-97.7424872124491, 30.274203409977027], [-97.74249866854919, 30.274172957981797], [-97.7424872124491, 30.274142505986568], [-97.7424572199897, 30.27412368561849], [-97.74242014727106, 30.27412368561849], [-97.74239015481166, 30.274142505986568], [-97.74237869871158, 30.274172957981797]]]}}, {"type": "Feature", "properties": {"kind": "street", "radius_m": 5.0, "source": "snapshot"}, "geometry": {"type": "Polygon", "coordinates": [[[-97.74250152008945, 30.274794168042938], [-97.7425113644137, 30.274820335701477], [-97.74253713718919, 30.27483650820386], [-97.74256899409168, 30.27483650820386], [-97.74259476686717, 30.274820335701477], [-97.74260461119142, 30.274794168042938], [-97.74259476686717, 30.274768000384398], [-97.74256899409168, 30.274751827882014], [-97.74253713718919, 30.274751827882014], [-97.7425113644137, 30.274768000384398], [-97.74250152008945, 30.274794168042938]]]}}, {"type": "Feature", "properties": {"kind": "street", "radius_m": 4.9, "source": "snapshot"}, "geometry": {"type": "Polygon", "coordinates": [[[-97.7425242720016, 30.276335309648836], [-97.7425339411778, 30.27636101173811], [-97.7425592554097, 30.27637689650286], [-97.74259054552113, 30.27637689650286], [-97.74261585975303, 30.27636101173811], [-97.74262552892922, 30.276335309648836], [-97.74261585975303, 30.27630960755956], [-97.74259054552113, 30.27629372279481], [-97.7425592554097, 30.27629372279481], [-97.7425339411778, 30.27630960755956], [-97.7425242720016, 30.276335309648836]]]}}, {"type": "Feature", "properties": {"kind": "street", "radius_m": 5.0, "source": "snapshot"}, "geometry": {"type": "Polygon", "coordinates": [[[-97.74238819276005, 30.276651474203458], [-97.74239816376013, 30.276677978584935], [-97.74242426817725, 30.27669435919354], [-97.74245653501131, 30.27669435919354], [-97.74248263942843, 30.276677978584935], [-97.74249261042851, 30.276651474203458], [-97.74248263942843, 30.27662496982198], [-97.74245653501131, 30.276608589213375], [-97.74242426817725, 30.276608589213375], [-97.74239816376013, 30.27662496982198], [-97.74238819276005, 30.276651474203458]]]}}, {"type": "Feature", "properties": {"kind": "street", "radius_m": 5.6, "source": "snapshot"}, "geometry": {"type": "Polygon", "coordinates": [[[-97.74250916413726, 30.277461862095304], [-97.74252026974278, 30.277491382424518], [-97.74254934459547, 30.277509626991332], [-97.74258528308984, 30.277509626991332], [-97.74261435794253, 30.277491382424518], [-97.74262546354805, 30.277461862095304], [-97.74261435794253, 30.27743234176609], [-97.74258528308984, 30.277414097199276], [-97.74254934459547, 30.277414097199276], [-97.74252026974278, 30.27743234176609], [-97.74250916413726, 30.277461862095304]]]}}, {"type": "Feature", "properties": {"kind": "street", "radius_m": 5.2, "source": "snapshot"}, "geometry": {"type": "Polygon", "coordinates": [[[-97.74238218370154, 30.26023652033298], [-97.74239258854664, 30.260264177938186], [-97.74241982878476, 30.260281271278252], [-97.74245349957081, 30.260281271278252], [-97.74248073980894, 30.260264177938186], [-97.74249114465404, 30.26023652033298], [-97.74248073980894, 30.260208862727776], [-97.74245349957081, 30.26019176938771], [-97.74241982878476, 30.26019176938771], [-97.74239258854664, 30.260208862727776], [-97.74238218370154, 30.26023652033298]]]}}, {"type": "Feature", "properties": {"kind": "street", "radius_m": 4.6, "source": "snapshot"}, "geometry": {"type": "Polygon", "coordinates": [[[-97.7425296565406, 30.260296344971163], [-97.7425388725191, 30.26032084239449], [-97.74256300026407, 30.26033598263474], [-97.74259282379698, 30.26033598263474], [-97.74261695154195, 30.26032084239449], [-97.74262616752046, 30.260296344971163], [-97.74261695154195, 30.260271847547838], [-97.74259282379698, 30.260256707307587], [-97.74256300026407, 30.260256707307587], [-97.7425388725191, 30.260271847547838], [-97.7425296565406, 30.260296344971163]]]}}, {"type": "Feature", "properties": {"kind": "street", "radius_m": 5.7, "source": "snapshot"}, "geometry": {"type": "Polygon", "coordinates": [[[-97.74239061688739, 30.261679363375997], [-97.7424019988443, 30.261709618287767], [-97.74243179719433, 30.261728316851567], [-97.74246862998059, 30.261728316851567], [-97.74249842833062, 30.261709618287767], [-97.74250981028753, 30.261679363375997], [-97.74249842833062, 30.261649108464226], [-97.74246862998059, 30.261630409900427], [-97.74243179719433, 30.261630409900427], [-97.7424019988443, 30.261649108464226], [-97.74239061688739, 30.261679363375997]]]}}, {"type": "Feature", "properties": {"kind": "street", "radius_m": 5.9, "source": "snapshot"}, "geometry": {"type": "Polygon", "coordinates": [[[-97.74237363099469, 30.261873908212223], [-97.74238544277476, 30.26190530565705], [-97.74241636641646, 30.261924710345113], [-97.7424545901397, 30.261924710345113], [-97.7424855137814, 30.26190530565705], [-97.74249732556147, 30.261873908212223], [-97.7424855137814, 30.261842510767398], [-97.7424545901397, 30.261823106079333], [-97.74241636641646, 30.261823106079333], [-97.74238544277476, 30.261842510767398], [-97.74237363099469, 30.261873908212223]]]}}, {"type": "Feature", "properties": {"kind": "street", "radius_m": 5.7, "source": "snapshot"}, "geometry": {"type": "Polygon", "coordinates": [[[-97.74238575422062, 30.277897457535186], [-97.74239707912993, 30.277927560806045], [-97.74242672812738, 30.277946165650608], [-97.7424633763037, 30.277946165650608], [-97.74249302530116, 30.277927560806045], [-97.74250435021047, 30.277897457535186], [-97.74249302530116, 30.277867354264327], [-97.7424633763037, 30.277848749419764], [-97.74242672812738, 30.277848749419764], [-97.74239707912993, 30.277867354264327], [-97.74238575422062, 30.277897457535186]]]}}, {"type": "Feature", "properties": {"kind": "street", "radius_m": 5.2, "source": "snapshot"}, "geometry": {"type": "Polygon", "coordinates": [[[-97.73929052654027, 30.26250929149438], [-97.73930087467542, 30.2625367983562], [-97.73932796644495, 30.26255379853173], [-97.73936145371373, 30.26255379853173], [-97.73938854548325, 30.2625367983562], [-97.7393988936184, 30.26250929149438], [-97.73938854548325, 30.262481784632556], [-97.73936145371373, 30.262464784457027], [-97.73932796644495, 30.262464784457027], [-97.73930087467542, 30.262481784632556], [-97.73929052654027, 30.26250929149438]]]}}, {"type": "Feature", "properties": {"kind": "street", "radius_m": 5.9, "source": "snapshot"}, "geometry": {"type": "Polygon", "coordinates": [[[-97.73928646438696, 30.262967930722414], [-97.73929822942014, 30.262999203907157], [-97.7393290306769, 30.263018531798263], [-97.73936710312405, 30.263018531798263], [-97.73939790438081, 30.262999203907157], [-97.73940966941399, 30.262967930722414], [-97.73939790438081, 30.262936657537672], [-97.73936710312405, 30.262917329646566], [-97.7393290306769, 30.262917329646566], [-97.73929822942014, 30.262936657537672], [-97.73928646438696, 30.262967930722414]]]}}, {"type": "Feature", "properties": {"kind": "street", "radius_m": 4.9, "source": "snapshot"}, "geometry": {"type": "Polygon", "coordinates": [[[-97.73929240641533, 30.263433348075548], [-97.73930217889844, 30.26345932476981], [-97.73932776359142, 30.26347537924978], [-97.7393593880111, 30.26347537924978], [-97.73938497270407, 30.26345932476981], [-97.73939474518718, 30.263433348075548], [-97.73938497270407, 30.263407371381287], [-97.7393593880111, 30.263391316901316], [-97.73932776359142, 30.263391316901316], [-97.73930217889844, 30.263407371381287], [-97.73929240641533, 30.263433348075548]]]}}, {"type": "Feature", "properties": {"kind": "street", "radius_m": 6.9, "source": "snapshot"}, "geometry": {"type": "Polygon", "coordinates": [[[-97.73939603820159, 30.263479548813624], [-97.7394098219706, 30.26351618809443], [-97.73944590834634, 30.263538832415293], [-97.73949051355984, 30.263538832415293], [-97.73952659993559, 30.26351618809443], [-97.7395403837046, 30.263479548813624], [-97.73952659993559, 30.263442909532817], [-97.73949051355984, 30.263420265211955], [-97.73944590834634, 30.263420265211955], [-97.7394098219706, 30.263442909532817], [-97.73939603820159, 30.263479548813624]]]}}, {"type": "Feature", "properties": {"kind": "street", "radius_m": 4.8, "source": "snapshot"}, "geometry": {"type": "Polygon", "coordinates": [[[-97.73927698810193, 30.263755259311537], [-97.73928656104673, 30.263780705603615], [-97.73931162334154, 30.263796432277008], [-97.7393426020416, 30.263796432277008], [-97.73936766433641, 30.263780705603615], [-97.7393772372812, 30.263755259311537], [-97.73936766433641, 30.26372981301946], [-97.7393426020416, 30.263714086346067], [-97.73931162334154, 30.263714086346067], [-97.73928656104673, 30.26372981301946], [-97.73927698810193, 30.263755259311537]]]}}, {"type": "Feature", "properties": {"kind": "street", "radius_m": 6.9, "source": "snapshot"}, "geometry": {"type": "Polygon", "coordinates": [[[-97.73938644849869, 30.2637961428125], [-97.73940009534297, 30.26383241812729], [-97.73943582324515, 30.263854837504784], [-97.7394799853609, 30.263854837504784], [-97.73951571326307, 30.26383241812729], [-97.73952936010735, 30.2637961428125], [-97.73951571326307, 30.263759867497708], [-97.7394799853609, 30.263737448120214], [-97.73943582324515, 30.263737448120214], [-97.73940009534297, 30.263759867497708], [-97.73938644849869, 30.2637961428125]]]}}, {"type": "Feature", "properties": {"kind": "street", "radius_m": 5.9, "source": "snapshot"}, "geometry": {"type": "Polygon", "coordinates": [[[-97.7392607586787, 30.26422712207924], [-97.73927250897053, 30.264258356079324], [-97.73930327163394, 30.26427765975298], [-97.7393412963771, 30.26427765975298], [-97.73937205904052, 30.264258356079324], [-97.73938380933235, 30.26422712207924], [-97.73937205904052, 30.264195888079158], [-97.7393412963771, 30.2641765844055], [-97.73930327163394, 30.2641765844055], [-97.73927250897053, 30.264195888079158], [-97.7392607586787, 30.26422712207924]]]}}, {"type": "Feature", "properties": {"kind": "street", "radius_m": 5.0, "source": "snapshot"}, "geometry": {"type": "Polygon", "coordinates": [[[-97.739409328109, 30.264587124238712], [-97.7394192388022, 30.264613468315602], [-97.73944518533379, 30.26462974985052], [-97.73947725701065, 30.26462974985052], [-97.73950320354224, 30.264613468315602], [-97.73951311423544, 30.264587124238712], [-97.73950320354224, 30.264560780161823], [-97.73947725701065, 30.264544498626904], [-97.73944518533379, 30.264544498626904], [-97.7394192388022, 30.264560780161823], [-97.739409328109, 30.264587124238712]]]}}, {"type": "Feature", "properties": {"kind": "street", "radius_m": 5.0, "source": "snapshot"}, "geometry": {"type": "Polygon", "coordinates": [[[-97.73942115145567, 30.26488719801477], [-97.73943099903637, 30.264913374329414], [-97.73945678033735, 30.264929552181567], [-97.7394886477779, 30.264929552181567], [-97.73951442907888, 30.264913374329414], [-97.73952427665958, 30.26488719801477], [-97.73951442907888, 30.264861021700124], [-97.7394886477779, 30.26484484384797], [-97.73945678033735, 30.26484484384797], [-97.73943099903637, 30.264861021700124], [-97.73942115145567, 30.26488719801477]]]}}, {"type": "Feature", "properties": {"kind": "street", "radius_m": 6.5, "source": "snapshot"}, "geometry": {"type": "Polygon", "coordinates": [[[-97.73939846856149, 30.265192589897183], [-97.73941145590432, 30.265227112160336], [-97.73944545720927, 30.265248448092333], [-97.73948748513352, 30.265248448092333], [-97.73952148643848, 30.265227112160336], [-97.7395344737813, 30.265192589897183], [-97.73952148643848, 30.26515806763403], [-97.73948748513352, 30.265136731702032], [-97.73944545720927, 30.265136731702032], [-97.73941145590432, 30.26515806763403], [-97.73939846856149, 30.265192589897183]]]}}, {"type": "Feature", "properties": {"kind": "street", "radius_m": 4.7, "source": "snapshot"}, "geometry": {"type": "Polygon", "coordinates": [[[-97.73927868476278, 30.26546232699672], [-97.73928807179442, 30.265487279104402], [-97.73931264736233, 30.26550270035504], [-97.73934302443486, 30.26550270035504], [-97.73936760000277, 30.265487279104402], [-97.7393769870344, 30.26546232699672], [-97.73936760000277, 30.265437374889036], [-97.73934302443486, 30.2654219536384], [-97.73931264736233, 30.2654219536384], [-97.73928807179442, 30.265437374889036], [-97.73927868476278, 30.26546232699672]]]}}, {"type": "Feature", "properties": {"kind": "street", "radius_m": 7.4, "source": "snapshot"}, "geometry": {"type": "Polygon", "coordinates": [[[-97.73937382741316, 30.265806105150496], [-97.7393885322232, 30.265845192693522], [-97.73942702991567, 30.26586935012365], [-97.73947461568054, 30.26586935012365], [-97.73951311337301, 30.265845192693522], [-97.73952781818305, 30.265806105150496], [-97.73951311337301, 30.26576701760747], [-97.73947461568054, 30.26574286017734], [-97.73942702991567, 30.26574286017734], [-97.7393885322232, 30.26576701760747], [-97.73937382741316, 30.265806105150496]]]}}, {"type": "Feature", "properties": {"kind": "street", "radius_m": 5.1, "source": "snapshot"}, "geometry": {"type": "Polygon", "coordinates": [[[-97.73929894411633, 30.26604157464029], [-97.73930905084048, 30.266068439796268], [-97.73933551058782, 30.266085043375774], [-97.73936821663422, 30.266085043375774], [-97.73939467638156, 30.266068439796268], [-97.73940478310571, 30.26604157464029], [-97.73939467638156, 30.266014709484313], [-97.73936821663422, 30.265998105904806], [-97.73933551058782, 30.265998105904806], [-97.73930905084048, 30.266014709484313], [-97.73929894411633, 30.26604157464029]]]}}, {"type": "Feature", "properties": {"kind": "street", "radius_m": 5.1, "source": "snapshot"}, "geometry": {"type": "Polygon", "coordinates": [[[-97.7393946291893, 30.266408781468925], [-97.73940476941013, 30.266435735663972], [-97.7394313168529, 30.266452394272648], [-97.7394641312968, 30.266452394272648], [-97.73949067873957, 30.266435735663972], [-97.7395008189604, 30.266408781468925], [-97.73949067873957, 30.26638182727388], [-97.7394641312968, 30.266365168665203], [-97.7394313168529, 30.266365168665203], [-97.73940476941013, 30.26638182727388], [-97.7393946291893, 30.266408781468925]]]}}, {"type": "Feature", "properties": {"kind": "street", "radius_m": 7.6, "source": "snapshot"}, "geometry": {"type": "Polygon", "coordinates": [[[-97.73926839260147, 30.26680546760098], [-97.73928347331109, 30.266845554340264], [-97.73932295512144, 30.266870329307643], [-97.73937175732293, 30.266870329307643], [-97.73941123913328, 30.266845554340264], [-97.73942631984289, 30.26680546760098], [-97.73941123913328, 30.2667653808617], [-97.73937175732293, 30.26674060589432], [-97.73932295512144, 30.26674060589432], [-97.73928347331109, 30.2667653808617], [-97.73926839260147, 30.26680546760098]]]}}, {"type": "Feature", "properties": {"kind": "street", "radius_m": 5.5, "source": "snapshot"}, "geometry": {"type": "Polygon", "coordinates": [[[-97.73927632890921, 30.266977110399267], [-97.73928731939397, 30.267006324720636], [-97.73931609285664, 30.267024380164198], [-97.73935165881242, 30.267024380164198], [-97.7393804322751, 30.267006324720636], [-97.73939142275985, 30.266977110399267], [-97.7393804322751, 30.266947896077898], [-97.73935165881242, 30.266929840634337], [-97.73931609285664, 30.266929840634337], [-97.73928731939397, 30.266947896077898], [-97.73927632890921, 30.266977110399267]]]}}, {"type": "Feature", "properties": {"kind": "street", "radius_m": 5.5, "source": "snapshot"}, "geometry": {"type": "Polygon", "coordinates": [[[-97.7392790239519, 30.267135264696332], [-97.73928990786214, 30.26716419572699], [-97.7393184023091, 30.26718207608727], [-97.7393536233825, 30.26718207608727], [-97.73938211782945, 30.26716419572699], [-97.7393930017397, 30.267135264696332], [-97.73938211782945, 30.267106333665673], [-97.7393536233825, 30.267088453305394], [-97.7393184023091, 30.267088453305394], [-97.73928990786214, 30.267106333665673], [-97.7392790239519, 30.267135264696332]]]}}, {"type": "Feature", "properties": {"kind": "street", "radius_m": 6.3, "source": "snapshot"}, "geometry": {"type": "Polygon", "coordinates": [[[-97.73938708230763, 30.267194200741823], [-97.73939967677228, 30.267227678677113], [-97.7394326495088, 30.267248369178994], [-97.73947340605254, 30.267248369178994], [-97.73950637878906, 30.267227678677113], [-97.73951897325371, 30.267194200741823], [-97.73950637878906, 30.267160722806533], [-97.73947340605254, 30.267140032304653], [-97.7394326495088, 30.267140032304653], [-97.73939967677228, 30.267160722806533], [-97.73938708230763, 30.267194200741823]]]}}, {"type": "Feature", "properties": {"kind": "street", "radius_m": 7.7, "source": "snapshot"}, "geometry": {"type": "Polygon", "coordinates": [[[-97.73925617686149, 30.26851509839578], [-97.7392714609511, 30.268555725748925], [-97.73931147521718, 30.26858083483404], [-97.73936093557013, 30.26858083483404], [-97.73940094983621, 30.268555725748925], [-97.73941623392582, 30.26851509839578], [-97.73940094983621, 30.268474471042637], [-97.73936093557013, 30.268449361957522], [-97.73931147521718, 30.268449361957522], [-97.7392714609511, 30.268474471042637], [-97.73925617686149, 30.26851509839578]]]}}, {"type": "Feature", "properties": {"kind": "street", "radius_m": 5.3, "source": "snapshot"}, "geometry": {"type": "Polygon", "coordinates": [[[-97.73929280791505, 30.268825269921138], [-97.73930326942684, 30.268853078154727], [-97.73933065802028, 30.26887026458825], [-97.7393645121836, 30.26887026458825], [-97.73939190077704, 30.268853078154727], [-97.73940236228883, 30.268825269921138], [-97.73939190077704, 30.268797461687548], [-97.7393645121836, 30.268780275254024], [-97.73933065802028, 30.268780275254024], [-97.73930326942684, 30.268797461687548], [-97.73929280791505, 30.268825269921138]]]}}, {"type": "Feature", "properties": {"kind": "street", "radius_m": 7.2, "source": "snapshot"}, "geometry": {"type": "Polygon", "coordinates": [[[-97.73940302299013, 30.269332854887082], [-97.73941729317795, 30.269370787140463], [-97.73945465301468, 30.269394230562323], [-97.73950083231249, 30.269394230562323], [-97.73953819214921, 30.269370787140463], [-97.73955246233703, 30.269332854887082], [-97.73953819214921, 30.2692949226337], [-97.73950083231249, 30.26927147921184], [-97.73945465301468, 30.26927147921184], [-97.73941729317795, 30.2692949226337], [-97.73940302299013, 30.269332854887082]]]}}, {"type": "Feature", "properties": {"kind": "street", "radius_m": 7.4, "source": "snapshot"}, "geometry": {"type": "Polygon", "coordinates": [[[-97.73925618031093, 30.26990812606238], [-97.73927079424607, 30.269946972046608], [-97.73930905402499, 30.269970980185185], [-97.73935634571252, 30.269970980185185], [-97.73939460549144, 30.269946972046608], [-97.73940921942658, 30.26990812606238], [-97.73939460549144, 30.26986928007815], [-97.73935634571252, 30.269845271939573], [-97.73930905402499, 30.269845271939573], [-97.73927079424607, 30.26986928007815], [-97.73925618031093, 30.26990812606238]]]}}, {"type": "Feature", "properties": {"kind": "street", "radius_m": 7.5, "source": "snapshot"}, "geometry": {"type": "Polygon", "coordinates": [[[-97.73924448600768, 30.27038727610623], [-97.73925931004378, 30.270426680569614], [-97.73929811987412, 30.270451033867296], [-97.73934609146261, 30.270451033867296], [-97.73938490129295, 30.270426680569614], [-97.73939972532905, 30.27038727610623], [-97.73938490129295, 30.270347871642848], [-97.73934609146261, 30.270323518345165], [-97.73929811987412, 30.270323518345165], [-97.73925931004378, 30.270347871642848], [-97.73924448600768, 30.27038727610623]]]}}, {"type": "Feature", "properties": {"kind": "street", "radius_m": 5.1, "source": "snapshot"}, "geometry": {"type": "Polygon", "coordinates": [[[-97.73941977543257, 30.2705769595153], [-97.73942993854872, 30.270603974569482], [-97.73945654593224, 30.27062067079118], [-97.73948943446696, 30.27062067079118], [-97.73951604185048, 30.270603974569482], [-97.73952620496664, 30.2705769595153], [-97.73951604185048, 30.270549944461116], [-97.73948943446696, 30.27053324823942], [-97.73945654593224, 30.27053324823942], [-97.73942993854872, 30.270549944461116], [-97.73941977543257, 30.2705769595153]]]}}, {"type": "Feature", "properties": {"kind": "street", "radius_m": 6.5, "source": "snapshot"}, "geometry": {"type": "Polygon", "coordinates": [[[-97.73940134233985, 30.271490696349172], [-97.73941419955247, 30.27152487270714], [-97.73944786017212, 30.271545994857973], [-97.73948946698617, 30.271545994857973], [-97.73952312760582, 30.27152487270714], [-97.73953598481845, 30.271490696349172], [-97.73952312760582, 30.271456519991204], [-97.73948946698617, 30.27143539784037], [-97.73944786017212, 30.27143539784037], [-97.73941419955247, 30.271456519991204], [-97.73940134233985, 30.271490696349172]]]}}, {"type": "Feature", "properties": {"kind": "street", "radius_m": 6.2, "source": "snapshot"}, "geometry": {"type": "Polygon", "coordinates": [[[-97.73941290988455, 30.27193294988653], [-97.7394252708367, 30.27196580711135], [-97.73945763222959, 30.271986113993066], [-97.73949763311104, 30.271986113993066], [-97.73952999450393, 30.27196580711135], [-97.73954235545608, 30.27193294988653], [-97.73952999450393, 30.27190009266171], [-97.73949763311104, 30.271879785779994], [-97.73945763222959, 30.271879785779994], [-97.7394252708367, 30.27190009266171], [-97.73941290988455, 30.27193294988653]]]}}, {"type": "Feature", "properties": {"kind": "street", "radius_m": 5.3, "source": "snapshot"}, "geometry": {"type": "Polygon", "coordinates": [[[-97.73928262049623, 30.27220364093838], [-97.73929317658266, 30.272231700565243], [-97.73932081277573, 30.272249042368358], [-97.73935497298902, 30.272249042368358], [-97.73938260918209, 30.272231700565243], [-97.73939316526852, 30.27220364093838], [-97.73938260918209, 30.272175581311515], [-97.73935497298902, 30.2721582395084], [-97.73932081277573, 30.2721582395084], [-97.73929317658266, 30.272175581311515], [-97.73928262049623, 30.27220364093838]]]}}, {"type": "Feature", "properties": {"kind": "street", "radius_m": 7.7, "source": "snapshot"}, "geometry": {"type": "Polygon", "coordinates": [[[-97.73925655067875, 30.272354611440374], [-97.7392718710541, 30.272395335246333], [-97.73931198031748, 30.27242050394257], [-97.73936155809353, 30.27242050394257], [-97.73940166735692, 30.272395335246333], [-97.73941698773227, 30.272354611440374], [-97.73940166735692, 30.272313887634414], [-97.73936155809353, 30.272288718938178], [-97.73931198031748, 30.272288718938178], [-97.7392718710541, 30.272313887634414], [-97.73925655067875, 30.272354611440374]]]}}, {"type": "Feature", "properties": {"kind": "street", "radius_m": 7.7, "source": "snapshot"}, "geometry": {"type": "Polygon", "coordinates": [[[-97.7393706250512, 30.27240605939061], [-97.73938595157664, 30.27244679954444], [-97.73942607694119, 30.272471978344214], [-97.7394756746194, 30.272471978344214], [-97.73951579998395, 30.27244679954444], [-97.73953112650939, 30.27240605939061], [-97.73951579998395, 30.272365319236783], [-97.7394756746194, 30.27234014043701], [-97.73942607694119, 30.27234014043701], [-97.73938595157664, 30.272365319236783], [-97.7393706250512, 30.27240605939061]]]}}, {"type": "Feature", "properties": {"kind": "street", "radius_m": 7.7, "source": "snapshot"}, "geometry": {"type": "Polygon", "coordinates": [[[-97.73936729382635, 30.272878985459137], [-97.73938260952941, 30.2729196968455], [-97.73942270656062, 30.272944857865998], [-97.73947226921686, 30.272944857865998], [-97.73951236624806, 30.2729196968455], [-97.73952768195113, 30.272878985459137], [-97.73951236624806, 30.272838274072775], [-97.73947226921686, 30.272813113052276], [-97.73942270656062, 30.272813113052276], [-97.73938260952941, 30.272838274072775], [-97.73936729382635, 30.272878985459137]]]}}, {"type": "Feature", "properties": {"kind": "street", "radius_m": 4.9, "source": "snapshot"}, "geometry": {"type": "Polygon", "coordinates": [[[-97.73927332320397, 30.273915808207335], [-97.7392829644162, 30.27394143596429], [-97.7393082054375, 30.27395727478914], [-97.73933940505565, 30.27395727478914], [-97.73936464607694, 30.27394143596429], [-97.73937428728917, 30.273915808207335], [-97.73936464607694, 30.27389018045038], [-97.73933940505565, 30.27387434162553], [-97.7393082054375, 30.27387434162553], [-97.7392829644162, 30.27389018045038], [-97.73927332320397, 30.273915808207335]]]}}, {"type": "Feature", "properties": {"kind": "street", "radius_m": 7.8, "source": "snapshot"}, "geometry": {"type": "Polygon", "coordinates": [[[-97.73926759853552, 30.274044101284645], [-97.73928313302626, 30.274085394240718], [-97.73932380285099, 30.274110914691068], [-97.73937407351899, 30.274110914691068], [-97.73941474334372, 30.274085394240718], [-97.73943027783446, 30.274044101284645], [-97.73941474334372, 30.27400280832857], [-97.73937407351899, 30.27397728787822], [-97.73932380285099, 30.27397728787822], [-97.73928313302626, 30.27400280832857], [-97.73926759853552, 30.274044101284645]]]}}, {"type": "Feature", "properties": {"kind": "street", "radius_m": 7.8, "source": "snapshot"}, "geometry": {"type": "Polygon", "coordinates": [[[-97.73939641449516, 30.274683469020044], [-97.73941181099246, 30.27472439516934], [-97.73945211954572, 30.274749688920632], [-97.73950194365761, 30.274749688920632], [-97.73954225221087, 30.27472439516934], [-97.73955764870817, 30.274683469020044], [-97.73954225221087, 30.274642542870748], [-97.73950194365761, 30.274617249119455], [-97.73945211954572, 30.274617249119455], [-97.73941181099246, 30.274642542870748], [-97.73939641449516, 30.274683469020044]]]}}, {"type": "Feature", "properties": {"kind": "street", "radius_m": 5.6, "source": "snapshot"}, "geometry": {"type": "Polygon", "coordinates": [[[-97.73927684548083, 30.27510629581807], [-97.73928791743424, 30.27513572669507], [-97.7393169041846, 30.275153915977373], [-97.73935273377849, 30.275153915977373], [-97.73938172052885, 30.27513572669507], [-97.73939279248226, 30.27510629581807], [-97.73938172052885, 30.27507686494107], [-97.73935273377849, 30.275058675658766], [-97.7393169041846, 30.275058675658766], [-97.73928791743424, 30.27507686494107], [-97.73927684548083, 30.27510629581807]]]}}, {"type": "Feature", "properties": {"kind": "street", "radius_m": 7.8, "source": "snapshot"}, "geometry": {"type": "Polygon", "coordinates": [[[-97.73938820586811, 30.275459934487355], [-97.73940374039103, 30.275501227528952], [-97.7394444103, 30.27552674803216], [-97.7394946810721, 30.27552674803216], [-97.73953535098107, 30.275501227528952], [-97.73955088550399, 30.275459934487355], [-97.73953535098107, 30.275418641445757], [-97.7394946810721, 30.27539312094255], [-97.7394444103, 30.27539312094255], [-97.73940374039103, 30.275418641445757], [-97.73938820586811, 30.275459934487355]]]}}, {"type": "Feature", "properties": {"kind": "street", "radius_m": 4.6, "source": "snapshot"}, "geometry": {"type": "Polygon", "coordinates": [[[-97.73942984554549, 30.27561278072771], [-97.73943900947963, 30.27563713980946], [-97.73946300097067, 30.27565219454992], [-97.73949265608447, 30.27565219454992], [-97.73951664757551, 30.27563713980946], [-97.73952581150965, 30.27561278072771], [-97.73951664757551, 30.275588421645956], [-97.73949265608447, 30.275573366905498], [-97.73946300097067, 30.275573366905498], [-97.73943900947963, 30.275588421645956], [-97.73942984554549, 30.27561278072771]]]}}, {"type": "Feature", "properties": {"kind": "street", "radius_m": 5.0, "source": "snapshot"}, "geometry": {"type": "Polygon", "coordinates": [[[-97.73941252685869, 30.27642433479394], [-97.7394224434637, 30.276450694585325], [-97.73944840547266, 30.27646698583234], [-97.73948049628056, 30.27646698583234], [-97.73950645828953, 30.276450694585325], [-97.73951637489454, 30.27642433479394], [-97.73950645828953, 30.276397975002556], [-97.73948049628056, 30.27638168375554], [-97.73944840547266, 30.27638168375554], [-97.7394224434637, 30.276397975002556], [-97.73941252685869, 30.27642433479394]]]}}, {"type": "Feature", "properties": {"kind": "street", "radius_m": 7.6, "source": "snapshot"}, "geometry": {"type": "Polygon", "coordinates": [[[-97.739243510236, 30.277016898481538], [-97.73925860413053, 30.277057020268234], [-97.73929812045941, 30.277081816896104], [-97.73934696532814, 30.277081816896104], [-97.73938648165702, 30.277057020268234], [-97.73940157555155, 30.277016898481538], [-97.73938648165702, 30.27697677669484], [-97.73934696532814, 30.276951980066972], [-97.73929812045941, 30.276951980066972], [-97.73925860413053, 30.27697677669484], [-97.739243510236, 30.277016898481538]]]}}, {"type": "Feature", "properties": {"kind": "street", "radius_m": 7.6, "source": "snapshot"}, "geometry": {"type": "Polygon", "coordinates": [[[-97.73938984464587, 30.277040469839747], [-97.73940494780976, 30.277080616265778], [-97.73944448840616, 30.277105428121594], [-97.7394933632712, 30.277105428121594], [-97.7395329038676, 30.277080616265778], [-97.73954800703149, 30.277040469839747], [-97.7395329038676, 30.277000323413716], [-97.7394933632712, 30.2769755115579], [-97.73944448840616, 30.2769755115579], [-97.73940494780976, 30.277000323413716], [-97.73938984464587, 30.277040469839747]]]}}, {"type": "Feature", "properties": {"kind": "street", "radius_m": 4.7, "source": "snapshot"}, "geometry": {"type": "Polygon", "coordinates": [[[-97.73929564839861, 30.27729757130185], [-97.7393050585313, 30.27732258481548], [-97.7393296945785, 30.27733804401708], [-97.73936014640755, 30.27733804401708], [-97.73938478245475, 30.27732258481548], [-97.73939419258744, 30.27729757130185], [-97.73938478245475, 30.277272557788223], [-97.73936014640755, 30.277257098586624], [-97.7393296945785, 30.277257098586624], [-97.7393050585313, 30.277272557788223], [-97.73929564839861, 30.27729757130185]]]}}, {"type": "Feature", "properties": {"kind": "street", "radius_m": 5.9, "source": "snapshot"}, "geometry": {"type": "Polygon", "coordinates": [[[-97.73928897137539, 30.277443335463563], [-97.73930059335984, 30.27747422840379], [-97.73933102011016, 30.277493321290862], [-97.7393686296419, 30.277493321290862], [-97.73939905639222, 30.27747422840379], [-97.73941067837667, 30.277443335463563], [-97.73939905639222, 30.277412442523335], [-97.7393686296419, 30.277393349636263], [-97.73933102011016, 30.277393349636263], [-97.73930059335984, 30.277412442523335], [-97.73928897137539, 30.277443335463563]]]}}, {"type": "Feature", "properties": {"kind": "street", "radius_m": 6.2, "source": "snapshot"}, "geometry": {"type": "Polygon", "coordinates": [[[-97.7392718992966, 30.260670523601217], [-97.73928417169277, 30.26070314543126], [-97.73931630124311, 30.260723306831], [-97.7393560155514, 30.260723306831], [-97.73938814510173, 30.26070314543126], [-97.7394004174979, 30.260670523601217], [-97.73938814510173, 30.260637901771172], [-97.7393560155514, 30.260617740371433], [-97.73931630124311, 30.260617740371433], [-97.73928417169277, 30.260637901771172], [-97.7392718992966, 30.260670523601217]]]}}, {"type": "Feature", "properties": {"kind": "street", "radius_m": 5.5, "source": "snapshot"}, "geometry": {"type": "Polygon", "coordinates": [[[-97.73939156431223, 30.261188358808845], [-97.7394025534305, 30.261217569497873], [-97.73943132331563, 30.26123562269653], [-97.73946688484936, 30.26123562269653], [-97.7394956547345, 30.261217569497873], [-97.73950664385276, 30.261188358808845], [-97.7394956547345, 30.261159148119816], [-97.73946688484936, 30.26114109492116], [-97.73943132331563, 30.26114109492116], [-97.7394025534305, 30.261159148119816], [-97.73939156431223, 30.261188358808845]]]}}, {"type": "Feature", "properties": {"kind": "street", "radius_m": 5.1, "source": "snapshot"}, "geometry": {"type": "Polygon", "coordinates": [[[-97.73927050484168, 30.261450686049315], [-97.73928062627708, 30.26147759030991], [-97.73930712453894, 30.2614942180574], [-97.73933987819187, 30.2614942180574], [-97.73936637645373, 30.26147759030991], [-97.73937649788913, 30.261450686049315], [-97.73936637645373, 30.26142378178872], [-97.73933987819187, 30.26140715404123], [-97.73930712453894, 30.26140715404123], [-97.73928062627708, 30.26142378178872], [-97.73927050484168, 30.261450686049315]]]}}, {"type": "Feature", "properties": {"kind": "street", "radius_m": 7.6, "source": "snapshot"}, "geometry": {"type": "Polygon", "coordinates": [[[-97.73939014534186, 30.261478311024124], [-97.73940532825432, 30.26151866943356], [-97.73944507763518, 30.261543612302322], [-97.739494210572, 30.261543612302322], [-97.73953395995287, 30.26151866943356], [-97.73954914286533, 30.261478311024124], [-97.73953395995287, 30.26143795261469], [-97.739494210572, 30.261413009745926], [-97.73944507763518, 30.261413009745926], [-97.73940532825432, 30.26143795261469], [-97.73939014534186, 30.261478311024124]]]}}, {"type": "Feature", "properties": {"kind": "street", "radius_m": 6.2, "source": "snapshot"}, "geometry": {"type": "Polygon", "coordinates": [[[-97.73940096221918, 30.26163587496115], [-97.73941325719352, 30.26166855680726], [-97.73944544585424, 30.26168875529897], [-97.73948523322699, 30.26168875529897], [-97.73951742188771, 30.26166855680726], [-97.73952971686205, 30.26163587496115], [-97.73951742188771, 30.261603193115043], [-97.73948523322699, 30.261582994623332], [-97.73944544585424, 30.261582994623332], [-97.73941325719352, 30.261603193115043], [-97.73940096221918, 30.26163587496115]]]}}, {"type": "Feature", "properties": {"kind": "street", "radius_m": 7.6, "source": "snapshot"}, "geometry": {"type": "Polygon", "coordinates": [[[-97.73924459501706, 30.261911976041397], [-97.73925971973168, 30.26195217975243], [-97.73929931674861, 30.26197702701232], [-97.73934826135327, 30.26197702701232], [-97.73938785837021, 30.26195217975243], [-97.73940298308483, 30.261911976041397], [-97.73938785837021, 30.261871772330363], [-97.73934826135327, 30.261846925070472], [-97.73929931674861, 30.261846925070472], [-97.73925971973168, 30.261871772330363], [-97.73924459501706, 30.261911976041397]]]}}, {"type": "Feature", "properties": {"kind": "street", "radius_m": 5.2, "source": "snapshot"}, "geometry": {"type": "Polygon", "coordinates": [[[-97.73929631614521, 30.27789315283357], [-97.7393065757877, 30.277920424468874], [-97.7393334358804, 30.27793727926642], [-97.73936663678084, 30.27793727926642], [-97.73939349687355, 30.277920424468874], [-97.73940375651603, 30.27789315283357], [-97.73939349687355, 30.277865881198267], [-97.73936663678084, 30.27784902640072], [-97.7393334358804, 30.27784902640072], [-97.7393065757877, 30.277865881198267], [-97.73929631614521, 30.27789315283357]]]}}, {"type": "Feature", "properties": {"kind": "street", "radius_m": 4.6, "source": "snapshot"}, "geometry": {"type": "Polygon", "coordinates": [[[-97.73649657490171, 30.262714677529228], [-97.73650571088976, 30.262738962326193], [-97.736529629217, 30.262753971156126], [-97.73655919389539, 30.262753971156126], [-97.73658311222263, 30.262738962326193], [-97.73659224821068, 30.262714677529228], [-97.73658311222263, 30.262690392732264], [-97.73655919389539, 30.26267538390233], [-97.736529629217, 30.26267538390233], [-97.73650571088976, 30.262690392732264], [-97.73649657490171, 30.262714677529228]]]}}, {"type": "Feature", "properties": {"kind": "street", "radius_m": 5.1, "source": "snapshot"}, "geometry": {"type": "Polygon", "coordinates": [[[-97.73648900567747, 30.26321681476911], [-97.7364991146595, 30.26324368592685], [-97.73652558031804, 30.26326029321565], [-97.73655829367107, 30.26326029321565], [-97.73658475932962, 30.26324368592685], [-97.73659486831164, 30.26321681476911], [-97.73658475932962, 30.26318994361137], [-97.73655829367107, 30.263173336322566], [-97.73652558031804, 30.263173336322566], [-97.7364991146595, 30.26318994361137], [-97.73648900567747, 30.26321681476911]]]}}, {"type": "Feature", "properties": {"kind": "street", "radius_m": 5.1, "source": "snapshot"}, "geometry": {"type": "Polygon", "coordinates": [[[-97.73649951846744, 30.26370778422935], [-97.73650961657202, 30.26373462647322], [-97.73653605375301, 30.263751215892267], [-97.73656873190586, 30.263751215892267], [-97.73659516908685, 30.26373462647322], [-97.73660526719144, 30.26370778422935], [-97.73659516908685, 30.26368094198548], [-97.73656873190586, 30.263664352566433], [-97.73653605375301, 30.263664352566433], [-97.73650961657202, 30.26368094198548], [-97.73649951846744, 30.26370778422935]]]}}, {"type": "Feature", "properties": {"kind": "street", "radius_m": 5.3, "source": "snapshot"}, "geometry": {"type": "Polygon", "coordinates": [[[-97.73647179572795, 30.263896496351865], [-97.73648231358204, 30.263924454351567], [-97.73650984968157, 30.26394173334564], [-97.7365438861724, 30.26394173334564], [-97.73657142227192, 30.263924454351567], [-97.73658194012602, 30.263896496351865], [-97.73657142227192, 30.263868538352163], [-97.7365438861724, 30.26385125935809], [-97.73650984968157, 30.26385125935809], [-97.73648231358204, 30.263868538352163], [-97.73647179572795, 30.263896496351865]]]}}, {"type": "Feature", "properties": {"kind": "street", "radius_m": 6.3, "source": "snapshot"}, "geometry": {"type": "Polygon", "coordinates": [[[-97.73647099359275, 30.264655087837657], [-97.73648345027316, 30.264688199522233], [-97.73651606228587, 30.264708663668724], [-97.73655637295046, 30.264708663668724], [-97.73658898496318, 30.264688199522233], [-97.73660144164359, 30.264655087837657], [-97.73658898496318, 30.26462197615308], [-97.73655637295046, 30.26460151200659], [-97.73651606228587, 30.26460151200659], [-97.73648345027316, 30.26462197615308], [-97.73647099359275, 30.264655087837657]]]}}, {"type": "Feature", "properties": {"kind": "street", "radius_m": 5.0, "source": "snapshot"}, "geometry": {"type": "Polygon", "coordinates": [[[-97.73648629403047, 30.265392957005645], [-97.73649629976957, 30.265419553728545], [-97.73652249513464, 30.265435991407287], [-97.73655487438654, 30.265435991407287], [-97.73658106975161, 30.265419553728545], [-97.73659107549071, 30.265392957005645], [-97.73658106975161, 30.265366360282744], [-97.73655487438654, 30.265349922604003], [-97.73652249513464, 30.265349922604003], [-97.73649629976957, 30.265366360282744], [-97.73648629403047, 30.265392957005645]]]}}, {"type": "Feature", "properties": {"kind": "street", "radius_m": 4.7, "source": "snapshot"}, "geometry": {"type": "Polygon", "coordinates": [[[-97.7366216889455, 30.265459303760093], [-97.73663096823982, 30.265483969486137], [-97.73665526174773, 30.265499213743187], [-97.73668529017493, 30.265499213743187], [-97.73670958368284, 30.265483969486137], [-97.73671886297716, 30.265459303760093], [-97.73670958368284, 30.265434638034048], [-97.73668529017493, 30.265419393776998], [-97.73665526174773, 30.265419393776998], [-97.73663096823982, 30.265434638034048], [-97.7366216889455, 30.265459303760093]]]}}, {"type": "Feature", "properties": {"kind": "street", "radius_m": 5.7, "source": "snapshot"}, "geometry": {"type": "Polygon", "coordinates": [[[-97.73660462730886, 30.26582498430634], [-97.73661590896958, 30.26585497261614], [-97.7366454447408, 30.26587350641086], [-97.7366819529618, 30.26587350641086], [-97.73671148873302, 30.26585497261614], [-97.73672277039374, 30.26582498430634], [-97.73671148873302, 30.265794995996544], [-97.7366819529618, 30.265776462201824], [-97.7366454447408, 30.265776462201824], [-97.73661590896958, 30.265794995996544], [-97.73660462730886, 30.26582498430634]]]}}, {"type": "Feature", "properties": {"kind": "street", "radius_m": 5.5, "source": "snapshot"}, "geometry": {"type": "Polygon", "coordinates": [[[-97.7366177245081, 30.268055246751672], [-97.73662865805247, 30.268084309717125], [-97.73665728244325, 30.268102271617586], [-97.73669266413606, 30.268102271617586], [-97.73672128852684, 30.268084309717125], [-97.73673222207121, 30.268055246751672], [-97.73672128852684, 30.26802618378622], [-97.73669266413606, 30.268008221885758], [-97.73665728244325, 30.268008221885758], [-97.73662865805247, 30.26802618378622], [-97.7366177245081, 30.268055246751672]]]}}, {"type": "Feature", "properties": {"kind": "street", "radius_m": 6.5, "source": "snapshot"}, "geometry": {"type": "Polygon", "coordinates": [[[-97.73646228865843, 30.2695208297365], [-97.73647513815047, 30.26955498557202], [-97.73650877855736, 30.269576095039287], [-97.73655036038708, 30.269576095039287], [-97.73658400079398, 30.26955498557202], [-97.73659685028602, 30.2695208297365], [-97.73658400079398, 30.26948667390098], [-97.73655036038708, 30.269465564433713], [-97.73650877855736, 30.269465564433713], [-97.73647513815047, 30.26948667390098], [-97.73646228865843, 30.2695208297365]]]}}, {"type": "Feature", "properties": {"kind": "street", "radius_m": 5.4, "source": "snapshot"}, "geometry": {"type": "Polygon", "coordinates": [[[-97.73660415348525, 30.270148166325026], [-97.73661482201129, 30.270176524832866], [-97.73664275257508, 30.27019405135458], [-97.73667727665057, 30.27019405135458], [-97.73670520721436, 30.270176524832866], [-97.7367158757404, 30.270148166325026], [-97.73670520721436, 30.270119807817185], [-97.73667727665057, 30.270102281295472], [-97.73664275257508, 30.270102281295472], [-97.73661482201129, 30.270119807817185], [-97.73660415348525, 30.270148166325026]]]}}, {"type": "Feature", "properties": {"kind": "street", "radius_m": 4.6, "source": "snapshot"}, "geometry": {"type": "Polygon", "coordinates": [[[-97.7366270256452, 30.271095030421694], [-97.73663623066662, 30.271119498719493], [-97.73666032972558, 30.271134620959177], [-97.73669011780065, 30.271134620959177], [-97.73671421685961, 30.271119498719493], [-97.73672342188102, 30.271095030421694], [-97.73671421685961, 30.271070562123896], [-97.73669011780065, 30.27105543988421], [-97.73666032972558, 30.27105543988421], [-97.73663623066662, 30.271070562123896], [-97.7366270256452, 30.271095030421694]]]}}, {"type": "Feature", "properties": {"kind": "street", "radius_m": 6.2, "source": "snapshot"}, "geometry": {"type": "Polygon", "coordinates": [[[-97.73647960377188, 30.271927867431366], [-97.73649201267368, 30.27196085211336], [-97.73652449960035, 30.27198123776794], [-97.73656465565007, 30.27198123776794], [-97.73659714257674, 30.27196085211336], [-97.73660955147854, 30.271927867431366], [-97.73659714257674, 30.271894882749372], [-97.73656465565007, 30.271874497094792], [-97.73652449960035, 30.271874497094792], [-97.73649201267368, 30.271894882749372], [-97.73647960377188, 30.271927867431366]]]}}, {"type": "Feature", "properties": {"kind": "street", "radius_m": 6.4, "source": "snapshot"}, "geometry": {"type": "Polygon", "coordinates": [[[-97.73659879871886, 30.273143731563064], [-97.73661147055527, 30.273177415163875], [-97.73664464585372, 30.27319823277404], [-97.73668565277777, 30.27319823277404], [-97.7367188280762, 30.273177415163875], [-97.73673149991262, 30.273143731563064], [-97.7367188280762, 30.273110047962252], [-97.73668565277777, 30.273089230352088], [-97.73664464585372, 30.273089230352088], [-97.73661147055527, 30.273110047962252], [-97.73659879871886, 30.273143731563064]]]}}, {"type": "Feature", "properties": {"kind": "street", "radius_m": 5.2, "source": "snapshot"}, "geometry": {"type": "Polygon", "coordinates": [[[-97.73660177377525, 30.27389186598489], [-97.73661207869462, 30.273919257972846], [-97.73663905732379, 30.27393618715242], [-97.73667240474337, 30.27393618715242], [-97.73669938337254, 30.273919257972846], [-97.73670968829191, 30.27389186598489], [-97.73669938337254, 30.273864473996934], [-97.73667240474337, 30.27384754481736], [-97.73663905732379, 30.27384754481736], [-97.73661207869462, 30.273864473996934], [-97.73660177377525, 30.27389186598489]]]}}, {"type": "Feature", "properties": {"kind": "street", "radius_m": 5.7, "source": "snapshot"}, "geometry": {"type": "Polygon", "coordinates": [[[-97.73648513687493, 30.27506784623092], [-97.73649649373604, 30.2750980344344], [-97.73652622638444, 30.275116691770208], [-97.73656297795903, 30.275116691770208], [-97.73659271060743, 30.2750980344344], [-97.73660406746853, 30.27506784623092], [-97.73659271060743, 30.275037658027443], [-97.73656297795903, 30.275019000691636], [-97.73652622638444, 30.275019000691636], [-97.73649649373604, 30.275037658027443], [-97.73648513687493, 30.27506784623092]]]}}, {"type": "Feature", "properties": {"kind": "street", "radius_m": 5.0, "source": "snapshot"}, "geometry": {"type": "Polygon", "coordinates": [[[-97.73647369244715, 30.275664397436596], [-97.73648357509823, 30.275690666973478], [-97.73650944821468, 30.27570690244014], [-97.73654142914539, 30.27570690244014], [-97.73656730226183, 30.275690666973478], [-97.73657718491292, 30.275664397436596], [-97.73656730226183, 30.275638127899715], [-97.73654142914539, 30.27562189243305], [-97.73650944821468, 30.27562189243305], [-97.73648357509823, 30.275638127899715], [-97.73647369244715, 30.275664397436596]]]}}, {"type": "Feature", "properties": {"kind": "street", "radius_m": 5.1, "source": "snapshot"}, "geometry": {"type": "Polygon", "coordinates": [[[-97.73647505528139, 30.276662452010207], [-97.73648510783858, 30.27668917318243], [-97.73651142577495, 30.276705687775085], [-97.73654395653335, 30.276705687775085], [-97.73657027446973, 30.27668917318243], [-97.73658032702691, 30.276662452010207], [-97.73657027446973, 30.276635730837985], [-97.73654395653335, 30.27661921624533], [-97.73651142577495, 30.27661921624533], [-97.73648510783858, 30.276635730837985], [-97.73647505528139, 30.276662452010207]]]}}, {"type": "Feature", "properties": {"kind": "street", "radius_m": 6.4, "source": "snapshot"}, "geometry": {"type": "Polygon", "coordinates": [[[-97.73645901406694, 30.277403840280947], [-97.73647182324076, 30.27743788894476], [-97.73650535809324, 30.27745893217627], [-97.73654680945049, 30.27745893217627], [-97.73658034430296, 30.27743788894476], [-97.73659315347679, 30.277403840280947], [-97.73658034430296, 30.277369791617133], [-97.73654680945049, 30.277348748385624], [-97.73650535809324, 30.277348748385624], [-97.73647182324076, 30.277369791617133], [-97.73645901406694, 30.277403840280947]]]}}, {"type": "Feature", "properties": {"kind": "street", "radius_m": 4.9, "source": "snapshot"}, "geometry": {"type": "Polygon", "coordinates": [[[-97.73660909505234, 30.260281677582498], [-97.7366187804794, 30.260307422868973], [-97.73664413725663, 30.260323334331062], [-97.736675479957, 30.260323334331062], [-97.73670083673423, 30.260307422868973], [-97.73671052216129, 30.260281677582498], [-97.73670083673423, 30.260255932296023], [-97.736675479957, 30.260240020833933], [-97.73664413725663, 30.260240020833933], [-97.7366187804794, 30.260255932296023], [-97.73660909505234, 30.260281677582498]]]}}, {"type": "Feature", "properties": {"kind": "street", "radius_m": 6.0, "source": "snapshot"}, "geometry": {"type": "Polygon", "coordinates": [[[-97.73660991126373, 30.260437370568606], [-97.73662186737394, 30.26046915166411], [-97.73665316887683, 30.260488793461334], [-97.7366918596622, 30.260488793461334], [-97.73672316116509, 30.26046915166411], [-97.7367351172753, 30.260437370568606], [-97.73672316116509, 30.260405589473102], [-97.7366918596622, 30.26038594767588], [-97.73665316887683, 30.26038594767588], [-97.73662186737394, 30.260405589473102], [-97.73660991126373, 30.260437370568606]]]}}, {"type": "Feature", "properties": {"kind": "street", "radius_m": 4.8, "source": "snapshot"}, "geometry": {"type": "Polygon", "coordinates": [[[-97.73660688613418, 30.261117858103248], [-97.73661636384003, 30.261143051236232], [-97.73664117679604, 30.2611586214487], [-97.7366718472964, 30.2611586214487], [-97.73669666025242, 30.261143051236232], [-97.73670613795827, 30.261117858103248], [-97.73669666025242, 30.261092664970263], [-97.7366718472964, 30.261077094757795], [-97.73664117679604, 30.261077094757795], [-97.73661636384003, 30.261092664970263], [-97.73660688613418, 30.261117858103248]]]}}, {"type": "Feature", "properties": {"kind": "street", "radius_m": 6.2, "source": "snapshot"}, "geometry": {"type": "Polygon", "coordinates": [[[-97.73658860409522, 30.26162104781704], [-97.73660086803127, 30.26165364715885], [-97.73663297543273, 30.261673794660105], [-97.73667266236352, 30.261673794660105], [-97.73670476976497, 30.26165364715885], [-97.73671703370103, 30.26162104781704], [-97.73670476976497, 30.26158844847523], [-97.73667266236352, 30.261568300973977], [-97.73663297543273, 30.261568300973977], [-97.73660086803127, 30.26158844847523], [-97.73658860409522, 30.26162104781704]]]}}, {"type": "Feature", "properties": {"kind": "street", "radius_m": 5.9, "source": "snapshot"}, "geometry": {"type": "Polygon", "coordinates": [[[-97.73659958477556, 30.261780608342306], [-97.73661132294063, 30.26181181010765], [-97.73664205385575, 30.26183109385914], [-97.73668003935583, 30.26183109385914], [-97.73671077027095, 30.26181181010765], [-97.73672250843602, 30.261780608342306], [-97.73671077027095, 30.261749406576964], [-97.73668003935583, 30.261730122825472], [-97.73664205385575, 30.261730122825472], [-97.73661132294063, 30.261749406576964], [-97.73659958477556, 30.261780608342306]]]}}, {"type": "Feature", "properties": {"kind": "street", "radius_m": 5.8, "source": "snapshot"}, "geometry": {"type": "Polygon", "coordinates": [[[-97.73661247797754, 30.27778738304999], [-97.73662394112907, 30.27781785378899], [-97.7366539520494, 30.27783668574135], [-97.73669104758697, 30.27783668574135], [-97.7367210585073, 30.27781785378899], [-97.73673252165882, 30.27778738304999], [-97.7367210585073, 30.27775691231099], [-97.73669104758697, 30.27773808035863], [-97.7366539520494, 30.27773808035863], [-97.73662394112907, 30.27775691231099], [-97.73661247797754, 30.27778738304999]]]}}, {"type": "Feature", "properties": {"kind": "street", "radius_m": 6.6, "source": "snapshot"}, "geometry": {"type": "Polygon", "coordinates": [[[-97.73568381294999, 30.26219509381444], [-97.73569688177346, 30.262229832665117], [-97.73573109639752, 30.262251302455567], [-97.73577338799869, 30.262251302455567], [-97.73580760262274, 30.262229832665117], [-97.73582067144622, 30.26219509381444], [-97.73580760262274, 30.262160354963765], [-97.73577338799869, 30.262138885173314], [-97.73573109639752, 30.262138885173314], [-97.73569688177346, 30.262160354963765], [-97.73568381294999, 30.26219509381444]]]}}, {"type": "Feature", "properties": {"kind": "street", "radius_m": 5.7, "source": "snapshot"}, "geometry": {"type": "Polygon", "coordinates": [[[-97.73581442901776, 30.262243809426668], [-97.73582579948398, 30.262274033794505], [-97.735855567751, 30.262292713481113], [-97.7358923633526, 30.262292713481113], [-97.73592213161963, 30.262274033794505], [-97.73593350208584, 30.262243809426668], [-97.73592213161963, 30.26221358505883], [-97.7358923633526, 30.262194905372223], [-97.735855567751, 30.262194905372223], [-97.73582579948398, 30.26221358505883], [-97.73581442901776, 30.262243809426668]]]}}, {"type": "Feature", "properties": {"kind": "street", "radius_m": 6.9, "source": "snapshot"}, "geometry": {"type": "Polygon", "coordinates": [[[-97.7358028342394, 30.262397008496027], [-97.73581656219841, 30.26243349942569], [-97.73585250246171, 30.2624560520605], [-97.73589692707029, 30.2624560520605], [-97.73593286733359, 30.26243349942569], [-97.7359465952926, 30.262397008496027], [-97.73593286733359, 30.262360517566364], [-97.73589692707029, 30.262337964931554], [-97.73585250246171, 30.262337964931554], [-97.73581656219841, 30.262360517566364], [-97.7358028342394, 30.262397008496027]]]}}, {"type": "Feature", "properties": {"kind": "street", "radius_m": 6.5, "source": "snapshot"}, "geometry": {"type": "Polygon", "coordinates": [[[-97.73567349775234, 30.262666226306116], [-97.73568641511415, 30.262700562549433], [-97.7357202332064, 30.26272178351485], [-97.73576203466729, 30.26272178351485], [-97.73579585275954, 30.262700562549433], [-97.73580877012134, 30.262666226306116], [-97.73579585275954, 30.2626318900628], [-97.73576203466729, 30.262610669097384], [-97.7357202332064, 30.262610669097384], [-97.73568641511415, 30.2626318900628], [-97.73567349775234, 30.262666226306116]]]}}, {"type": "Feature", "properties": {"kind": "street", "radius_m": 7.2, "source": "snapshot"}, "geometry": {"type": "Polygon", "coordinates": [[[-97.73566520838251, 30.263436075334216], [-97.73567957216, 30.263474256362663], [-97.73571717701765, 30.26349785353597], [-97.73576365917799, 30.26349785353597], [-97.73580126403564, 30.263474256362663], [-97.73581562781312, 30.263436075334216], [-97.73580126403564, 30.26339789430577], [-97.73576365917799, 30.26337429713246], [-97.73571717701765, 30.26337429713246], [-97.73567957216, 30.26339789430577], [-97.73566520838251, 30.263436075334216]]]}}, {"type": "Feature", "properties": {"kind": "street", "radius_m": 6.6, "source": "snapshot"}, "geometry": {"type": "Polygon", "coordinates": [[[-97.7358065582956, 30.263627318954306], [-97.73581967646967, 30.263662188986114], [-97.73585402029528, 30.26368373985096], [-97.73589647159832, 30.26368373985096], [-97.73593081542393, 30.263662188986114], [-97.73594393359801, 30.263627318954306], [-97.73593081542393, 30.2635924489225], [-97.73589647159832, 30.26357089805765], [-97.73585402029528, 30.26357089805765], [-97.73581967646967, 30.2635924489225], [-97.7358065582956, 30.263627318954306]]]}}, {"type": "Feature", "properties": {"kind": "street", "radius_m": 5.6, "source": "snapshot"}, "geometry": {"type": "Polygon", "coordinates": [[[-97.73579675556137, 30.26379892808866], [-97.73580781803497, 30.263828333766938], [-97.73583677996686, 30.263846507475577], [-97.73587257888346, 30.263846507475577], [-97.73590154081535, 30.263828333766938], [-97.73591260328895, 30.26379892808866], [-97.73590154081535, 30.263769522410385], [-97.73587257888346, 30.263751348701746], [-97.73583677996686, 30.263751348701746], [-97.73580781803497, 30.263769522410385], [-97.73579675556137, 30.26379892808866]]]}}, {"type": "Feature", "properties": {"kind": "street", "radius_m": 5.4, "source": "snapshot"}, "geometry": {"type": "Polygon", "coordinates": [[[-97.73568547106812, 30.264530569766052], [-97.73569616185969, 30.26455898745894], [-97.7357241507154, 30.26457655055903], [-97.73575874684367, 30.26457655055903], [-97.73578673569938, 30.26455898745894], [-97.73579742649095, 30.264530569766052], [-97.73578673569938, 30.264502152073163], [-97.73575874684367, 30.264484588973072], [-97.7357241507154, 30.264484588973072], [-97.73569616185969, 30.264502152073163], [-97.73568547106812, 30.264530569766052]]]}}, {"type": "Feature", "properties": {"kind": "street", "radius_m": 6.8, "source": "snapshot"}, "geometry": {"type": "Polygon", "coordinates": [[[-97.73577908054614, 30.265206818753963], [-97.7357926243008, 30.265242820041415], [-97.73582808231083, 30.265265070060696], [-97.73587191082157, 30.265265070060696], [-97.7359073688316, 30.265242820041415], [-97.73592091258627, 30.265206818753963], [-97.7359073688316, 30.26517081746651], [-97.73587191082157, 30.26514856744723], [-97.73582808231083, 30.26514856744723], [-97.7357926243008, 30.26517081746651], [-97.73577908054614, 30.265206818753963]]]}}, {"type": "Feature", "properties": {"kind": "street", "radius_m": 5.5, "source": "snapshot"}, "geometry": {"type": "Polygon", "coordinates": [[[-97.73580933337716, 30.26549213055731], [-97.73582034729681, 30.26552140717204], [-97.7358491821128, 30.265539501115022], [-97.73588482390547, 30.265539501115022], [-97.73591365872146, 30.26552140717204], [-97.7359246726411, 30.26549213055731], [-97.73591365872146, 30.265462853942577], [-97.73588482390547, 30.265444759999596], [-97.7358491821128, 30.265444759999596], [-97.73582034729681, 30.265462853942577], [-97.73580933337716, 30.26549213055731]]]}}, {"type": "Feature", "properties": {"kind": "street", "radius_m": 6.7, "source": "snapshot"}, "geometry": {"type": "Polygon", "coordinates": [[[-97.73577867217816, 30.26580785563096], [-97.73579206464373, 30.26584345476984], [-97.73582712657382, 30.265865456247635], [-97.73587046550283, 30.265865456247635], [-97.73590552743292, 30.26584345476984], [-97.7359189198985, 30.26580785563096], [-97.73590552743292, 30.26577225649208], [-97.73587046550283, 30.265750255014286], [-97.73582712657382, 30.265750255014286], [-97.73579206464373, 30.26577225649208], [-97.73577867217816, 30.26580785563096]]]}}, {"type": "Feature", "properties": {"kind": "street", "radius_m": 5.5, "source": "snapshot"}, "geometry": {"type": "Polygon", "coordinates": [[[-97.73581131113124, 30.266090412492574], [-97.73582232724219, 30.26611969493209], [-97.73585116779506, 30.26613779247499], [-97.73588681667891, 30.26613779247499], [-97.73591565723179, 30.26611969493209], [-97.73592667334273, 30.266090412492574], [-97.73591565723179, 30.266061130053057], [-97.73588681667891, 30.266043032510158], [-97.73585116779506, 30.266043032510158], [-97.73582232724219, 30.266061130053057], [-97.73581131113124, 30.266090412492574]]]}}, {"type": "Feature", "properties": {"kind": "street", "radius_m": 7.3, "source": "snapshot"}, "geometry": {"type": "Polygon", "coordinates": [[[-97.73579456467392, 30.26623894697121], [-97.73580910313844, 30.26627759234343], [-97.73584716533269, 30.26630147649697], [-97.73589421279213, 30.26630147649697], [-97.73593227498638, 30.26627759234343], [-97.7359468134509, 30.26623894697121], [-97.73593227498638, 30.26620030159899], [-97.73589421279213, 30.26617641744545], [-97.73584716533269, 30.26617641744545], [-97.73580910313844, 30.26620030159899], [-97.73579456467392, 30.26623894697121]]]}}, {"type": "Feature", "properties": {"kind": "street", "radius_m": 4.6, "source": "snapshot"}, "geometry": {"type": "Polygon", "coordinates": [[[-97.73469204557644, 30.263128627146795], [-97.73470122992464, 30.263153040492114], [-97.73472527486038, 30.2631681287693], [-97.73475499603546, 30.2631681287693], [-97.7347790409712, 30.263153040492114], [-97.7347882253194, 30.263128627146795], [-97.7347790409712, 30.263104213801476], [-97.73475499603546, 30.26308912552429], [-97.73472527486038, 30.26308912552429], [-97.73470122992464, 30.263104213801476], [-97.73469204557644, 30.263128627146795]]]}}, {"type": "Feature", "properties": {"kind": "street", "radius_m": 6.4, "source": "snapshot"}, "geometry": {"type": "Polygon", "coordinates": [[[-97.7346642589025, 30.263598465577534], [-97.73467691469455, 30.263632106530043], [-97.73471004798827, 30.26365289778211], [-97.73475100299163, 30.26365289778211], [-97.73478413628536, 30.263632106530043], [-97.7347967920774, 30.263598465577534], [-97.73478413628536, 30.263564824625025], [-97.73475100299163, 30.26354403337296], [-97.73471004798827, 30.26354403337296], [-97.73467691469455, 30.263564824625025], [-97.7346642589025, 30.263598465577534]]]}}, {"type": "Feature", "properties": {"kind": "street", "radius_m": 5.4, "source": "snapshot"}, "geometry": {"type": "Polygon", "coordinates": [[[-97.73469393046163, 30.265143054340562], [-97.7347046675085, 30.26517159498678], [-97.73473277746209, 30.2651892340762], [-97.7347675232756, 30.2651892340762], [-97.73479563322918, 30.26517159498678], [-97.73480637027605, 30.265143054340562], [-97.73479563322918, 30.265114513694346], [-97.7347675232756, 30.265096874604925], [-97.73473277746209, 30.265096874604925], [-97.7347046675085, 30.265114513694346], [-97.73469393046163, 30.265143054340562]]]}}, {"type": "Feature", "properties": {"kind": "street", "radius_m": 4.8, "source": "snapshot"}, "geometry": {"type": "Polygon", "coordinates": [[[-97.73468193200235, 30.265608741799387], [-97.73469149164661, 30.265634152736773], [-97.73471651912027, 30.26564985755976], [-97.73474745477898, 30.26564985755976], [-97.73477248225264, 30.265634152736773], [-97.7347820418969, 30.265608741799387], [-97.73477248225264, 30.265583330862], [-97.73474745477898, 30.26556762603901], [-97.73471651912027, 30.26556762603901], [-97.73469149164661, 30.265583330862], [-97.73468193200235, 30.265608741799387]]]}}, {"type": "Feature", "properties": {"kind": "street", "radius_m": 7.3, "source": "snapshot"}, "geometry": {"type": "Polygon", "coordinates": [[[-97.73465448126856, 30.265910479965758], [-97.73466889918278, 30.265948804897594], [-97.73470664577223, 30.265972491008085], [-97.73475330312274, 30.265972491008085], [-97.7347910497122, 30.265948804897594], [-97.73480546762642, 30.265910479965758], [-97.7347910497122, 30.26587215503392], [-97.73475330312274, 30.26584846892343], [-97.73470664577223, 30.26584846892343], [-97.73466889918278, 30.26587215503392], [-97.73465448126856, 30.265910479965758]]]}}, {"type": "Feature", "properties": {"kind": "street", "radius_m": 7.5, "source": "snapshot"}, "geometry": {"type": "Polygon", "coordinates": [[[-97.73466727460979, 30.26604744590106], [-97.73468213138332, 30.266086937385342], [-97.73472102692138, 30.266111344464896], [-97.73476910445042, 30.266111344464896], [-97.73480799998848, 30.266086937385342], [-97.73482285676201, 30.26604744590106], [-97.73480799998848, 30.266007954416775], [-97.73476910445042, 30.26598354733722], [-97.73472102692138, 30.26598354733722], [-97.73468213138332, 30.266007954416775], [-97.73466727460979, 30.26604744590106]]]}}, {"type": "Feature", "properties": {"kind": "street", "radius_m": 7.5, "source": "snapshot"}, "geometry": {"type": "Polygon", "coordinates": [[[-97.73479617283586, 30.266855606556014], [-97.73481114282129, 30.266895398974164], [-97.73485033475197, 30.266919992041075], [-97.73489877864245, 30.266919992041075], [-97.73493797057313, 30.266895398974164], [-97.73495294055856, 30.266855606556014], [-97.73493797057313, 30.266815814137864], [-97.73489877864245, 30.266791221070953], [-97.73485033475197, 30.266791221070953], [-97.73481114282129, 30.266815814137864], [-97.73479617283586, 30.266855606556014]]]}}, {"type": "Feature", "properties": {"kind": "street", "radius_m": 7.5, "source": "snapshot"}, "geometry": {"type": "Polygon", "coordinates": [[[-97.73466598510208, 30.267128464492107], [-97.73468086291274, 30.26716801189618], [-97.73471981352672, 30.26719245353607], [-97.73476795913338, 30.26719245353607], [-97.73480690974736, 30.26716801189618], [-97.73482178755802, 30.267128464492107], [-97.73480690974736, 30.26708891708803], [-97.73476795913338, 30.267064475448144], [-97.73471981352672, 30.267064475448144], [-97.73468086291274, 30.26708891708803], [-97.73466598510208, 30.267128464492107]]]}}, {"type": "Feature", "properties": {"kind": "street", "radius_m": 6.5, "source": "snapshot"}, "geometry": {"type": "Polygon", "coordinates": [[[-97.7346794137745, 30.267285821862846], [-97.73469231129087, 30.267320105354095], [-97.73472607742711, 30.267341293716942], [-97.73476781466682, 30.267341293716942], [-97.73480158080307, 30.267320105354095], [-97.73481447831944, 30.267285821862846], [-97.73480158080307, 30.267251538371596], [-97.73476781466682, 30.26723035000875], [-97.73472607742711, 30.26723035000875], [-97.73469231129087, 30.267251538371596], [-97.7346794137745, 30.267285821862846]]]}}, {"type": "Feature", "properties": {"kind": "street", "radius_m": 6.2, "source": "snapshot"}, "geometry": {"type": "Polygon", "coordinates": [[[-97.73480458131885, 30.267790289207973], [-97.73481690997103, 30.26782306057468], [-97.73484918680144, 30.26784331439316], [-97.73488908315791, 30.26784331439316], [-97.73492135998832, 30.26782306057468], [-97.7349336886405, 30.267790289207973], [-97.73492135998832, 30.267757517841265], [-97.73488908315791, 30.267737264022784], [-97.73484918680144, 30.267737264022784], [-97.73481690997103, 30.267757517841265], [-97.73480458131885, 30.267790289207973]]]}}, {"type": "Feature", "properties": {"kind": "street", "radius_m": 5.5, "source": "snapshot"}, "geometry": {"type": "Polygon", "coordinates": [[[-97.73467663629069, 30.268207523328307], [-97.73468747676148, 30.26823633889054], [-97.73471585748248, 30.2682541478874], [-97.73475093798288, 30.2682541478874], [-97.73477931870389, 30.26823633889054], [-97.73479015917468, 30.268207523328307], [-97.73477931870389, 30.268178707766076], [-97.73475093798288, 30.268160898769214], [-97.73471585748248, 30.268160898769214], [-97.73468747676148, 30.268178707766076], [-97.73467663629069, 30.268207523328307]]]}}, {"type": "Feature", "properties": {"kind": "street", "radius_m": 7.2, "source": "snapshot"}, "geometry": {"type": "Polygon", "coordinates": [[[-97.73465474132304, 30.268681026331375], [-97.73466898875566, 30.26871889809808], [-97.73470628901848, 30.26874230413712], [-97.7347523946789, 30.26874230413712], [-97.73478969494172, 30.26871889809808], [-97.73480394237434, 30.268681026331375], [-97.73478969494172, 30.26864315456467], [-97.7347523946789, 30.26861974852563], [-97.73470628901848, 30.26861974852563], [-97.73466898875566, 30.26864315456467], [-97.73465474132304, 30.268681026331375]]]}}, {"type": "Feature", "properties": {"kind": "street", "radius_m": 5.9, "source": "snapshot"}, "geometry": {"type": "Polygon", "coordinates": [[[-97.73480448864277, 30.268723016176644], [-97.73481623199092, 30.26875423171941], [-97.73484697647555, 30.268773523985814], [-97.73488497874848, 30.268773523985814], [-97.73491572323312, 30.26875423171941], [-97.73492746658127, 30.268723016176644], [-97.73491572323312, 30.268691800633878], [-97.73488497874848, 30.268672508367473], [-97.73484697647555, 30.268672508367473], [-97.73481623199092, 30.268691800633878], [-97.73480448864277, 30.268723016176644]]]}}, {"type": "Feature", "properties": {"kind": "street", "radius_m": 5.8, "source": "snapshot"}, "geometry": {"type": "Polygon", "coordinates": [[[-97.73469163247994, 30.26929144067513], [-97.73470316522557, 30.269322096405443], [-97.7347333583456, 30.269341042688723], [-97.73477067909438, 30.269341042688723], [-97.73480087221441, 30.269322096405443], [-97.73481240496004, 30.26929144067513], [-97.73480087221441, 30.269260784944816], [-97.73477067909438, 30.269241838661536], [-97.7347333583456, 30.269241838661536], [-97.73470316522557, 30.269260784944816], [-97.73469163247994, 30.26929144067513]]]}}, {"type": "Feature", "properties": {"kind": "street", "radius_m": 5.2, "source": "snapshot"}, "geometry": {"type": "Polygon", "coordinates": [[[-97.73480311633358, 30.26935089256736], [-97.73481338009502, 30.269378175151473], [-97.7348402509713, 30.26939503671576], [-97.73487346520102, 30.26939503671576], [-97.7349003360773, 30.269378175151473], [-97.73491059983874, 30.26935089256736], [-97.7349003360773, 30.269323609983246], [-97.73487346520102, 30.26930674841896], [-97.7348402509713, 30.26930674841896], [-97.73481338009502, 30.269323609983246], [-97.73480311633358, 30.26935089256736]]]}}, {"type": "Feature", "properties": {"kind": "street", "radius_m": 5.0, "source": "snapshot"}, "geometry": {"type": "Polygon", "coordinates": [[[-97.73468005832258, 30.269909114033787], [-97.73468989349716, 30.269935257371156], [-97.7347156423185, 30.269951414842232], [-97.73474746961203, 30.269951414842232], [-97.73477321843338, 30.269935257371156], [-97.73478305360796, 30.269909114033787], [-97.73477321843338, 30.26988297069642], [-97.73474746961203, 30.26986681322534], [-97.7347156423185, 30.26986681322534], [-97.73468989349716, 30.26988297069642], [-97.73468005832258, 30.269909114033787]]]}}, {"type": "Feature", "properties": {"kind": "street", "radius_m": 7.4, "source": "snapshot"}, "geometry": {"type": "Polygon", "coordinates": [[[-97.734658032984, 30.2702162882866], [-97.73467269947, 30.270255273958735], [-97.73471109682886, 30.270279368429186], [-97.73475855857457, 30.270279368429186], [-97.73479695593343, 30.270255273958735], [-97.73481162241943, 30.2702162882866], [-97.73479695593343, 30.270177302614467], [-97.73475855857457, 30.270153208144016], [-97.73471109682886, 30.270153208144016], [-97.73467269947, 30.270177302614467], [-97.734658032984, 30.2702162882866]]]}}, {"type": "Feature", "properties": {"kind": "street", "radius_m": 6.6, "source": "snapshot"}, "geometry": {"type": "Polygon", "coordinates": [[[-97.73478736484289, 30.270271738381467], [-97.7348004498399, 30.270306520223777], [-97.73483470680682, 30.270328016584518], [-97.73487705074666, 30.270328016584518], [-97.73491130771359, 30.270306520223777], [-97.7349243927106, 30.270271738381467], [-97.73491130771359, 30.270236956539158], [-97.73487705074666, 30.270215460178417], [-97.73483470680682, 30.270215460178417], [-97.7348004498399, 30.270236956539158], [-97.73478736484289, 30.270271738381467]]]}}, {"type": "Feature", "properties": {"kind": "street", "radius_m": 5.7, "source": "snapshot"}, "geometry": {"type": "Polygon", "coordinates": [[[-97.73481523066393, 30.270415645686924], [-97.73482655227522, 30.27044574019119], [-97.73485619263838, 30.2704643396177], [-97.73489283014212, 30.2704643396177], [-97.73492247050527, 30.27044574019119], [-97.73493379211656, 30.270415645686924], [-97.73492247050527, 30.27038555118266], [-97.73489283014212, 30.27036695175615], [-97.73485619263838, 30.27036695175615], [-97.73482655227522, 30.27038555118266], [-97.73481523066393, 30.270415645686924]]]}}, {"type": "Feature", "properties": {"kind": "street", "radius_m": 7.7, "source": "snapshot"}, "geometry": {"type": "Polygon", "coordinates": [[[-97.73477245377539, 30.270904498040768], [-97.73478777630059, 30.27094522756132], [-97.73482789119232, 30.270970399789366], [-97.73487747592542, 30.270970399789366], [-97.73491759081715, 30.27094522756132], [-97.73493291334235, 30.270904498040768], [-97.73491759081715, 30.270863768520215], [-97.73487747592542, 30.27083859629217], [-97.73482789119232, 30.27083859629217], [-97.73478777630059, 30.270863768520215], [-97.73477245377539, 30.270904498040768]]]}}, {"type": "Feature", "properties": {"kind": "street", "radius_m": 5.0, "source": "snapshot"}, "geometry": {"type": "Polygon", "coordinates": [[[-97.73480235096847, 30.27105342027619], [-97.73481220195958, 30.271079605656237], [-97.73483799218917, 30.27109578911111], [-97.73486987066607, 30.27109578911111], [-97.73489566089566, 30.271079605656237], [-97.73490551188678, 30.27105342027619], [-97.73489566089566, 30.271027234896142], [-97.73486987066607, 30.271011051441267], [-97.73483799218917, 30.271011051441267], [-97.73481220195958, 30.271027234896142], [-97.73480235096847, 30.27105342027619]]]}}, {"type": "Feature", "properties": {"kind": "street", "radius_m": 4.6, "source": "snapshot"}, "geometry": {"type": "Polygon", "coordinates": [[[-97.73481007851726, 30.2714996966012], [-97.7348192770791, 30.27152414772846], [-97.73484335922663, 30.27153925935617], [-97.73487312639801, 30.27153925935617], [-97.73489720854555, 30.27152414772846], [-97.73490640710739, 30.2714996966012], [-97.73489720854555, 30.27147524547394], [-97.73487312639801, 30.27146013384623], [-97.73484335922663, 30.27146013384623], [-97.7348192770791, 30.27147524547394], [-97.73481007851726, 30.2714996966012]]]}}, {"type": "Feature", "properties": {"kind": "street", "radius_m": 8.0, "source": "snapshot"}, "geometry": {"type": "Polygon", "coordinates": [[[-97.73465349697942, 30.27205483471346], [-97.73466935118797, 30.272096977526413], [-97.73471085804482, 30.272123023217198], [-97.7347621633414, 30.272123023217198], [-97.73480367019825, 30.272096977526413], [-97.7348195244068, 30.27205483471346], [-97.73480367019825, 30.27201269190051], [-97.7347621633414, 30.271986646209726], [-97.73471085804482, 30.271986646209726], [-97.73466935118797, 30.27201269190051], [-97.73465349697942, 30.27205483471346]]]}}, {"type": "Feature", "properties": {"kind": "street", "radius_m": 5.8, "source": "snapshot"}, "geometry": {"type": "Polygon", "coordinates": [[[-97.73467102714673, 30.27250901230008], [-97.73468260961839, 30.27253980020948], [-97.73471293292285, 30.27255882818393], [-97.73475041458848, 30.27255882818393], [-97.73478073789293, 30.27253980020948], [-97.73479232036459, 30.27250901230008], [-97.73478073789293, 30.27247822439068], [-97.73475041458848, 30.272459196416232], [-97.73471293292285, 30.272459196416232], [-97.73468260961839, 30.27247822439068], [-97.73467102714673, 30.27250901230008]]]}}, {"type": "Feature", "properties": {"kind": "street", "radius_m": 5.6, "source": "snapshot"}, "geometry": {"type": "Polygon", "coordinates": [[[-97.73481073030283, 30.273020841034068], [-97.73482176258048, 30.273050166447067], [-97.73485064545834, 30.273068290549034], [-97.73488634665877, 30.273068290549034], [-97.73491522953663, 30.273050166447067], [-97.73492626181428, 30.273020841034068], [-97.73491522953663, 30.27299151562107], [-97.73488634665877, 30.272973391519102], [-97.73485064545834, 30.272973391519102], [-97.73482176258048, 30.27299151562107], [-97.73481073030283, 30.273020841034068]]]}}, {"type": "Feature", "properties": {"kind": "street", "radius_m": 7.4, "source": "snapshot"}, "geometry": {"type": "Polygon", "coordinates": [[[-97.73465725580569, 30.273756745445656], [-97.7346719696298, 30.27379585694944], [-97.73471049092146, 30.27382002918813], [-97.73475810585651, 30.27382002918813], [-97.73479662714817, 30.27379585694944], [-97.73481134097229, 30.273756745445656], [-97.73479662714817, 30.27371763394187], [-97.73475810585651, 30.273693461703182], [-97.73471049092146, 30.273693461703182], [-97.7346719696298, 30.27371763394187], [-97.73465725580569, 30.273756745445656]]]}}, {"type": "Feature", "properties": {"kind": "street", "radius_m": 4.9, "source": "snapshot"}, "geometry": {"type": "Polygon", "coordinates": [[[-97.73467981379103, 30.273909794274825], [-97.73468954524803, 30.273935661915637], [-97.73471502253322, 30.273951648996864], [-97.73474651418958, 30.273951648996864], [-97.73477199147477, 30.273935661915637], [-97.73478172293177, 30.273909794274825], [-97.73477199147477, 30.273883926634014], [-97.73474651418958, 30.273867939552787], [-97.73471502253322, 30.273867939552787], [-97.73468954524803, 30.273883926634014], [-97.73467981379103, 30.273909794274825]]]}}, {"type": "Feature", "properties": {"kind": "street", "radius_m": 5.4, "source": "snapshot"}, "geometry": {"type": "Polygon", "coordinates": [[[-97.73469061955694, 30.274045777398356], [-97.73470138679156, 30.27407439828807], [-97.73472957577775, 30.2740920869707], [-97.73476441928088, 30.2740920869707], [-97.73479260826707, 30.27407439828807], [-97.73480337550168, 30.274045777398356], [-97.73479260826707, 30.27401715650864], [-97.73476441928088, 30.273999467826012], [-97.73472957577775, 30.273999467826012], [-97.73470138679156, 30.27401715650864], [-97.73469061955694, 30.274045777398356]]]}}, {"type": "Feature", "properties": {"kind": "street", "radius_m": 4.6, "source": "snapshot"}, "geometry": {"type": "Polygon", "coordinates": [[[-97.73468300804274, 30.274509381155685], [-97.73469222080331, 30.274533870025284], [-97.73471634012363, 30.27454900497904], [-97.73474615324311, 30.27454900497904], [-97.73477027256342, 30.274533870025284], [-97.734779485324, 30.274509381155685], [-97.73477027256342, 30.274484892286086], [-97.73474615324311, 30.27446975733233], [-97.73471634012363, 30.27446975733233], [-97.73469222080331, 30.274484892286086], [-97.73468300804274, 30.274509381155685]]]}}, {"type": "Feature", "properties": {"kind": "street", "radius_m": 4.5, "source": "snapshot"}, "geometry": {"type": "Polygon", "coordinates": [[[-97.7346771759778, 30.274815571083668], [-97.73468613380989, 30.274839382315967], [-97.73470958571879, 30.27485409846684], [-97.7347385738724, 30.27485409846684], [-97.73476202578131, 30.274839382315967], [-97.7347709836134, 30.274815571083668], [-97.73476202578131, 30.274791759851368], [-97.7347385738724, 30.274777043700496], [-97.73470958571879, 30.274777043700496], [-97.73468613380989, 30.274791759851368], [-97.7346771759778, 30.274815571083668]]]}}, {"type": "Feature", "properties": {"kind": "street", "radius_m": 7.0, "source": "snapshot"}, "geometry": {"type": "Polygon", "coordinates": [[[-97.7347764707796, 30.275637148328958], [-97.73479044007772, 30.27567428077341], [-97.73482701217503, 30.275697229886163], [-97.73487221777339, 30.275697229886163], [-97.7349087898707, 30.27567428077341], [-97.73492275916882, 30.275637148328958], [-97.7349087898707, 30.275600015884507], [-97.73487221777339, 30.275577066771753], [-97.73482701217503, 30.275577066771753], [-97.73479044007772, 30.275600015884507], [-97.7347764707796, 30.275637148328958]]]}}, {"type": "Feature", "properties": {"kind": "street", "radius_m": 8.0, "source": "snapshot"}, "geometry": {"type": "Polygon", "coordinates": [[[-97.73466241653966, 30.275887320124937], [-97.7346782289344, 30.27592935179061], [-97.73471962632122, 30.2759553287886], [-97.73477079630545, 30.2759553287886], [-97.73481219369228, 30.27592935179061], [-97.73482800608701, 30.275887320124937], [-97.73481219369228, 30.275845288459266], [-97.73477079630545, 30.275819311461273], [-97.73471962632122, 30.275819311461273], [-97.7346782289344, 30.275845288459266], [-97.73466241653966, 30.275887320124937]]]}}, {"type": "Feature", "properties": {"kind": "street", "radius_m": 5.1, "source": "snapshot"}, "geometry": {"type": "Polygon", "coordinates": [[[-97.73468554526245, 30.276212935969024], [-97.73469569865526, 30.276239925177155], [-97.73472228058276, 30.27625660542511], [-97.73475513765212, 30.27625660542511], [-97.73478171957962, 30.276239925177155], [-97.73479187297242, 30.276212935969024], [-97.73478171957962, 30.276185946760894], [-97.73475513765212, 30.276169266512937], [-97.73472228058276, 30.276169266512937], [-97.73469569865526, 30.276185946760894], [-97.73468554526245, 30.276212935969024]]]}}, {"type": "Feature", "properties": {"kind": "street", "radius_m": 5.6, "source": "snapshot"}, "geometry": {"type": "Polygon", "coordinates": [[[-97.734797682952, 30.276271745404856], [-97.73480879581248, 30.27630128501881], [-97.7348378896589, 30.27631954150425], [-97.7348738516308, 30.27631954150425], [-97.73490294547722, 30.27630128501881], [-97.7349140583377, 30.276271745404856], [-97.73490294547722, 30.2762422057909], [-97.7348738516308, 30.27622394930546], [-97.7348378896589, 30.27622394930546], [-97.73480879581248, 30.2762422057909], [-97.734797682952, 30.276271745404856]]]}}, {"type": "Feature", "properties": {"kind": "street", "radius_m": 7.5, "source": "snapshot"}, "geometry": {"type": "Polygon", "coordinates": [[[-97.73465171814696, 30.276700857096788], [-97.73466658037698, 30.276740363085242], [-97.73470549020033, 30.276764779128868], [-97.73475358538698, 30.276764779128868], [-97.73479249521033, 30.276740363085242], [-97.73480735744035, 30.276700857096788], [-97.73479249521033, 30.276661351108334], [-97.73475358538698, 30.276636935064708], [-97.73470549020033, 30.276636935064708], [-97.73466658037698, 30.276661351108334], [-97.73465171814696, 30.276700857096788]]]}}, {"type": "Feature", "properties": {"kind": "street", "radius_m": 6.7, "source": "snapshot"}, "geometry": {"type": "Polygon", "coordinates": [[[-97.73467260008415, 30.277150059128754], [-97.7346858619301, 30.277185311061462], [-97.73472058189353, 30.277207097954047], [-97.7347634981285, 30.277207097954047], [-97.73479821809192, 30.277185311061462], [-97.73481147993787, 30.277150059128754], [-97.73479821809192, 30.277114807196046], [-97.7347634981285, 30.27709302030346], [-97.73472058189353, 30.27709302030346], [-97.7346858619301, 30.277114807196046], [-97.73467260008415, 30.277150059128754]]]}}, {"type": "Feature", "properties": {"kind": "street", "radius_m": 5.9, "source": "snapshot"}, "geometry": {"type": "Polygon", "coordinates": [[[-97.73466637297624, 30.27746238674873], [-97.73467809813717, 30.277493553947153], [-97.734708795007, 30.277512816335115], [-97.73474673842479, 30.277512816335115], [-97.73477743529462, 30.277493553947153], [-97.73478916045555, 30.27746238674873], [-97.73477743529462, 30.27743121955031], [-97.73474673842479, 30.277411957162347], [-97.734708795007, 30.277411957162347], [-97.73467809813717, 30.27743121955031], [-97.73466637297624, 30.27746238674873]]]}}, {"type": "Feature", "properties": {"kind": "street", "radius_m": 7.3, "source": "snapshot"}, "geometry": {"type": "Polygon", "coordinates": [[[-97.73478291648294, 30.260103027374928], [-97.73479741649565, 30.260141570536614], [-97.73483537802177, 30.260165391520573], [-97.73488230104859, 30.260165391520573], [-97.7349202625747, 30.260141570536614], [-97.73493476258741, 30.260103027374928], [-97.7349202625747, 30.260064484213242], [-97.73488230104859, 30.260040663229283], [-97.73483537802177, 30.260040663229283], [-97.73479741649565, 30.260064484213242], [-97.73478291648294, 30.260103027374928]]]}}, {"type": "Feature", "properties": {"kind": "street", "radius_m": 7.8, "source": "snapshot"}, "geometry": {"type": "Polygon", "coordinates": [[[-97.73465036044684, 30.26067456993357], [-97.73466585164816, 30.260715747820047], [-97.73470640813974, 30.26074119715347], [-97.73475653872029, 30.26074119715347], [-97.73479709521187, 30.260715747820047], [-97.7348125864132, 30.26067456993357], [-97.73479709521187, 30.260633392047094], [-97.73475653872029, 30.26060794271367], [-97.73470640813974, 30.26060794271367], [-97.73466585164816, 30.260633392047094], [-97.73465036044684, 30.26067456993357]]]}}, {"type": "Feature", "properties": {"kind": "street", "radius_m": 7.3, "source": "snapshot"}, "geometry": {"type": "Polygon", "coordinates": [[[-97.73478377618956, 30.260717595095947], [-97.73479829264946, 30.260756181976696], [-97.73483629723489, 30.26078002998052], [-97.73488327348596, 30.26078002998052], [-97.7349212780714, 30.260756181976696], [-97.7349357945313, 30.260717595095947], [-97.7349212780714, 30.2606790082152], [-97.73488327348596, 30.260655160211375], [-97.73483629723489, 30.260655160211375], [-97.73479829264946, 30.2606790082152], [-97.73478377618956, 30.260717595095947]]]}}, {"type": "Feature", "properties": {"kind": "street", "radius_m": 4.6, "source": "snapshot"}, "geometry": {"type": "Polygon", "coordinates": [[[-97.7346934934308, 30.261127581110856], [-97.73470263256912, 30.261151874281687], [-97.73472655914387, 30.261166888286954], [-97.73475613401672, 30.261166888286954], [-97.73478006059146, 30.261151874281687], [-97.73478919972979, 30.261127581110856], [-97.73478006059146, 30.261103287940024], [-97.73475613401672, 30.261088273934757], [-97.73472655914387, 30.261088273934757], [-97.73470263256912, 30.261103287940024], [-97.7346934934308, 30.261127581110856]]]}}, {"type": "Feature", "properties": {"kind": "street", "radius_m": 5.9, "source": "snapshot"}, "geometry": {"type": "Polygon", "coordinates": [[[-97.73466270067397, 30.26175753580906], [-97.73467449888199, 30.261788897177386], [-97.73470538699159, 30.261808279568942], [-97.73474356679476, 30.261808279568942], [-97.73477445490437, 30.261788897177386], [-97.73478625311239, 30.26175753580906], [-97.73477445490437, 30.261726174440735], [-97.73474356679476, 30.26170679204918], [-97.73470538699159, 30.26170679204918], [-97.73467449888199, 30.261726174440735], [-97.73466270067397, 30.26175753580906]]]}}, {"type": "Feature", "properties": {"kind": "street", "radius_m": 7.0, "source": "snapshot"}, "geometry": {"type": "Polygon", "coordinates": [[[-97.73467258011034, 30.261893628141895], [-97.73468641734462, 30.261930409541257], [-97.73472264369428, 30.261953141696218], [-97.73476742192506, 30.261953141696218], [-97.73480364827472, 30.261930409541257], [-97.734817485509, 30.261893628141895], [-97.73480364827472, 30.261856846742532], [-97.73476742192506, 30.26183411458757], [-97.73472264369428, 30.26183411458757], [-97.73468641734462, 30.261856846742532], [-97.73467258011034, 30.261893628141895]]]}}, {"type": "Feature", "properties": {"kind": "street", "radius_m": 4.8, "source": "snapshot"}, "geometry": {"type": "Polygon", "coordinates": [[[-97.73381285514392, 30.26286855563736], [-97.73382245610154, 30.262894076391678], [-97.73384759173493, 30.262909849085265], [-97.73387866108644, 30.262909849085265], [-97.73390379671983, 30.262894076391678], [-97.73391339767744, 30.26286855563736], [-97.73390379671983, 30.262843034883044], [-97.73387866108644, 30.262827262189457], [-97.73384759173493, 30.262827262189457], [-97.73382245610154, 30.262843034883044], [-97.73381285514392, 30.26286855563736]]]}}, {"type": "Feature", "properties": {"kind": "street", "radius_m": 5.8, "source": "snapshot"}, "geometry": {"type": "Polygon", "coordinates": [[[-97.7337967775897, 30.263181027509045], [-97.73380839220128, 30.26321190085107], [-97.73383879964915, 30.263230981625785], [-97.73387638532172, 30.263230981625785], [-97.73390679276959, 30.26321190085107], [-97.73391840738117, 30.263181027509045], [-97.73390679276959, 30.263150154167022], [-97.73387638532172, 30.263131073392305], [-97.73383879964915, 30.263131073392305], [-97.73380839220128, 30.263150154167022], [-97.7337967775897, 30.263181027509045]]]}}, {"type": "Feature", "properties": {"kind": "street", "radius_m": 7.5, "source": "snapshot"}, "geometry": {"type": "Polygon", "coordinates": [[[-97.73365541517408, 30.26390391701674], [-97.73367025548217, 30.263943364733425], [-97.73370910791309, 30.263967744763118], [-97.73375713215881, 30.263967744763118], [-97.73379598458973, 30.263943364733425], [-97.73381082489782, 30.26390391701674], [-97.73379598458973, 30.263864469300056], [-97.73375713215881, 30.263840089270364], [-97.73370910791309, 30.263840089270364], [-97.73367025548217, 30.263864469300056], [-97.73365541517408, 30.26390391701674]]]}}, {"type": "Feature", "properties": {"kind": "street", "radius_m": 7.9, "source": "snapshot"}, "geometry": {"type": "Polygon", "coordinates": [[[-97.7336557345251, 30.264533673588602], [-97.7336714181553, 30.26457536297926], [-97.73371247843221, 30.264601128439658], [-97.73376323172567, 30.264601128439658], [-97.73380429200259, 30.26457536297926], [-97.73381997563278, 30.264533673588602], [-97.73380429200259, 30.264491984197942], [-97.73376323172567, 30.264466218737546], [-97.73371247843221, 30.264466218737546], [-97.7336714181553, 30.264491984197942], [-97.7336557345251, 30.264533673588602]]]}}, {"type": "Feature", "properties": {"kind": "street", "radius_m": 5.9, "source": "snapshot"}, "geometry": {"type": "Polygon", "coordinates": [[[-97.73379226847612, 30.26459357420437], [-97.73380401101441, 30.264624787594396], [-97.73383475337879, 30.26464407853034], [-97.73387275303095, 30.26464407853034], [-97.73390349539532, 30.264624787594396], [-97.73391523793362, 30.26459357420437], [-97.73390349539532, 30.26456236081434], [-97.73387275303095, 30.2645430698784], [-97.73383475337879, 30.2645430698784], [-97.73380401101441, 30.26456236081434], [-97.73379226847612, 30.26459357420437]]]}}, {"type": "Feature", "properties": {"kind": "street", "radius_m": 6.1, "source": "snapshot"}, "geometry": {"type": "Polygon", "coordinates": [[[-97.73379801278682, 30.26489720370298], [-97.73381006694264, 30.26492924541809], [-97.73384162513226, 30.264949048287086], [-97.73388063319986, 30.264949048287086], [-97.73391219138948, 30.26492924541809], [-97.7339242455453, 30.26489720370298], [-97.73391219138948, 30.264865161987867], [-97.73388063319986, 30.264845359118873], [-97.73384162513226, 30.264845359118873], [-97.73381006694264, 30.264865161987867], [-97.73379801278682, 30.26489720370298]]]}}, {"type": "Feature", "properties": {"kind": "street", "radius_m": 6.8, "source": "snapshot"}, "geometry": {"type": "Polygon", "coordinates": [[[-97.73367890284237, 30.265293623073628], [-97.73369238414747, 30.265329458360995], [-97.73372767866245, 30.26535160578658], [-97.73377130508219, 30.26535160578658], [-97.73380659959716, 30.265329458360995], [-97.73382008090226, 30.265293623073628], [-97.73380659959716, 30.26525778778626], [-97.73377130508219, 30.265235640360675], [-97.73372767866245, 30.265235640360675], [-97.73369238414747, 30.26525778778626], [-97.73367890284237, 30.265293623073628]]]}}, {"type": "Feature", "properties": {"kind": "street", "radius_m": 4.5, "source": "snapshot"}, "geometry": {"type": "Polygon", "coordinates": [[[-97.73381285992414, 30.26534846374737], [-97.73382179990053, 30.265372227516522], [-97.73384520506252, 30.26538691433356], [-97.73387413543378, 30.26538691433356], [-97.73389754059578, 30.265372227516522], [-97.73390648057216, 30.26534846374737], [-97.73389754059578, 30.265324699978216], [-97.73387413543378, 30.265310013161177], [-97.73384520506252, 30.265310013161177], [-97.73382179990053, 30.265324699978216], [-97.73381285992414, 30.26534846374737]]]}}, {"type": "Feature", "properties": {"kind": "street", "radius_m": 5.6, "source": "snapshot"}, "geometry": {"type": "Polygon", "coordinates": [[[-97.7338077644643, 30.26549329312048], [-97.73381882094675, 30.26552268287337], [-97.73384776719358, 30.26554084673958], [-97.73388354672237, 30.26554084673958], [-97.7339124929692, 30.26552268287337], [-97.73392354945165, 30.26549329312048], [-97.7339124929692, 30.265463903367586], [-97.73388354672237, 30.265445739501377], [-97.73384776719358, 30.265445739501377], [-97.73381882094675, 30.265463903367586], [-97.7338077644643, 30.26549329312048]]]}}, {"type": "Feature", "properties": {"kind": "street", "radius_m": 5.8, "source": "snapshot"}, "geometry": {"type": "Polygon", "coordinates": [[[-97.73380772501845, 30.265941480209193], [-97.73381918991613, 30.265971955589716], [-97.73384920540794, 30.265990790410697], [-97.73388630659618, 30.265990790410697], [-97.73391632208798, 30.265971955589716], [-97.73392778698566, 30.265941480209193], [-97.73391632208798, 30.26591100482867], [-97.73388630659618, 30.26589217000769], [-97.73384920540794, 30.26589217000769], [-97.73381918991613, 30.26591100482867], [-97.73380772501845, 30.265941480209193]]]}}, {"type": "Feature", "properties": {"kind": "street", "radius_m": 6.5, "source": "snapshot"}, "geometry": {"type": "Polygon", "coordinates": [[[-97.7336790447501, 30.26619643149787], [-97.73369187793773, 30.26623054399388], [-97.73372547565913, 30.266251626675853], [-97.73376700472667, 30.266251626675853], [-97.73380060244807, 30.26623054399388], [-97.7338134356357, 30.26619643149787], [-97.73380060244807, 30.26616231900186], [-97.73376700472667, 30.26614123631989], [-97.73372547565913, 30.26614123631989], [-97.73369187793773, 30.26616231900186], [-97.7336790447501, 30.26619643149787]]]}}, {"type": "Feature", "properties": {"kind": "street", "radius_m": 5.7, "source": "snapshot"}, "geometry": {"type": "Polygon", "coordinates": [[[-97.73367027232754, 30.267140887170797], [-97.73368158437425, 30.267170956250993], [-97.733711199697, 30.267189539964562], [-97.7337478062491, 30.267189539964562], [-97.73377742157184, 30.267170956250993], [-97.73378873361855, 30.267140887170797], [-97.73377742157184, 30.2671108180906], [-97.7337478062491, 30.26709223437703], [-97.733711199697, 30.26709223437703], [-97.73368158437425, 30.2671108180906], [-97.73367027232754, 30.267140887170797]]]}}, {"type": "Feature", "properties": {"kind": "street", "radius_m": 4.7, "source": "snapshot"}, "geometry": {"type": "Polygon", "coordinates": [[[-97.73381462090659, 30.26764550884603], [-97.73382387797064, 30.267670115480758], [-97.73384811327895, 30.267685323217368], [-97.73387806976748, 30.267685323217368], [-97.7339023050758, 30.267670115480758], [-97.73391156213985, 30.26764550884603], [-97.7339023050758, 30.267620902211302], [-97.73387806976748, 30.267605694474693], [-97.73384811327895, 30.267605694474693], [-97.73382387797064, 30.267620902211302], [-97.73381462090659, 30.26764550884603]]]}}, {"type": "Feature", "properties": {"kind": "street", "radius_m": 7.0, "source": "snapshot"}, "geometry": {"type": "Polygon", "coordinates": [[[-97.73377811532508, 30.26780579098489], [-97.73379207068697, 30.2678428863848], [-97.73382860629876, 30.267865812602768], [-97.73387376679854, 30.267865812602768], [-97.73391030241032, 30.2678428863848], [-97.73392425777222, 30.26780579098489], [-97.73391030241032, 30.267768695584984], [-97.73387376679854, 30.267745769367014], [-97.73382860629876, 30.267745769367014], [-97.73379207068697, 30.267768695584984], [-97.73377811532508, 30.26780579098489]]]}}, {"type": "Feature", "properties": {"kind": "street", "radius_m": 7.8, "source": "snapshot"}, "geometry": {"type": "Polygon", "coordinates": [[[-97.7336534685736, 30.26805688605191], [-97.733668874603, 30.268097837538885], [-97.73370920811158, 30.268123146949726], [-97.73375906306995, 30.268123146949726], [-97.73379939657853, 30.268097837538885], [-97.73381480260792, 30.26805688605191], [-97.73379939657853, 30.268015934564932], [-97.73375906306995, 30.26799062515409], [-97.73370920811158, 30.26799062515409], [-97.733668874603, 30.268015934564932], [-97.7336534685736, 30.26805688605191]]]}}, {"type": "Feature", "properties": {"kind": "street", "radius_m": 7.0, "source": "snapshot"}, "geometry": {"type": "Polygon", "coordinates": [[[-97.7337881677073, 30.268097258911023], [-97.73380208989805, 30.268134266137157], [-97.73383853866666, 30.26815713786074], [-97.73388359182233, 30.26815713786074], [-97.73392004059095, 30.268134266137157], [-97.73393396278169, 30.268097258911023], [-97.73392004059095, 30.26806025168489], [-97.73388359182233, 30.268037379961306], [-97.73383853866666, 30.268037379961306], [-97.73380208989805, 30.26806025168489], [-97.7337881677073, 30.268097258911023]]]}}, {"type": "Feature", "properties": {"kind": "street", "radius_m": 7.4, "source": "snapshot"}, "geometry": {"type": "Polygon", "coordinates": [[[-97.73378244614885, 30.268408406296846], [-97.73379720734324, 30.268447643717778], [-97.7338358526519, 30.268471893777544], [-97.73388362088038, 30.268471893777544], [-97.73392226618903, 30.268447643717778], [-97.73393702738342, 30.268408406296846], [-97.73392226618903, 30.268369168875914], [-97.73388362088038, 30.268344918816148], [-97.7338358526519, 30.268344918816148], [-97.73379720734324, 30.268369168875914], [-97.73378244614885, 30.268408406296846]]]}}, {"type": "Feature", "properties": {"kind": "street", "radius_m": 4.7, "source": "snapshot"}, "geometry": {"type": "Polygon", "coordinates": [[[-97.73381379666927, 30.26949613289682], [-97.73382307315481, 30.269520791156722], [-97.73384735930925, 30.269536030799447], [-97.73387737864705, 30.269536030799447], [-97.7339016648015, 30.269520791156722], [-97.73391094128704, 30.26949613289682], [-97.7339016648015, 30.269471474636916], [-97.73387737864705, 30.26945623499419], [-97.73384735930925, 30.26945623499419], [-97.73382307315481, 30.269471474636916], [-97.73381379666927, 30.26949613289682]]]}}, {"type": "Feature", "properties": {"kind": "street", "radius_m": 4.9, "source": "snapshot"}, "geometry": {"type": "Polygon", "coordinates": [[[-97.73381337898505, 30.270583984341027], [-97.73382321034263, 30.270610117532268], [-97.73384894917096, 30.270626268732688], [-97.73388076411244, 30.270626268732688], [-97.73390650294077, 30.270610117532268], [-97.73391633429836, 30.270583984341027], [-97.73390650294077, 30.270557851149785], [-97.73388076411244, 30.270541699949366], [-97.73384894917096, 30.270541699949366], [-97.73382321034263, 30.270557851149785], [-97.73381337898505, 30.270583984341027]]]}}, {"type": "Feature", "properties": {"kind": "street", "radius_m": 6.3, "source": "snapshot"}, "geometry": {"type": "Polygon", "coordinates": [[[-97.73380038746186, 30.27089339168105], [-97.7338128310321, 30.270926468516866], [-97.73384540872193, 30.27094691112564], [-97.73388567696112, 30.27094691112564], [-97.73391825465096, 30.270926468516866], [-97.7339306982212, 30.27089339168105], [-97.73391825465096, 30.270860314845233], [-97.73388567696112, 30.270839872236458], [-97.73384540872193, 30.270839872236458], [-97.7338128310321, 30.270860314845233], [-97.73380038746186, 30.27089339168105]]]}}, {"type": "Feature", "properties": {"kind": "street", "radius_m": 7.2, "source": "snapshot"}, "geometry": {"type": "Polygon", "coordinates": [[[-97.73380281023516, 30.271033179102762], [-97.73381704936305, 30.27107102879432], [-97.73385432788386, 30.271094421190167], [-97.73390040666966, 30.271094421190167], [-97.73393768519047, 30.27107102879432], [-97.73395192431836, 30.271033179102762], [-97.73393768519047, 30.270995329411203], [-97.73390040666966, 30.270971937015357], [-97.73385432788386, 30.270971937015357], [-97.73381704936305, 30.270995329411203], [-97.73380281023516, 30.271033179102762]]]}}, {"type": "Feature", "properties": {"kind": "street", "radius_m": 6.1, "source": "snapshot"}, "geometry": {"type": "Polygon", "coordinates": [[[-97.73381358173772, 30.271183607791837], [-97.7338256688974, 30.27121573723607], [-97.73385731349227, 30.271235594324644], [-97.73389642836263, 30.271235594324644], [-97.7339280729575, 30.27121573723607], [-97.73394016011717, 30.271183607791837], [-97.7339280729575, 30.271151478347605], [-97.73389642836263, 30.27113162125903], [-97.73385731349227, 30.27113162125903], [-97.7338256688974, 30.271151478347605], [-97.73381358173772, 30.271183607791837]]]}}, {"type": "Feature", "properties": {"kind": "street", "radius_m": 7.1, "source": "snapshot"}, "geometry": {"type": "Polygon", "coordinates": [[[-97.7337856336483, 30.271348452781005], [-97.73379977580561, 30.271386044710532], [-97.73383680045414, 30.271409277800682], [-97.73388256543656, 30.271409277800682], [-97.7339195900851, 30.271386044710532], [-97.7339337322424, 30.271348452781005], [-97.7339195900851, 30.27131086085148], [-97.73388256543656, 30.27128762776133], [-97.73383680045414, 30.27128762776133], [-97.73379977580561, 30.27131086085148], [-97.7337856336483, 30.271348452781005]]]}}, {"type": "Feature", "properties": {"kind": "street", "radius_m": 7.0, "source": "snapshot"}, "geometry": {"type": "Polygon", "coordinates": [[[-97.73379597403931, 30.271490671191778], [-97.73380986206905, 30.27152758761294], [-97.73384622140297, 30.271550403215965], [-97.73389116401133, 30.271550403215965], [-97.73392752334524, 30.27152758761294], [-97.73394141137499, 30.271490671191778], [-97.73392752334524, 30.271453754770615], [-97.73389116401133, 30.27143093916759], [-97.73384622140297, 30.27143093916759], [-97.73380986206905, 30.271453754770615], [-97.73379597403931, 30.271490671191778]]]}}, {"type": "Feature", "properties": {"kind": "street", "radius_m": 5.7, "source": "snapshot"}, "geometry": {"type": "Polygon", "coordinates": [[[-97.73367434615471, 30.27220724490449], [-97.73368568556928, 30.27223738673252], [-97.73371537254208, 30.272256015406725], [-97.73375206765847, 30.272256015406725], [-97.73378175463127, 30.27223738673252], [-97.73379309404584, 30.27220724490449], [-97.73378175463127, 30.27217710307646], [-97.73375206765847, 30.272158474402254], [-97.73371537254208, 30.272158474402254], [-97.73368568556928, 30.27217710307646], [-97.73367434615471, 30.27220724490449]]]}}, {"type": "Feature", "properties": {"kind": "street", "radius_m": 6.2, "source": "snapshot"}, "geometry": {"type": "Polygon", "coordinates": [[[-97.73368530373139, 30.273593534097706], [-97.73369758225036, 30.273626172203002], [-97.73372972783034, 30.2736463436614], [-97.73376946195236, 30.2736463436614], [-97.73380160753234, 30.273626172203002], [-97.73381388605131, 30.273593534097706], [-97.73380160753234, 30.27356089599241], [-97.73376946195236, 30.273540724534012], [-97.73372972783034, 30.273540724534012], [-97.73369758225036, 30.27356089599241], [-97.73368530373139, 30.273593534097706]]]}}, {"type": "Feature", "properties": {"kind": "street", "radius_m": 5.5, "source": "snapshot"}, "geometry": {"type": "Polygon", "coordinates": [[[-97.73381292687073, 30.27393942143218], [-97.73382385355207, 30.27396846615469], [-97.7338524599752, 30.2739864167804], [-97.7338878194588, 30.2739864167804], [-97.73391642588193, 30.27396846615469], [-97.73392735256327, 30.27393942143218], [-97.73391642588193, 30.273910376709665], [-97.7338878194588, 30.273892426083957], [-97.7338524599752, 30.273892426083957], [-97.73382385355207, 30.273910376709665], [-97.73381292687073, 30.27393942143218]]]}}, {"type": "Feature", "properties": {"kind": "street", "radius_m": 5.2, "source": "snapshot"}, "geometry": {"type": "Polygon", "coordinates": [[[-97.7337972575025, 30.274705659538853], [-97.73380758609996, 30.274733114466628], [-97.73383462671914, 30.274750082545154], [-97.73386805076264, 30.274750082545154], [-97.73389509138183, 30.274733114466628], [-97.73390541997928, 30.274705659538853], [-97.73389509138183, 30.274678204611078], [-97.73386805076264, 30.274661236532552], [-97.73383462671914, 30.274661236532552], [-97.73380758609996, 30.274678204611078], [-97.7337972575025, 30.274705659538853]]]}}, {"type": "Feature", "properties": {"kind": "street", "radius_m": 7.4, "source": "snapshot"}, "geometry": {"type": "Polygon", "coordinates": [[[-97.73366689230645, 30.27509814810137], [-97.7336816668187, 30.27513742092311], [-97.73372034699393, 30.275161692861776], [-97.7337681583199, 30.275161692861776], [-97.73380683849514, 30.27513742092311], [-97.7338216130074, 30.27509814810137], [-97.73380683849514, 30.275058875279633], [-97.7337681583199, 30.275034603340966], [-97.73372034699393, 30.275034603340966], [-97.7336816668187, 30.275058875279633], [-97.73366689230645, 30.27509814810137]]]}}, {"type": "Feature", "properties": {"kind": "street", "radius_m": 7.3, "source": "snapshot"}, "geometry": {"type": "Polygon", "coordinates": [[[-97.73365324431519, 30.275580732858824], [-97.73366784254526, 30.275619537096652], [-97.73370606120774, 30.27564351943454], [-97.7337533020726, 30.27564351943454], [-97.73379152073508, 30.275619537096652], [-97.73380611896515, 30.275580732858824], [-97.73379152073508, 30.275541928620996], [-97.7337533020726, 30.27551794628311], [-97.73370606120774, 30.27551794628311], [-97.73366784254526, 30.275541928620996], [-97.73365324431519, 30.275580732858824]]]}}, {"type": "Feature", "properties": {"kind": "street", "radius_m": 7.5, "source": "snapshot"}, "geometry": {"type": "Polygon", "coordinates": [[[-97.73379560208403, 30.275616183020833], [-97.73381055360203, 30.275655926349817], [-97.73384969718431, 30.275680489077953], [-97.73389808131292, 30.275680489077953], [-97.7339372248952, 30.275655926349817], [-97.7339521764132, 30.275616183020833], [-97.7339372248952, 30.27557643969185], [-97.73389808131292, 30.275551876963714], [-97.73384969718431, 30.275551876963714], [-97.73381055360203, 30.27557643969185], [-97.73379560208403, 30.275616183020833]]]}}, {"type": "Feature", "properties": {"kind": "street", "radius_m": 5.5, "source": "snapshot"}, "geometry": {"type": "Polygon", "coordinates": [[[-97.733814001577, 30.276258439440188], [-97.73382494015164, 30.276287515776804], [-97.7338535777118, 30.2763054859411], [-97.73388897568289, 30.2763054859411], [-97.73391761324305, 30.276287515776804], [-97.73392855181768, 30.276258439440188], [-97.73391761324305, 30.27622936310357], [-97.73388897568289, 30.276211392939274], [-97.7338535777118, 30.276211392939274], [-97.73382494015164, 30.27622936310357], [-97.733814001577, 30.276258439440188]]]}}, {"type": "Feature", "properties": {"kind": "street", "radius_m": 5.6, "source": "snapshot"}, "geometry": {"type": "Polygon", "coordinates": [[[-97.73381847013262, 30.276883793515], [-97.73382958262373, 30.27691333214716], [-97.73385867550317, 30.276931588025814], [-97.73389463627981, 30.276931588025814], [-97.73392372915926, 30.27691333214716], [-97.73393484165037, 30.276883793515], [-97.73392372915926, 30.276854254882842], [-97.73389463627981, 30.276835999004188], [-97.73385867550317, 30.276835999004188], [-97.73382958262373, 30.276854254882842], [-97.73381847013262, 30.276883793515]]]}}, {"type": "Feature", "properties": {"kind": "street", "radius_m": 7.2, "source": "snapshot"}, "geometry": {"type": "Polygon", "coordinates": [[[-97.73377941435368, 30.277202802520797], [-97.73379378245018, 30.277240995029857], [-97.7338313986152, 30.27726459929857], [-97.7338778947522, 30.27726459929857], [-97.73391551091721, 30.277240995029857], [-97.73392987901371, 30.277202802520797], [-97.73391551091721, 30.277164610011738], [-97.7338778947522, 30.277141005743026], [-97.7338313986152, 30.277141005743026], [-97.73379378245018, 30.277164610011738], [-97.73377941435368, 30.277202802520797]]]}}, {"type": "Feature", "properties": {"kind": "street", "radius_m": 5.2, "source": "snapshot"}, "geometry": {"type": "Polygon", "coordinates": [[[-97.73379872962794, 30.261339409871724], [-97.73380896835985, 30.261366625923696], [-97.733835773708, 30.26138344636885], [-97.73386890694047, 30.26138344636885], [-97.73389571228861, 30.261366625923696], [-97.73390595102053, 30.261339409871724], [-97.73389571228861, 30.26131219381975], [-97.73386890694047, 30.261295373374598], [-97.733835773708, 30.261295373374598], [-97.73380896835985, 30.26131219381975], [-97.73379872962794, 30.261339409871724]]]}}, {"type": "Feature", "properties": {"kind": "street", "radius_m": 6.0, "source": "snapshot"}, "geometry": {"type": "Polygon", "coordinates": [[[-97.73367475920017, 30.26159273337244], [-97.73368667715316, 30.261624413040455], [-97.73371787875917, 30.26164399215204], [-97.73375644606517, 30.26164399215204], [-97.73378764767118, 30.261624413040455], [-97.73379956562417, 30.26159273337244], [-97.73378764767118, 30.261561053704423], [-97.73375644606517, 30.261541474592835], [-97.73371787875917, 30.261541474592835], [-97.73368667715316, 30.261561053704423], [-97.73367475920017, 30.26159273337244]]]}}, {"type": "Feature", "properties": {"kind": "street", "radius_m": 5.7, "source": "snapshot"}, "geometry": {"type": "Polygon", "coordinates": [[[-97.73367613617788, 30.261902315885077], [-97.73368737317814, 30.26193218548082], [-97.73371679202675, 30.261950645906218], [-97.73375315572348, 30.261950645906218], [-97.73378257457209, 30.26193218548082], [-97.73379381157235, 30.261902315885077], [-97.73378257457209, 30.261872446289335], [-97.73375315572348, 30.261853985863937], [-97.73371679202675, 30.261853985863937], [-97.73368737317814, 30.261872446289335], [-97.73367613617788, 30.261902315885077]]]}}, {"type": "Feature", "properties": {"kind": "street", "radius_m": 4.6, "source": "snapshot"}, "geometry": {"type": "Polygon", "coordinates": [[[-97.7326005378511, 30.262211232873554], [-97.73260967868596, 30.262235530554044], [-97.7326336097023, 30.262250547346433], [-97.7326631900653, 30.262250547346433], [-97.73268712108164, 30.262235530554044], [-97.7326962619165, 30.262211232873554], [-97.73268712108164, 30.262186935193064], [-97.7326631900653, 30.262171918400675], [-97.7326336097023, 30.262171918400675], [-97.73260967868596, 30.262186935193064], [-97.7326005378511, 30.262211232873554]]]}}, {"type": "Feature", "properties": {"kind": "street", "radius_m": 4.6, "source": "snapshot"}, "geometry": {"type": "Polygon", "coordinates": [[[-97.73259811008936, 30.26354635183297], [-97.73260731973716, 30.263570832428385], [-97.73263143090816, 30.263585962268415], [-97.73266123395453, 30.263585962268415], [-97.73268534512553, 30.263570832428385], [-97.73269455477333, 30.26354635183297], [-97.73268534512553, 30.263521871237558], [-97.73266123395453, 30.263506741397528], [-97.73263143090816, 30.263506741397528], [-97.73260731973716, 30.263521871237558], [-97.73259811008936, 30.26354635183297]]]}}, {"type": "Feature", "properties": {"kind": "street", "radius_m": 5.2, "source": "snapshot"}, "geometry": {"type": "Polygon", "coordinates": [[[-97.73259258592823, 30.264446385144122], [-97.73260284323098, 30.2644736505601], [-97.7326296971982, 30.264490501513887], [-97.73266289052717, 30.264490501513887], [-97.7326897444944, 30.2644736505601], [-97.73270000179714, 30.264446385144122], [-97.7326897444944, 30.264419119728146], [-97.73266289052717, 30.264402268774358], [-97.7326296971982, 30.264402268774358], [-97.73260284323098, 30.264419119728146], [-97.73259258592823, 30.264446385144122]]]}}, {"type": "Feature", "properties": {"kind": "street", "radius_m": 6.5, "source": "snapshot"}, "geometry": {"type": "Polygon", "coordinates": [[[-97.73270275317486, 30.264919292426622], [-97.7327156513857, 30.264953577763848], [-97.73274941934005, 30.26497476726757], [-97.7327911588271, 30.26497476726757], [-97.73282492678145, 30.264953577763848], [-97.73283782499229, 30.264919292426622], [-97.73282492678145, 30.264885007089397], [-97.7327911588271, 30.264863817585674], [-97.73274941934005, 30.264863817585674], [-97.7327156513857, 30.264885007089397], [-97.73270275317486, 30.264919292426622]]]}}, {"type": "Feature", "properties": {"kind": "street", "radius_m": 6.3, "source": "snapshot"}, "geometry": {"type": "Polygon", "coordinates": [[[-97.73256670378636, 30.265578451449908], [-97.73257923596489, 30.265611763819592], [-97.73261204563428, 30.265632351996306], [-97.73265260061595, 30.265632351996306], [-97.73268541028534, 30.265611763819592], [-97.73269794246387, 30.265578451449908], [-97.73268541028534, 30.265545139080224], [-97.73265260061595, 30.26552455090351], [-97.73261204563428, 30.26552455090351], [-97.73257923596489, 30.265545139080224], [-97.73256670378636, 30.265578451449908]]]}}, {"type": "Feature", "properties": {"kind": "street", "radius_m": 5.3, "source": "snapshot"}, "geometry": {"type": "Polygon", "coordinates": [[[-97.73272055269288, 30.266734892226996], [-97.73273102449663, 30.266762727818108], [-97.73275844003477, 30.266779931159512], [-97.73279232750353, 30.266779931159512], [-97.73281974304167, 30.266762727818108], [-97.73283021484542, 30.266734892226996], [-97.73281974304167, 30.266707056635884], [-97.73279232750353, 30.26668985329448], [-97.73275844003477, 30.26668985329448], [-97.73273102449663, 30.266707056635884], [-97.73272055269288, 30.266734892226996]]]}}, {"type": "Feature", "properties": {"kind": "street", "radius_m": 5.2, "source": "snapshot"}, "geometry": {"type": "Polygon", "coordinates": [[[-97.73272063638156, 30.26713501609971], [-97.73273106481072, 30.26716273639481], [-97.73275836679271, 30.267179868479356], [-97.73279211389838, 30.267179868479356], [-97.73281941588037, 30.26716273639481], [-97.73282984430953, 30.26713501609971], [-97.73281941588037, 30.267107295804614], [-97.73279211389838, 30.267090163720066], [-97.73275836679271, 30.267090163720066], [-97.73273106481072, 30.267107295804614], [-97.73272063638156, 30.26713501609971]]]}}, {"type": "Feature", "properties": {"kind": "street", "radius_m": 5.5, "source": "snapshot"}, "geometry": {"type": "Polygon", "coordinates": [[[-97.73256767288277, 30.268004632095103], [-97.73257865327926, 30.26803381960038], [-97.73260740033051, 30.268051858470685], [-97.73264293363998, 30.268051858470685], [-97.73267168069123, 30.26803381960038], [-97.73268266108772, 30.268004632095103], [-97.73267168069123, 30.267975444589826], [-97.73264293363998, 30.26795740571952], [-97.73260740033051, 30.26795740571952], [-97.73257865327926, 30.267975444589826], [-97.73256767288277, 30.268004632095103]]]}}, {"type": "Feature", "properties": {"kind": "street", "radius_m": 4.5, "source": "snapshot"}, "geometry": {"type": "Polygon", "coordinates": [[[-97.73272968597097, 30.268433804989044], [-97.73273865389035, 30.268457643034825], [-97.73276213220811, 30.26847237575734], [-97.73279115300485, 30.26847237575734], [-97.73281463132261, 30.268457643034825], [-97.732823599242, 30.268433804989044], [-97.73281463132261, 30.268409966943263], [-97.73279115300485, 30.268395234220748], [-97.73276213220811, 30.268395234220748], [-97.73273865389035, 30.268409966943263], [-97.73272968597097, 30.268433804989044]]]}}, {"type": "Feature", "properties": {"kind": "street", "radius_m": 6.2, "source": "snapshot"}, "geometry": {"type": "Polygon", "coordinates": [[[-97.73270292373711, 30.268641510911085], [-97.73271529880894, 30.268674405668083], [-97.73274769716762, 30.26869473574596], [-97.7327877437413, 30.26869473574596], [-97.73282014209998, 30.268674405668083], [-97.73283251717181, 30.268641510911085], [-97.73282014209998, 30.268608616154086], [-97.7327877437413, 30.26858828607621], [-97.73274769716762, 30.26858828607621], [-97.73271529880894, 30.268608616154086], [-97.73270292373711, 30.268641510911085]]]}}, {"type": "Feature", "properties": {"kind": "street", "radius_m": 6.5, "source": "snapshot"}, "geometry": {"type": "Polygon", "coordinates": [[[-97.73269647216141, 30.26922508387853], [-97.73270928929871, 30.269259153710394], [-97.73274284499979, 30.26928021002448], [-97.73278432212734, 30.26928021002448], [-97.73281787782842, 30.269259153710394], [-97.73283069496573, 30.26922508387853], [-97.73281787782842, 30.26919101404667], [-97.73278432212734, 30.269169957732583], [-97.73274284499979, 30.269169957732583], [-97.73270928929871, 30.26919101404667], [-97.73269647216141, 30.26922508387853]]]}}, {"type": "Feature", "properties": {"kind": "street", "radius_m": 4.7, "source": "snapshot"}, "geometry": {"type": "Polygon", "coordinates": [[[-97.73259024201585, 30.270452799817697], [-97.73259952851517, 30.270477484695718], [-97.73262384088605, 30.270492740789347], [-97.73265389262914, 30.270492740789347], [-97.73267820500003, 30.270477484695718], [-97.73268749149935, 30.270452799817697], [-97.73267820500003, 30.270428114939676], [-97.73265389262914, 30.270412858846047], [-97.73262384088605, 30.270412858846047], [-97.73259952851517, 30.270428114939676], [-97.73259024201585, 30.270452799817697]]]}}, {"type": "Feature", "properties": {"kind": "street", "radius_m": 5.6, "source": "snapshot"}, "geometry": {"type": "Polygon", "coordinates": [[[-97.73271282142132, 30.270538172436574], [-97.73272404442706, 30.270568004832818], [-97.73275342663753, 30.27058644226766], [-97.73278974504701, 30.27058644226766], [-97.73281912725749, 30.270568004832818], [-97.73283035026323, 30.270538172436574], [-97.73281912725749, 30.27050834004033], [-97.73278974504701, 30.270489902605487], [-97.73275342663753, 30.270489902605487], [-97.73272404442706, 30.27050834004033], [-97.73271282142132, 30.270538172436574]]]}}, {"type": "Feature", "properties": {"kind": "street", "radius_m": 5.8, "source": "snapshot"}, "geometry": {"type": "Polygon", "coordinates": [[[-97.73258521149684, 30.271027394393435], [-97.73259665401943, 30.2710578102977], [-97.73262661093251, 30.27107660836034], [-97.73266363971346, 30.27107660836034], [-97.73269359662655, 30.2710578102977], [-97.73270503914914, 30.271027394393435], [-97.73269359662655, 30.27099697848917], [-97.73266363971346, 30.270978180426532], [-97.73262661093251, 30.270978180426532], [-97.73259665401943, 30.27099697848917], [-97.73258521149684, 30.271027394393435]]]}}, {"type": "Feature", "properties": {"kind": "street", "radius_m": 5.8, "source": "snapshot"}, "geometry": {"type": "Polygon", "coordinates": [[[-97.73270766600636, 30.271281431043864], [-97.73271915304608, 30.27131196528117], [-97.73274922650648, 30.27133083647765], [-97.73278639934787, 30.27133083647765], [-97.73281647280828, 30.27131196528117], [-97.732827959848, 30.271281431043864], [-97.73281647280828, 30.271250896806556], [-97.73278639934787, 30.27123202561008], [-97.73274922650648, 30.27123202561008], [-97.73271915304608, 30.271250896806556], [-97.73270766600636, 30.271281431043864]]]}}, {"type": "Feature", "properties": {"kind": "street", "radius_m": 6.1, "source": "snapshot"}, "geometry": {"type": "Polygon", "coordinates": [[[-97.73256106525216, 30.272485434272824], [-97.73257313021149, 30.272517504705274], [-97.73260471668509, 30.272537325322563], [-97.73264375971364, 30.272537325322563], [-97.73267534618724, 30.272517504705274], [-97.73268741114657, 30.272485434272824], [-97.73267534618724, 30.272453363840373], [-97.73264375971364, 30.272433543223084], [-97.73260471668509, 30.272433543223084], [-97.73257313021149, 30.272453363840373], [-97.73256106525216, 30.272485434272824]]]}}, {"type": "Feature", "properties": {"kind": "street", "radius_m": 5.4, "source": "snapshot"}, "geometry": {"type": "Polygon", "coordinates": [[[-97.73269359473163, 30.272757244738912], [-97.73270427232718, 30.27278562735486], [-97.73273222663528, 30.272803168776203], [-97.73276678006033, 30.272803168776203], [-97.73279473436843, 30.27278562735486], [-97.73280541196398, 30.272757244738912], [-97.73279473436843, 30.272728862122964], [-97.73276678006033, 30.27271132070162], [-97.73273222663528, 30.27271132070162], [-97.73270427232718, 30.272728862122964], [-97.73269359473163, 30.272757244738912]]]}}, {"type": "Feature", "properties": {"kind": "street", "radius_m": 5.6, "source": "snapshot"}, "geometry": {"type": "Polygon", "coordinates": [[[-97.7327008479742, 30.2738890390074], [-97.73271195482396, 30.27391856264398], [-97.7327410329341, 30.27393680925486], [-97.73277697545491, 30.27393680925486], [-97.73280605356506, 30.27391856264398], [-97.73281716041481, 30.2738890390074], [-97.73280605356506, 30.27385951537082], [-97.73277697545491, 30.27384126875994], [-97.7327410329341, 30.27384126875994], [-97.73271195482396, 30.27385951537082], [-97.7327008479742, 30.2738890390074]]]}}, {"type": "Feature", "properties": {"kind": "street", "radius_m": 6.1, "source": "snapshot"}, "geometry": {"type": "Polygon", "coordinates": [[[-97.73270459546912, 30.27442132350758], [-97.73271669270834, 30.274453479744686], [-97.73274836369175, 30.274473353392167], [-97.73278751118018, 30.274473353392167], [-97.7328191821636, 30.274453479744686], [-97.73283127940282, 30.27442132350758], [-97.7328191821636, 30.27438916727047], [-97.73278751118018, 30.27436929362299], [-97.73274836369175, 30.27436929362299], [-97.73271669270834, 30.27438916727047], [-97.73270459546912, 30.27442132350758]]]}}, {"type": "Feature", "properties": {"kind": "street", "radius_m": 5.6, "source": "snapshot"}, "geometry": {"type": "Polygon", "coordinates": [[[-97.73268898319252, 30.275759440446308], [-97.73270005598576, 30.275788873555722], [-97.73272904493484, 30.275807064217737], [-97.73276487724652, 30.275807064217737], [-97.7327938661956, 30.275788873555722], [-97.73280493898885, 30.275759440446308], [-97.7327938661956, 30.275730007336893], [-97.73276487724652, 30.275711816674878], [-97.73272904493484, 30.275711816674878], [-97.73270005598576, 30.275730007336893], [-97.73268898319252, 30.275759440446308]]]}}, {"type": "Feature", "properties": {"kind": "street", "radius_m": 5.2, "source": "snapshot"}, "geometry": {"type": "Polygon", "coordinates": [[[-97.73271619617381, 30.276339409901546], [-97.73272650102355, 30.27636680170439], [-97.7327534794704, 30.276383730769563], [-97.73278682666464, 30.276383730769563], [-97.73281380511149, 30.27636680170439], [-97.73282410996123, 30.276339409901546], [-97.73281380511149, 30.2763120180987], [-97.73278682666464, 30.27629508903353], [-97.7327534794704, 30.27629508903353], [-97.73272650102355, 30.2763120180987], [-97.73271619617381, 30.276339409901546]]]}}, {"type": "Feature", "properties": {"kind": "street", "radius_m": 4.9, "source": "snapshot"}, "geometry": {"type": "Polygon", "coordinates": [[[-97.73270284685152, 30.27729362590812], [-97.73271255766686, 30.277319438680326], [-97.73273798091142, 30.277335391850897], [-97.73276940576994, 30.277335391850897], [-97.73279482901451, 30.277319438680326], [-97.73280453982984, 30.27729362590812], [-97.73279482901451, 30.27726781313591], [-97.73276940576994, 30.27725185996534], [-97.73273798091142, 30.27725185996534], [-97.73271255766686, 30.27726781313591], [-97.73270284685152, 30.27729362590812]]]}}, {"type": "Feature", "properties": {"kind": "street", "radius_m": 6.2, "source": "snapshot"}, "geometry": {"type": "Polygon", "coordinates": [[[-97.73270724117044, 30.277458025690255], [-97.73271956235868, 30.27749077721675], [-97.73275181964829, 30.27751101877331], [-97.73279169185099, 30.27751101877331], [-97.7328239491406, 30.27749077721675], [-97.73283627032883, 30.277458025690255], [-97.7328239491406, 30.277425274163758], [-97.73279169185099, 30.2774050326072], [-97.73275181964829, 30.2774050326072], [-97.73271956235868, 30.277425274163758], [-97.73270724117044, 30.277458025690255]]]}}, {"type": "Feature", "properties": {"kind": "street", "radius_m": 6.0, "source": "snapshot"}, "geometry": {"type": "Polygon", "coordinates": [[[-97.73258919621064, 30.26087557271774], [-97.73260101762693, 30.26090699577707], [-97.7326319664966, 30.260926416295767], [-97.73267022140334, 30.260926416295767], [-97.732701170273, 30.26090699577707], [-97.7327129916893, 30.26087557271774], [-97.732701170273, 30.26084414965841], [-97.73267022140334, 30.260824729139713], [-97.7326319664966, 30.260824729139713], [-97.73260101762693, 30.26084414965841], [-97.73258919621064, 30.26087557271774]]]}}, {"type": "Feature", "properties": {"kind": "street", "radius_m": 4.7, "source": "snapshot"}, "geometry": {"type": "Polygon", "coordinates": [[[-97.7327019195454, 30.261122787350825], [-97.7327112558007, 30.26114760448749], [-97.73273569843437, 30.261162942321455], [-97.73276591119114, 30.261162942321455], [-97.73279035382481, 30.26114760448749], [-97.7327996900801, 30.261122787350825], [-97.73279035382481, 30.26109797021416], [-97.73276591119114, 30.261082632380194], [-97.73273569843437, 30.261082632380194], [-97.7327112558007, 30.26109797021416], [-97.7327019195454, 30.261122787350825]]]}}, {"type": "Feature", "properties": {"kind": "street", "radius_m": 5.1, "source": "snapshot"}, "geometry": {"type": "Polygon", "coordinates": [[[-97.73270770278663, 30.261614098054245], [-97.73271785597018, 30.261641086706103], [-97.7327444373498, 30.26165776661026], [-97.73277729374192, 30.26165776661026], [-97.73280387512153, 30.261641086706103], [-97.73281402830509, 30.261614098054245], [-97.73280387512153, 30.261587109402388], [-97.73277729374192, 30.26157042949823], [-97.7327444373498, 30.26157042949823], [-97.73271785597018, 30.261587109402388], [-97.73270770278663, 30.261614098054245]]]}}, {"type": "Feature", "properties": {"kind": "street", "radius_m": 5.6, "source": "snapshot"}, "geometry": {"type": "Polygon", "coordinates": [[[-97.7304871682083, 30.262774330986485], [-97.73049831136026, 30.26280395111968], [-97.73052748451084, 30.262822257368743], [-97.73056354450807, 30.262822257368743], [-97.73059271765865, 30.26280395111968], [-97.73060386081062, 30.262774330986485], [-97.73059271765865, 30.26274471085329], [-97.73056354450807, 30.262726404604226], [-97.73052748451084, 30.262726404604226], [-97.73049831136026, 30.26274471085329], [-97.7304871682083, 30.262774330986485]]]}}, {"type": "Feature", "properties": {"kind": "street", "radius_m": 5.2, "source": "snapshot"}, "geometry": {"type": "Polygon", "coordinates": [[[-97.73061564970277, 30.263212550140253], [-97.73062596760168, 30.263239976629738], [-97.73065298021174, 30.26325692713243], [-97.73068636963401, 30.26325692713243], [-97.73071338224408, 30.263239976629738], [-97.73072370014299, 30.263212550140253], [-97.73071338224408, 30.263185123650768], [-97.73068636963401, 30.263168173148074], [-97.73065298021174, 30.263168173148074], [-97.73062596760168, 30.263185123650768], [-97.73061564970277, 30.263212550140253]]]}}, {"type": "Feature", "properties": {"kind": "street", "radius_m": 5.8, "source": "snapshot"}, "geometry": {"type": "Polygon", "coordinates": [[[-97.7306055313401, 30.26414322778478], [-97.73061702875873, 30.26417378961077], [-97.7306471293915, 30.264192677857988], [-97.73068433581976, 30.264192677857988], [-97.73071443645253, 30.26417378961077], [-97.73072593387116, 30.26414322778478], [-97.73071443645253, 30.264112665958788], [-97.73068433581976, 30.26409377771157], [-97.7306471293915, 30.26409377771157], [-97.73061702875873, 30.264112665958788], [-97.7306055313401, 30.26414322778478]]]}}, {"type": "Feature", "properties": {"kind": "street", "radius_m": 5.8, "source": "snapshot"}, "geometry": {"type": "Polygon", "coordinates": [[[-97.7304757572731, 30.26445493940093], [-97.73048733699473, 30.264485720000387], [-97.73051765309955, 30.264504743457042], [-97.73055512586595, 30.264504743457042], [-97.73058544197077, 30.264485720000387], [-97.7305970216924, 30.26445493940093], [-97.73058544197077, 30.264424158801475], [-97.73055512586595, 30.26440513534482], [-97.73051765309955, 30.26440513534482], [-97.73048733699473, 30.264424158801475], [-97.7304757572731, 30.26445493940093]]]}}, {"type": "Feature", "properties": {"kind": "street", "radius_m": 5.3, "source": "snapshot"}, "geometry": {"type": "Polygon", "coordinates": [[[-97.73049612633878, 30.26464245598159], [-97.73050657632311, 30.26467023357351], [-97.7305339347373, 30.264687401069448], [-97.73056775159698, 30.264687401069448], [-97.73059511001117, 30.26467023357351], [-97.7306055599955, 30.26464245598159], [-97.73059511001117, 30.26461467838967], [-97.73056775159698, 30.264597510893733], [-97.7305339347373, 30.264597510893733], [-97.73050657632311, 30.26461467838967], [-97.73049612633878, 30.26464245598159]]]}}, {"type": "Feature", "properties": {"kind": "street", "radius_m": 5.4, "source": "snapshot"}, "geometry": {"type": "Polygon", "coordinates": [[[-97.73047902973494, 30.265036105564782], [-97.73048972660287, 30.265064539409543], [-97.7305177313667, 30.26508211249204], [-97.73055234715851, 30.26508211249204], [-97.73058035192234, 30.265064539409543], [-97.73059104879027, 30.265036105564782], [-97.73058035192234, 30.26500767172002], [-97.73055234715851, 30.264990098637526], [-97.7305177313667, 30.264990098637526], [-97.73048972660287, 30.26500767172002], [-97.73047902973494, 30.265036105564782]]]}}, {"type": "Feature", "properties": {"kind": "street", "radius_m": 4.9, "source": "snapshot"}, "geometry": {"type": "Polygon", "coordinates": [[[-97.73061955306419, 30.266738767206874], [-97.73062935892139, 30.266764832614324], [-97.73065503098881, 30.26678094192206], [-97.73068676340928, 30.26678094192206], [-97.7307124354767, 30.266764832614324], [-97.73072224133391, 30.266738767206874], [-97.7307124354767, 30.266712701799424], [-97.73068676340928, 30.266696592491687], [-97.73065503098881, 30.266696592491687], [-97.73062935892139, 30.266712701799424], [-97.73061955306419, 30.266738767206874]]]}}, {"type": "Feature", "properties": {"kind": "street", "radius_m": 4.8, "source": "snapshot"}, "geometry": {"type": "Polygon", "coordinates": [[[-97.73048755431049, 30.268954279644642], [-97.73049702688772, 30.26897945914501], [-97.73052182641683, 30.268995020932056], [-97.73055248032065, 30.268995020932056], [-97.73057727984977, 30.26897945914501], [-97.730586752427, 30.268954279644642], [-97.73057727984977, 30.268929100144273], [-97.73055248032065, 30.26891353835723], [-97.73052182641683, 30.26891353835723], [-97.73049702688772, 30.268929100144273], [-97.73048755431049, 30.268954279644642]]]}}, {"type": "Feature", "properties": {"kind": "street", "radius_m": 5.1, "source": "snapshot"}, "geometry": {"type": "Polygon", "coordinates": [[[-97.73048541222613, 30.270653565634614], [-97.73049545179121, 30.27068025227193], [-97.73052173571384, 30.270696745520834], [-97.73055422442891, 30.270696745520834], [-97.73058050835154, 30.27068025227193], [-97.73059054791662, 30.270653565634614], [-97.73058050835154, 30.270626878997298], [-97.73055422442891, 30.270610385748395], [-97.73052173571384, 30.270610385748395], [-97.73049545179121, 30.270626878997298], [-97.73048541222613, 30.270653565634614]]]}}, {"type": "Feature", "properties": {"kind": "street", "radius_m": 5.0, "source": "snapshot"}, "geometry": {"type": "Polygon", "coordinates": [[[-97.73060081590211, 30.270934003573267], [-97.73061083108269, 30.270960625392995], [-97.73063705116586, 30.270977078582426], [-97.73066946097101, 30.270977078582426], [-97.73069568105419, 30.270960625392995], [-97.73070569623476, 30.270934003573267], [-97.73069568105419, 30.27090738175354], [-97.73066946097101, 30.270890928564107], [-97.73063705116586, 30.270890928564107], [-97.73061083108269, 30.27090738175354], [-97.73060081590211, 30.270934003573267]]]}}, {"type": "Feature", "properties": {"kind": "street", "radius_m": 5.6, "source": "snapshot"}, "geometry": {"type": "Polygon", "coordinates": [[[-97.73046481533888, 30.271586850245654], [-97.73047585098702, 30.27161618461793], [-97.73050474268896, 30.271634314257035], [-97.73054045479654, 30.271634314257035], [-97.73056934649848, 30.27161618461793], [-97.73058038214663, 30.271586850245654], [-97.73056934649848, 30.27155751587338], [-97.73054045479654, 30.271539386234274], [-97.73050474268896, 30.271539386234274], [-97.73047585098702, 30.27155751587338], [-97.73046481533888, 30.271586850245654]]]}}, {"type": "Feature", "properties": {"kind": "street", "radius_m": 5.5, "source": "snapshot"}, "geometry": {"type": "Polygon", "coordinates": [[[-97.73047580227892, 30.273058040118034], [-97.73048668775616, 30.273086975314005], [-97.73051518630557, 30.273104858248587], [-97.73055041244989, 30.273104858248587], [-97.7305789109993, 30.273086975314005], [-97.73058979647654, 30.273058040118034], [-97.7305789109993, 30.273029104922063], [-97.73055041244989, 30.27301122198748], [-97.73051518630557, 30.27301122198748], [-97.73048668775616, 30.273029104922063], [-97.73047580227892, 30.273058040118034]]]}}, {"type": "Feature", "properties": {"kind": "street", "radius_m": 5.5, "source": "snapshot"}, "geometry": {"type": "Polygon", "coordinates": [[[-97.73049118521851, 30.275844886969704], [-97.73050204131827, 30.275873744076005], [-97.73053046295642, 30.275891578748517], [-97.7305655940332, 30.275891578748517], [-97.73059401567134, 30.275873744076005], [-97.7306048717711, 30.275844886969704], [-97.73059401567134, 30.275816029863403], [-97.7305655940332, 30.27579819519089], [-97.73053046295642, 30.27579819519089], [-97.73050204131827, 30.275816029863403], [-97.73049118521851, 30.275844886969704]]]}}, {"type": "Feature", "properties": {"kind": "street", "radius_m": 5.6, "source": "snapshot"}, "geometry": {"type": "Polygon", "coordinates": [[[-97.73048936882117, 30.27624546098659], [-97.73050044489192, 30.276274902808055], [-97.73052944242158, 30.276293098854413], [-97.73056528533942, 30.276293098854413], [-97.73059428286909, 30.276274902808055], [-97.73060535893984, 30.27624546098659], [-97.73059428286909, 30.276216019165126], [-97.73056528533942, 30.276197823118768], [-97.73052944242158, 30.276197823118768], [-97.73050044489192, 30.276216019165126], [-97.73048936882117, 30.27624546098659]]]}}, {"type": "Feature", "properties": {"kind": "street", "radius_m": 5.6, "source": "snapshot"}, "geometry": {"type": "Polygon", "coordinates": [[[-97.73059595045859, 30.276353368316588], [-97.73060703532795, 30.276382833526043], [-97.73063605589267, 30.276401044026972], [-97.73067192728341, 30.276401044026972], [-97.73070094784813, 30.276382833526043], [-97.73071203271749, 30.276353368316588], [-97.73070094784813, 30.276323903107134], [-97.73067192728341, 30.276305692606204], [-97.73063605589267, 30.276305692606204], [-97.73060703532795, 30.276323903107134], [-97.73059595045859, 30.276353368316588]]]}}, {"type": "Feature", "properties": {"kind": "street", "radius_m": 4.5, "source": "snapshot"}, "geometry": {"type": "Polygon", "coordinates": [[[-97.73060468113975, 30.277115230517612], [-97.7306136868164, 30.277139168927697], [-97.73063726398391, 30.277153963678767], [-97.73066640696567, 30.277153963678767], [-97.73068998413318, 30.277139168927697], [-97.73069898980982, 30.277115230517612], [-97.73068998413318, 30.277091292107528], [-97.73066640696567, 30.277076497356457], [-97.73063726398391, 30.277076497356457], [-97.7306136868164, 30.277091292107528], [-97.73060468113975, 30.277115230517612]]]}}, {"type": "Feature", "properties": {"kind": "street", "radius_m": 5.4, "source": "snapshot"}, "geometry": {"type": "Polygon", "coordinates": [[[-97.73047867564355, 30.27739587908313], [-97.73048949021789, 30.2774246258088], [-97.73051780314111, 30.27744239226233], [-97.73055279983885, 30.27744239226233], [-97.73058111276207, 30.2774246258088], [-97.7305919273364, 30.27739587908313], [-97.73058111276207, 30.277367132357462], [-97.73055279983885, 30.27734936590393], [-97.73051780314111, 30.27734936590393], [-97.73048949021789, 30.277367132357462], [-97.73047867564355, 30.27739587908313]]]}}, {"type": "Feature", "properties": {"kind": "street", "radius_m": 4.9, "source": "snapshot"}, "geometry": {"type": "Polygon", "coordinates": [[[-97.73048450611718, 30.277575846280072], [-97.73049421442376, 30.277601652383666], [-97.73051963110035, 30.277617601432805], [-97.73055104784038, 30.277617601432805], [-97.73057646451697, 30.277601652383666], [-97.73058617282355, 30.277575846280072], [-97.73057646451697, 30.27755004017648], [-97.73055104784038, 30.27753409112734], [-97.73051963110035, 30.27753409112734], [-97.73049421442376, 30.27755004017648], [-97.73048450611718, 30.277575846280072]]]}}, {"type": "Feature", "properties": {"kind": "street", "radius_m": 5.3, "source": "snapshot"}, "geometry": {"type": "Polygon", "coordinates": [[[-97.73062110667232, 30.260115570292765], [-97.73063172478466, 30.260143794793606], [-97.73065952336368, 30.26016123849444], [-97.73069388429703, 30.26016123849444], [-97.73072168287605, 30.260143794793606], [-97.7307323009884, 30.260115570292765], [-97.73072168287605, 30.260087345791923], [-97.73069388429703, 30.26006990209109], [-97.73065952336368, 30.26006990209109], [-97.73063172478466, 30.260087345791923], [-97.73062110667232, 30.260115570292765]]]}}, {"type": "Feature", "properties": {"kind": "street", "radius_m": 4.9, "source": "snapshot"}, "geometry": {"type": "Polygon", "coordinates": [[[-97.7306180295806, 30.26030382103936], [-97.7306278129581, 30.260329826692516], [-97.73065342617296, 30.260345899070064], [-97.73068508584764, 30.260345899070064], [-97.7307106990625, 30.260329826692516], [-97.73072048244, 30.26030382103936], [-97.7307106990625, 30.260277815386207], [-97.73068508584764, 30.26026174300866], [-97.73065342617296, 30.26026174300866], [-97.7306278129581, 30.260277815386207], [-97.7306180295806, 30.26030382103936]]]}}, {"type": "Feature", "properties": {"kind": "street", "radius_m": 5.8, "source": "snapshot"}, "geometry": {"type": "Polygon", "coordinates": [[[-97.73060048527044, 30.260492924810592], [-97.73061200828008, 30.260523554661244], [-97.73064217591099, 30.260542484950015], [-97.73067946515349, 30.260542484950015], [-97.7307096327844, 30.260523554661244], [-97.73072115579403, 30.260492924810592], [-97.7307096327844, 30.26046229495994], [-97.73067946515349, 30.26044336467117], [-97.73064217591099, 30.26044336467117], [-97.73061200828008, 30.26046229495994], [-97.73060048527044, 30.260492924810592]]]}}, {"type": "Feature", "properties": {"kind": "street", "radius_m": 5.7, "source": "snapshot"}, "geometry": {"type": "Polygon", "coordinates": [[[-97.73061351252974, 30.260664470978046], [-97.73062481896328, 30.260694525137644], [-97.73065441959059, 30.260713099629776], [-97.73069100797812, 30.260713099629776], [-97.73072060860544, 30.260694525137644], [-97.73073191503897, 30.260664470978046], [-97.73072060860544, 30.260634416818448], [-97.73069100797812, 30.260615842326317], [-97.73065441959059, 30.260615842326317], [-97.73062481896328, 30.260634416818448], [-97.73061351252974, 30.260664470978046]]]}}, {"type": "Feature", "properties": {"kind": "street", "radius_m": 5.6, "source": "snapshot"}, "geometry": {"type": "Polygon", "coordinates": [[[-97.73047451052935, 30.2611491101891], [-97.73048560711192, 30.261178606534006], [-97.73051465834223, 30.2611968362777], [-97.73055056763775, 30.2611968362777], [-97.73057961886806, 30.261178606534006], [-97.73059071545063, 30.2611491101891], [-97.73057961886806, 30.26111961384419], [-97.73055056763775, 30.261101384100495], [-97.73051465834223, 30.261101384100495], [-97.73048560711192, 30.26111961384419], [-97.73047451052935, 30.2611491101891]]]}}, {"type": "Feature", "properties": {"kind": "street", "radius_m": 4.8, "source": "snapshot"}, "geometry": {"type": "Polygon", "coordinates": [[[-97.73049120731525, 30.261868993762562], [-97.73050074902919, 30.261894357038475], [-97.7305257295606, 30.26191003240506], [-97.73055660719554, 30.26191003240506], [-97.73058158772695, 30.261894357038475], [-97.73059112944088, 30.261868993762562], [-97.73058158772695, 30.26184363048665], [-97.73055660719554, 30.261827955120065], [-97.7305257295606, 30.261827955120065], [-97.73050074902919, 30.26184363048665], [-97.73049120731525, 30.261868993762562]]]}}, {"type": "Feature", "properties": {"kind": "street", "radius_m": 5.4, "source": "snapshot"}, "geometry": {"type": "Polygon", "coordinates": [[[-97.75244764215947, 30.262043019185505], [-97.75245841265883, 30.26207164875339], [-97.75248661019224, 30.262089342799428], [-97.75252146426031, 30.262089342799428], [-97.75254966179372, 30.26207164875339], [-97.75256043229308, 30.262043019185505], [-97.75254966179372, 30.26201438961762], [-97.75252146426031, 30.261996695571582], [-97.75248661019224, 30.261996695571582], [-97.75245841265883, 30.26201438961762], [-97.75244764215947, 30.262043019185505]]]}}, {"type": "Feature", "properties": {"kind": "street", "radius_m": 4.7, "source": "snapshot"}, "geometry": {"type": "Polygon", "coordinates": [[[-97.75236108697557, 30.261938451269273], [-97.75237037592376, 30.261963142656725], [-97.75239469470584, 30.2619784027734], [-97.75242475437362, 30.2619784027734], [-97.7524490731557, 30.261963142656725], [-97.7524583621039, 30.261938451269273], [-97.7524490731557, 30.26191375988182], [-97.75242475437362, 30.261898499765145], [-97.75239469470584, 30.261898499765145], [-97.75237037592376, 30.26191375988182], [-97.75236108697557, 30.261938451269273]]]}}, {"type": "Feature", "properties": {"kind": "street", "radius_m": 5.8, "source": "snapshot"}, "geometry": {"type": "Polygon", "coordinates": [[[-97.75191252842951, 30.261943312756447], [-97.75192413983358, 30.261974177572462], [-97.7519545388841, 30.261993253077815], [-97.75199211417699, 30.261993253077815], [-97.75202251322752, 30.261974177572462], [-97.75203412463158, 30.261943312756447], [-97.75202251322752, 30.261912447940432], [-97.75199211417699, 30.26189337243508], [-97.7519545388841, 30.26189337243508], [-97.75192413983358, 30.261912447940432], [-97.75191252842951, 30.261943312756447]]]}}, {"type": "Feature", "properties": {"kind": "street", "radius_m": 5.7, "source": "snapshot"}, "geometry": {"type": "Polygon", "coordinates": [[[-97.75070811220762, 30.262054702205866], [-97.75071944153677, 30.26208481722536], [-97.75074910210557, 30.262103429330978], [-97.75078576458486, 30.262103429330978], [-97.75081542515366, 30.26208481722536], [-97.75082675448282, 30.262054702205866], [-97.75081542515366, 30.26202458718637], [-97.75078576458486, 30.262005975080754], [-97.75074910210557, 30.262005975080754], [-97.75071944153677, 30.26202458718637], [-97.75070811220762, 30.262054702205866]]]}}, {"type": "Feature", "properties": {"kind": "street", "radius_m": 4.8, "source": "snapshot"}, "geometry": {"type": "Polygon", "coordinates": [[[-97.74877001523446, 30.262044032063574], [-97.74877964682604, 30.262069634247435], [-97.74880486266015, 30.262085457267247], [-97.74883603114522, 30.262085457267247], [-97.74886124697933, 30.262069634247435], [-97.74887087857091, 30.262044032063574], [-97.74886124697933, 30.262018429879713], [-97.74883603114522, 30.2620026068599], [-97.74880486266015, 30.2620026068599], [-97.74877964682604, 30.262018429879713], [-97.74877001523446, 30.262044032063574]]]}}, {"type": "Feature", "properties": {"kind": "street", "radius_m": 5.4, "source": "snapshot"}, "geometry": {"type": "Polygon", "coordinates": [[[-97.74756311000549, 30.26194046490737], [-97.74757377097175, 30.261968803320194], [-97.74760168174376, 30.261986317422508], [-97.74763618135529, 30.261986317422508], [-97.7476640921273, 30.261968803320194], [-97.74767475309356, 30.26194046490737], [-97.7476640921273, 30.261912126494543], [-97.74763618135529, 30.26189461239223], [-97.74760168174376, 30.26189461239223], [-97.74757377097175, 30.261912126494543], [-97.74756311000549, 30.26194046490737]]]}}, {"type": "Feature", "properties": {"kind": "street", "radius_m": 5.5, "source": "snapshot"}, "geometry": {"type": "Polygon", "coordinates": [[[-97.74728949436276, 30.261959382122196], [-97.74730048242816, 30.261988590012535], [-97.74732924955684, 30.262006641481506], [-97.74736480768341, 30.262006641481506], [-97.7473935748121, 30.261988590012535], [-97.74740456287749, 30.261959382122196], [-97.7473935748121, 30.261930174231857], [-97.74736480768341, 30.261912122762887], [-97.74732924955684, 30.261912122762887], [-97.74730048242816, 30.261930174231857], [-97.74728949436276, 30.261959382122196]]]}}, {"type": "Feature", "properties": {"kind": "street", "radius_m": 5.8, "source": "snapshot"}, "geometry": {"type": "Polygon", "coordinates": [[[-97.74619272191676, 30.262057983541183], [-97.74620420820143, 30.26208851577149], [-97.74623427968513, 30.26210738572757], [-97.74627145008316, 30.26210738572757], [-97.74630152156685, 30.26208851577149], [-97.74631300785153, 30.262057983541183], [-97.74630152156685, 30.262027451310875], [-97.74627145008316, 30.262008581354795], [-97.74623427968513, 30.262008581354795], [-97.74620420820143, 30.262027451310875], [-97.74619272191676, 30.262057983541183]]]}}, {"type": "Feature", "properties": {"kind": "street", "radius_m": 5.0, "source": "snapshot"}, "geometry": {"type": "Polygon", "coordinates": [[[-97.7406229913521, 30.26204620350723], [-97.74063293855755, 30.26207264463908], [-97.74065898067951, 30.262088986157263], [-97.74069117051252, 30.262088986157263], [-97.74071721263448, 30.26207264463908], [-97.74072715983993, 30.26204620350723], [-97.74071721263448, 30.262019762375377], [-97.74069117051252, 30.262003420857194], [-97.74065898067951, 30.262003420857194], [-97.74063293855755, 30.262019762375377], [-97.7406229913521, 30.26204620350723]]]}}, {"type": "Feature", "properties": {"kind": "street", "radius_m": 4.6, "source": "snapshot"}, "geometry": {"type": "Polygon", "coordinates": [[[-97.73971773048564, 30.26206641852995], [-97.73972694068952, 30.26209090060348], [-97.73975105331633, 30.262106031357032], [-97.73978085816216, 30.262106031357032], [-97.73980497078897, 30.26209090060348], [-97.73981418099285, 30.26206641852995], [-97.73980497078897, 30.262041936456423], [-97.73978085816216, 30.26202680570287], [-97.73975105331633, 30.26202680570287], [-97.73972694068952, 30.262041936456423], [-97.73971773048564, 30.26206641852995]]]}}, {"type": "Feature", "properties": {"kind": "street", "radius_m": 4.6, "source": "snapshot"}, "geometry": {"type": "Polygon", "coordinates": [[[-97.73949793108939, 30.26206537536259], [-97.73950706081988, 30.262089643526046], [-97.73953096276463, 30.262104642075908], [-97.73956050719312, 30.262104642075908], [-97.73958440913788, 30.262089643526046], [-97.73959353886836, 30.26206537536259], [-97.73958440913788, 30.26204110719913], [-97.73956050719312, 30.26202610864927], [-97.73953096276463, 30.26202610864927], [-97.73950706081988, 30.26204110719913], [-97.73949793108939, 30.26206537536259]]]}}, {"type": "Feature", "properties": {"kind": "street", "radius_m": 5.1, "source": "snapshot"}, "geometry": {"type": "Polygon", "coordinates": [[[-97.7390825136151, 30.262042581020573], [-97.73909259754888, 30.262069385596362], [-97.73911899763021, 30.262085951735255], [-97.73915162992537, 30.262085951735255], [-97.73917803000671, 30.262069385596362], [-97.73918811394049, 30.262042581020573], [-97.73917803000671, 30.262015776444784], [-97.73915162992537, 30.26199921030589], [-97.73911899763021, 30.26199921030589], [-97.73909259754888, 30.262015776444784], [-97.7390825136151, 30.262042581020573]]]}}, {"type": "Feature", "properties": {"kind": "street", "radius_m": 4.9, "source": "snapshot"}, "geometry": {"type": "Polygon", "coordinates": [[[-97.73704680373724, 30.261941873403988], [-97.73705659471834, 30.26196789926861], [-97.73708222783966, 30.261983984137533], [-97.7371139121201, 30.261983984137533], [-97.73713954524142, 30.26196789926861], [-97.73714933622252, 30.261941873403988], [-97.73713954524142, 30.261915847539367], [-97.7371139121201, 30.261899762670442], [-97.73708222783966, 30.261899762670442], [-97.73705659471834, 30.261915847539367], [-97.73704680373724, 30.261941873403988]]]}}, {"type": "Feature", "properties": {"kind": "street", "radius_m": 4.8, "source": "snapshot"}, "geometry": {"type": "Polygon", "coordinates": [[[-97.73683047675031, 30.26194341946875], [-97.73684010583331, 30.261969014984444], [-97.73686531509989, 30.261984833883105], [-97.73689647546703, 30.261984833883105], [-97.73692168473362, 30.261969014984444], [-97.73693131381661, 30.26194341946875], [-97.73692168473362, 30.261917823953056], [-97.73689647546703, 30.261902005054395], [-97.73686531509989, 30.261902005054395], [-97.73684010583331, 30.261917823953056], [-97.73683047675031, 30.26194341946875]]]}}, {"type": "Feature", "properties": {"kind": "street", "radius_m": 4.5, "source": "snapshot"}, "geometry": {"type": "Polygon", "coordinates": [[[-97.73623859535284, 30.26204139582644], [-97.73624753500525, 30.262065158734423], [-97.73627093931907, 30.262079845019226], [-97.73629986864194, 30.262079845019226], [-97.73632327295576, 30.262065158734423], [-97.73633221260816, 30.26204139582644], [-97.73632327295576, 30.262017632918457], [-97.73629986864194, 30.262002946633654], [-97.73627093931907, 30.262002946633654], [-97.73624753500525, 30.262017632918457], [-97.73623859535284, 30.26204139582644]]]}}, {"type": "Feature", "properties": {"kind": "street", "radius_m": 5.0, "source": "snapshot"}, "geometry": {"type": "Polygon", "coordinates": [[[-97.73609226083707, 30.261932712437734], [-97.73610225181228, 30.261959269916034], [-97.73612840852496, 30.261975683340278], [-97.73616073999992, 30.261975683340278], [-97.7361868967126, 30.261959269916034], [-97.73619688768781, 30.261932712437734], [-97.7361868967126, 30.261906154959433], [-97.73616073999992, 30.26188974153519], [-97.73612840852496, 30.26188974153519], [-97.73610225181228, 30.261906154959433], [-97.73609226083707, 30.261932712437734]]]}}, {"type": "Feature", "properties": {"kind": "street", "radius_m": 5.7, "source": "snapshot"}, "geometry": {"type": "Polygon", "coordinates": [[[-97.7341906328068, 30.2620428539128], [-97.73420204396946, 30.26207318645777], [-97.73423191878118, 30.262091933001525], [-97.73426884607926, 30.262091933001525], [-97.73429872089098, 30.26207318645777], [-97.73431013205364, 30.2620428539128], [-97.73429872089098, 30.26201252136783], [-97.73426884607926, 30.261993774824074], [-97.73423191878118, 30.261993774824074], [-97.73420204396946, 30.26201252136783], [-97.7341906328068, 30.2620428539128]]]}}, {"type": "Feature", "properties": {"kind": "street", "radius_m": 4.9, "source": "snapshot"}, "geometry": {"type": "Polygon", "coordinates": [[[-97.73251493600353, 30.261934520827143], [-97.73252465279558, 30.261960349486387], [-97.73255009168744, 30.26197631247568], [-97.73258153588708, 30.26197631247568], [-97.73260697477895, 30.261960349486387], [-97.732616691571, 30.261934520827143], [-97.73260697477895, 30.2619086921679], [-97.73258153588708, 30.261892729178605], [-97.73255009168744, 30.261892729178605], [-97.73252465279558, 30.2619086921679], [-97.73251493600353, 30.261934520827143]]]}}, {"type": "Feature", "properties": {"kind": "street", "radius_m": 5.9, "source": "snapshot"}, "geometry": {"type": "Polygon", "coordinates": [[[-97.73195935831603, 30.26204237475666], [-97.73197111883864, 30.26207363595161], [-97.73200190828653, 30.262092956432614], [-97.73203996613712, 30.262092956432614], [-97.73207075558501, 30.26207363595161], [-97.73208251610762, 30.26204237475666], [-97.73207075558501, 30.262011113561712], [-97.73203996613712, 30.261991793080707], [-97.73200190828653, 30.261991793080707], [-97.73197111883864, 30.262011113561712], [-97.73195935831603, 30.26204237475666]]]}}, {"type": "Feature", "properties": {"kind": "street", "radius_m": 6.7, "source": "snapshot"}, "geometry": {"type": "Polygon", "coordinates": [[[-97.75290469648334, 30.26404355735631], [-97.75291804074831, 30.264079028370897], [-97.75295297648756, 30.264100950663526], [-97.75299615943612, 30.264100950663526], [-97.75303109517537, 30.264079028370897], [-97.75304443944034, 30.26404355735631], [-97.75303109517537, 30.264008086341722], [-97.75299615943612, 30.263986164049093], [-97.75295297648756, 30.263986164049093], [-97.75291804074831, 30.264008086341722], [-97.75290469648334, 30.26404355735631]]]}}, {"type": "Feature", "properties": {"kind": "street", "radius_m": 6.3, "source": "snapshot"}, "geometry": {"type": "Polygon", "coordinates": [[[-97.7524910492513, 30.263951067264802], [-97.75250357899024, 30.263984373149647], [-97.75253638227264, 30.26400495731851], [-97.75257692935958, 30.26400495731851], [-97.75260973264197, 30.263984373149647], [-97.75262226238091, 30.263951067264802], [-97.75260973264197, 30.263917761379957], [-97.75257692935958, 30.263897177211096], [-97.75253638227264, 30.263897177211096], [-97.75250357899024, 30.263917761379957], [-97.7524910492513, 30.263951067264802]]]}}, {"type": "Feature", "properties": {"kind": "street", "radius_m": 4.8, "source": "snapshot"}, "geometry": {"type": "Polygon", "coordinates": [[[-97.75220203964136, 30.264062850621045], [-97.75221162507631, 30.264088330113815], [-97.7522367200708, 30.264104077306364], [-97.75226773918989, 30.264104077306364], [-97.75229283418437, 30.264088330113815], [-97.75230241961933, 30.264062850621045], [-97.75229283418437, 30.264037371128275], [-97.75226773918989, 30.264021623935726], [-97.7522367200708, 30.264021623935726], [-97.75221162507631, 30.264037371128275], [-97.75220203964136, 30.264062850621045]]]}}, {"type": "Feature", "properties": {"kind": "street", "radius_m": 5.7, "source": "snapshot"}, "geometry": {"type": "Polygon", "coordinates": [[[-97.75166445965093, 30.264065524512393], [-97.75167585638347, 30.264095818699982], [-97.75170569341662, 30.264114541537573], [-97.75174257401787, 30.264114541537573], [-97.75177241105102, 30.264095818699982], [-97.75178380778357, 30.264065524512393], [-97.75177241105102, 30.264035230324804], [-97.75174257401787, 30.264016507487213], [-97.75170569341662, 30.264016507487213], [-97.75167585638347, 30.264035230324804], [-97.75166445965093, 30.264065524512393]]]}}, {"type": "Feature", "properties": {"kind": "street", "radius_m": 7.7, "source": "snapshot"}, "geometry": {"type": "Polygon", "coordinates": [[[-97.75144642840914, 30.263934051793683], [-97.75146169338274, 30.26397462833365], [-97.75150165760243, 30.263999706014495], [-97.75155105609466, 30.263999706014495], [-97.75159102031435, 30.26397462833365], [-97.75160628528795, 30.263934051793683], [-97.75159102031435, 30.263893475253717], [-97.75155105609466, 30.26386839757287], [-97.75150165760243, 30.26386839757287], [-97.75146169338274, 30.263893475253717], [-97.75144642840914, 30.263934051793683]]]}}, {"type": "Feature", "properties": {"kind": "street", "radius_m": 5.2, "source": "snapshot"}, "geometry": {"type": "Polygon", "coordinates": [[[-97.7511154200105, 30.263939756672695], [-97.75112579641414, 30.26396733867631], [-97.75115296219154, 30.26398438529202], [-97.75118654093906, 30.26398438529202], [-97.75121370671646, 30.26396733867631], [-97.75122408312009, 30.263939756672695], [-97.75121370671646, 30.26391217466908], [-97.75118654093906, 30.26389512805337], [-97.75115296219154, 30.26389512805337], [-97.75112579641414, 30.26391217466908], [-97.7511154200105, 30.263939756672695]]]}}, {"type": "Feature", "properties": {"kind": "street", "radius_m": 5.0, "source": "snapshot"}, "geometry": {"type": "Polygon", "coordinates": [[[-97.75092711244595, 30.263952846871167], [-97.75093713578556, 30.26397949037877], [-97.75096337722933, 30.263995956972046], [-97.75099581343763, 30.263995956972046], [-97.75102205488139, 30.26397949037877], [-97.751032078221, 30.263952846871167], [-97.75102205488139, 30.263926203363564], [-97.75099581343763, 30.263909736770287], [-97.75096337722933, 30.263909736770287], [-97.75093713578556, 30.263926203363564], [-97.75092711244595, 30.263952846871167]]]}}, {"type": "Feature", "properties": {"kind": "street", "radius_m": 6.8, "source": "snapshot"}, "geometry": {"type": "Polygon", "coordinates": [[[-97.75075456163724, 30.26393477753873], [-97.75076811282142, 30.26397079857491], [-97.75080359028216, 30.26399306079958], [-97.75084744283531, 30.26399306079958], [-97.75088292029605, 30.26397079857491], [-97.75089647148023, 30.26393477753873], [-97.75088292029605, 30.26389875650255], [-97.75084744283531, 30.263876494277877], [-97.75080359028216, 30.263876494277877], [-97.75076811282142, 30.26389875650255], [-97.75075456163724, 30.26393477753873]]]}}, {"type": "Feature", "properties": {"kind": "street", "radius_m": 6.2, "source": "snapshot"}, "geometry": {"type": "Polygon", "coordinates": [[[-97.74984712606863, 30.26394657854614], [-97.74985948781095, 30.26397943787134], [-97.74989185127252, 30.26399974605116], [-97.749931854711, 30.26399974605116], [-97.74996421817256, 30.26397943787134], [-97.74997657991489, 30.26394657854614], [-97.74996421817256, 30.26391371922094], [-97.749931854711, 30.26389341104112], [-97.74989185127252, 30.26389341104112], [-97.74985948781095, 30.26391371922094], [-97.74984712606863, 30.26394657854614]]]}}, {"type": "Feature", "properties": {"kind": "street", "radius_m": 4.7, "source": "snapshot"}, "geometry": {"type": "Polygon", "coordinates": [[[-97.7484716254073, 30.263953590744258], [-97.74848094066336, 30.26397835206184], [-97.74850532832028, 30.263993655397712], [-97.74853547312205, 30.263993655397712], [-97.74855986077897, 30.26397835206184], [-97.74856917603502, 30.263953590744258], [-97.74855986077897, 30.263928829426675], [-97.74853547312205, 30.263913526090803], [-97.74850532832028, 30.263913526090803], [-97.74848094066336, 30.263928829426675], [-97.7484716254073, 30.263953590744258]]]}}, {"type": "Feature", "properties": {"kind": "street", "radius_m": 7.9, "source": "snapshot"}, "geometry": {"type": "Polygon", "coordinates": [[[-97.74731609470163, 30.264058920373156], [-97.747331822564, 30.264100727339414], [-97.74737299864225, 30.264126565465528], [-97.74742389507401, 30.264126565465528], [-97.74746507115225, 30.264100727339414], [-97.74748079901462, 30.264058920373156], [-97.74746507115225, 30.264017113406897], [-97.74742389507401, 30.263991275280784], [-97.74737299864225, 30.263991275280784], [-97.747331822564, 30.264017113406897], [-97.74731609470163, 30.264058920373156]]]}}, {"type": "Feature", "properties": {"kind": "street", "radius_m": 5.6, "source": "snapshot"}, "geometry": {"type": "Polygon", "coordinates": [[[-97.74662330055844, 30.263953896360427], [-97.74663450191662, 30.263983671214284], [-97.74666382745305, 30.264002073085976], [-97.74670007580956, 30.264002073085976], [-97.74672940134599, 30.263983671214284], [-97.74674060270416, 30.263953896360427], [-97.74672940134599, 30.26392412150657], [-97.74670007580956, 30.263905719634877], [-97.74666382745305, 30.263905719634877], [-97.74663450191662, 30.26392412150657], [-97.74662330055844, 30.263953896360427]]]}}, {"type": "Feature", "properties": {"kind": "street", "radius_m": 6.1, "source": "snapshot"}, "geometry": {"type": "Polygon", "coordinates": [[[-97.74615783080868, 30.264055207421855], [-97.74617004658533, 30.264087678748883], [-97.74620202790382, 30.264107747132645], [-97.74624155898746, 30.264107747132645], [-97.74627354030595, 30.264087678748883], [-97.7462857560826, 30.264055207421855], [-97.74627354030595, 30.264022736094827], [-97.74624155898746, 30.264002667711065], [-97.74620202790382, 30.264002667711065], [-97.74617004658533, 30.264022736094827], [-97.74615783080868, 30.264055207421855]]]}}, {"type": "Feature", "properties": {"kind": "street", "radius_m": 7.0, "source": "snapshot"}, "geometry": {"type": "Polygon", "coordinates": [[[-97.74580817764908, 30.264053865523262], [-97.74582198807806, 30.26409057567017], [-97.7458581442505, 30.26411326378869], [-97.74590283573745, 30.26411326378869], [-97.7459389919099, 30.26409057567017], [-97.74595280233888, 30.264053865523262], [-97.7459389919099, 30.264017155376354], [-97.74590283573745, 30.263994467257834], [-97.7458581442505, 30.263994467257834], [-97.74582198807806, 30.264017155376354], [-97.74580817764908, 30.264053865523262]]]}}, {"type": "Feature", "properties": {"kind": "street", "radius_m": 5.1, "source": "snapshot"}, "geometry": {"type": "Polygon", "coordinates": [[[-97.74564461439664, 30.26406344752301], [-97.74565480385446, 30.264090532597212], [-97.74568148020136, 30.264107272093657], [-97.74571445397952, 30.264107272093657], [-97.74574113032641, 30.264090532597212], [-97.74575131978423, 30.26406344752301], [-97.74574113032641, 30.26403636244881], [-97.74571445397952, 30.264019622952365], [-97.74568148020136, 30.264019622952365], [-97.74565480385446, 30.26403636244881], [-97.74564461439664, 30.26406344752301]]]}}, {"type": "Feature", "properties": {"kind": "street", "radius_m": 4.8, "source": "snapshot"}, "geometry": {"type": "Polygon", "coordinates": [[[-97.74530478668291, 30.2640559439291], [-97.74531441981347, 30.26408155020379], [-97.74533963967667, 30.264097375751874], [-97.74537081314199, 30.264097375751874], [-97.74539603300519, 30.26408155020379], [-97.74540566613575, 30.2640559439291], [-97.74539603300519, 30.26403033765441], [-97.74537081314199, 30.26401451210633], [-97.74533963967667, 30.26401451210633], [-97.74531441981347, 30.26403033765441], [-97.74530478668291, 30.2640559439291]]]}}, {"type": "Feature", "properties": {"kind": "street", "radius_m": 5.8, "source": "snapshot"}, "geometry": {"type": "Polygon", "coordinates": [[[-97.74512516855197, 30.26404677879553], [-97.74513675540098, 30.264077578340604], [-97.74516709016552, 30.264096613506297], [-97.74520458599659, 30.264096613506297], [-97.74523492076113, 30.264077578340604], [-97.74524650761015, 30.26404677879553], [-97.74523492076113, 30.26401597925046], [-97.74520458599659, 30.263996944084766], [-97.74516709016552, 30.263996944084766], [-97.74513675540098, 30.26401597925046], [-97.74512516855197, 30.26404677879553]]]}}, {"type": "Feature", "properties": {"kind": "street", "radius_m": 7.3, "source": "snapshot"}, "geometry": {"type": "Polygon", "coordinates": [[[-97.74490713471602, 30.264066272401745], [-97.74492167483895, 30.264104922182284], [-97.74495974137498, 30.264128809060313], [-97.74500679420119, 30.264128809060313], [-97.74504486073722, 30.264104922182284], [-97.74505940086016, 30.264066272401745], [-97.74504486073722, 30.264027622621207], [-97.74500679420119, 30.264003735743177], [-97.74495974137498, 30.264003735743177], [-97.74492167483895, 30.264027622621207], [-97.74490713471602, 30.264066272401745]]]}}, {"type": "Feature", "properties": {"kind": "street", "radius_m": 7.5, "source": "snapshot"}, "geometry": {"type": "Polygon", "coordinates": [[[-97.7448646683012, 30.26394611216782], [-97.74487951239374, 30.263985569944186], [-97.74491837473255, 30.264009956191103], [-97.74496641122508, 30.264009956191103], [-97.74500527356389, 30.263985569944186], [-97.74502011765642, 30.26394611216782], [-97.74500527356389, 30.26390665439145], [-97.74496641122508, 30.263882268144535], [-97.74491837473255, 30.263882268144535], [-97.74487951239374, 30.26390665439145], [-97.7448646683012, 30.26394611216782]]]}}, {"type": "Feature", "properties": {"kind": "street", "radius_m": 5.9, "source": "snapshot"}, "geometry": {"type": "Polygon", "coordinates": [[[-97.7439830371595, 30.263944426739524], [-97.74399474580422, 30.26397555003546], [-97.74402539943407, 30.26399478529019], [-97.74406328940432, 30.26399478529019], [-97.74409394303417, 30.26397555003546], [-97.7441056516789, 30.263944426739524], [-97.74409394303417, 30.263913303443587], [-97.74406328940432, 30.263894068188858], [-97.74402539943407, 30.263894068188858], [-97.74399474580422, 30.263913303443587], [-97.7439830371595, 30.263944426739524]]]}}, {"type": "Feature", "properties": {"kind": "street", "radius_m": 6.7, "source": "snapshot"}, "geometry": {"type": "Polygon", "coordinates": [[[-97.74328664074835, 30.264062355858854], [-97.7432999585971, 30.264097756655236], [-97.74333482517778, 30.264119635550628], [-97.74337792264163, 30.264119635550628], [-97.7434127892223, 30.264097756655236], [-97.74342610707106, 30.264062355858854], [-97.7434127892223, 30.264026955062473], [-97.74337792264163, 30.26400507616708], [-97.74333482517778, 30.26400507616708], [-97.7432999585971, 30.264026955062473], [-97.74328664074835, 30.264062355858854]]]}}, {"type": "Feature", "properties": {"kind": "street", "radius_m": 6.5, "source": "snapshot"}, "geometry": {"type": "Polygon", "coordinates": [[[-97.74311840809415, 30.264049442774123], [-97.74313124266662, 30.264083558951256], [-97.74316484401359, 30.26410464390829], [-97.74320637756259, 30.26410464390829], [-97.74323997890956, 30.264083558951256], [-97.74325281348203, 30.264049442774123], [-97.74323997890956, 30.26401532659699], [-97.74320637756259, 30.263994241639956], [-97.74316484401359, 30.263994241639956], [-97.74313124266662, 30.26401532659699], [-97.74311840809415, 30.264049442774123]]]}}, {"type": "Feature", "properties": {"kind": "street", "radius_m": 7.5, "source": "snapshot"}, "geometry": {"type": "Polygon", "coordinates": [[[-97.74274562634926, 30.26404095855193], [-97.74276059543665, 30.26408074858294], [-97.7427997850162, 30.26410534017452], [-97.74284822600056, 30.26410534017452], [-97.74288741558011, 30.26408074858294], [-97.7429023846675, 30.26404095855193], [-97.74288741558011, 30.26400116852092], [-97.74284822600056, 30.26397657692934], [-97.7427997850162, 30.26397657692934], [-97.74276059543665, 30.26400116852092], [-97.74274562634926, 30.26404095855193]]]}}, {"type": "Feature", "properties": {"kind": "street", "radius_m": 5.1, "source": "snapshot"}, "geometry": {"type": "Polygon", "coordinates": [[[-97.74233939350015, 30.26394405602432], [-97.74234954575991, 30.26397104222063], [-97.74237612472102, 30.263987720607172], [-97.74240897812375, 30.263987720607172], [-97.74243555708486, 30.26397104222063], [-97.74244570934462, 30.26394405602432], [-97.74243555708486, 30.263917069828015], [-97.74240897812375, 30.26390039144147], [-97.74237612472102, 30.26390039144147], [-97.74234954575991, 30.263917069828015], [-97.74233939350015, 30.26394405602432]]]}}, {"type": "Feature", "properties": {"kind": "street", "radius_m": 7.1, "source": "snapshot"}, "geometry": {"type": "Polygon", "coordinates": [[[-97.74184190763714, 30.26405856610241], [-97.74185596705604, 30.264095938101125], [-97.74189277509262, 30.264119035266557], [-97.74193827232796, 30.264119035266557], [-97.74197508036454, 30.264095938101125], [-97.74198913978344, 30.26405856610241], [-97.74197508036454, 30.264021194103695], [-97.74193827232796, 30.263998096938263], [-97.74189277509262, 30.263998096938263], [-97.74185596705604, 30.264021194103695], [-97.74184190763714, 30.26405856610241]]]}}, {"type": "Feature", "properties": {"kind": "street", "radius_m": 5.0, "source": "snapshot"}, "geometry": {"type": "Polygon", "coordinates": [[[-97.74164255626982, 30.263951854377204], [-97.74165250210945, 30.263978291878505], [-97.74167854065564, 30.26399463115289], [-97.74171072606879, 30.26399463115289], [-97.74173676461498, 30.263978291878505], [-97.7417467104546, 30.263951854377204], [-97.74173676461498, 30.263925416875903], [-97.74171072606879, 30.263909077601518], [-97.74167854065564, 30.263909077601518], [-97.74165250210945, 30.263925416875903], [-97.74164255626982, 30.263951854377204]]]}}, {"type": "Feature", "properties": {"kind": "street", "radius_m": 6.7, "source": "snapshot"}, "geometry": {"type": "Polygon", "coordinates": [[[-97.7413248749801, 30.264062191442974], [-97.74133820264004, 30.264097618318953], [-97.74137309490676, 30.26411951333242], [-97.7414162241203, 30.26411951333242], [-97.74145111638703, 30.264097618318953], [-97.74146444404697, 30.264062191442974], [-97.74145111638703, 30.264026764566996], [-97.7414162241203, 30.264004869553528], [-97.74137309490676, 30.264004869553528], [-97.74133820264004, 30.264026764566996], [-97.7413248749801, 30.264062191442974]]]}}, {"type": "Feature", "properties": {"kind": "street", "radius_m": 5.6, "source": "snapshot"}, "geometry": {"type": "Polygon", "coordinates": [[[-97.74083980148679, 30.264044789781412], [-97.74085094334664, 30.26407440647999], [-97.74088011311444, 30.264092710606345], [-97.74091616893033, 30.264092710606345], [-97.74094533869813, 30.26407440647999], [-97.74095648055798, 30.264044789781412], [-97.74094533869813, 30.264015173082836], [-97.74091616893033, 30.26399686895648], [-97.74088011311444, 30.26399686895648], [-97.74085094334664, 30.264015173082836], [-97.74083980148679, 30.264044789781412]]]}}, {"type": "Feature", "properties": {"kind": "street", "radius_m": 5.4, "source": "snapshot"}, "geometry": {"type": "Polygon", "coordinates": [[[-97.7407762493501, 30.263952367793994], [-97.74078707397109, 30.263981141225123], [-97.74081541319677, 30.263998924183532], [-97.74085044240613, 30.263998924183532], [-97.7408787816318, 30.263981141225123], [-97.7408896062528, 30.263952367793994], [-97.7408787816318, 30.263923594362865], [-97.74085044240613, 30.263905811404456], [-97.74081541319677, 30.263905811404456], [-97.74078707397109, 30.263923594362865], [-97.7407762493501, 30.263952367793994]]]}}, {"type": "Feature", "properties": {"kind": "street", "radius_m": 6.6, "source": "snapshot"}, "geometry": {"type": "Polygon", "coordinates": [[[-97.74046365954466, 30.26406367606406], [-97.74047667884051, 30.26409828326304], [-97.74051076379956, 30.264119671688263], [-97.74055289512597, 30.264119671688263], [-97.74058698008503, 30.26409828326304], [-97.74059999938088, 30.26406367606406], [-97.74058698008503, 30.264029068865078], [-97.74055289512597, 30.264007680439853], [-97.74051076379956, 30.264007680439853], [-97.74047667884051, 30.264029068865078], [-97.74046365954466, 30.26406367606406]]]}}, {"type": "Feature", "properties": {"kind": "street", "radius_m": 7.0, "source": "snapshot"}, "geometry": {"type": "Polygon", "coordinates": [[[-97.74013527179915, 30.2640453796137], [-97.74014927035853, 30.26408258983884], [-97.74018591906277, 30.2641055870227], [-97.74023121935251, 30.2641055870227], [-97.74026786805675, 30.26408258983884], [-97.74028186661613, 30.2640453796137], [-97.74026786805675, 30.264008169388564], [-97.74023121935251, 30.263985172204702], [-97.74018591906277, 30.263985172204702], [-97.74014927035853, 30.264008169388564], [-97.74013527179915, 30.2640453796137]]]}}, {"type": "Feature", "properties": {"kind": "street", "radius_m": 4.7, "source": "snapshot"}, "geometry": {"type": "Polygon", "coordinates": [[[-97.73947108361372, 30.264044922128953], [-97.73948046592027, 30.26406986167662], [-97.7395050291177, 30.264085275164742], [-97.73953539089946, 30.264085275164742], [-97.73955995409689, 30.26406986167662], [-97.73956933640343, 30.264044922128953], [-97.73955995409689, 30.264019982581285], [-97.73953539089946, 30.264004569093164], [-97.7395050291177, 30.264004569093164], [-97.73948046592027, 30.264019982581285], [-97.73947108361372, 30.264044922128953]]]}}, {"type": "Feature", "properties": {"kind": "street", "radius_m": 4.8, "source": "snapshot"}, "geometry": {"type": "Polygon", "coordinates": [[[-97.73888435727578, 30.263948876773604], [-97.73889387486764, 30.263974175929505], [-97.73891879224664, 30.263989811667738], [-97.7389495918209, 30.263989811667738], [-97.73897450919989, 30.263974175929505], [-97.73898402679175, 30.263948876773604], [-97.73897450919989, 30.263923577617703], [-97.7389495918209, 30.26390794187947], [-97.73891879224664, 30.26390794187947], [-97.73889387486764, 30.263923577617703], [-97.73888435727578, 30.263948876773604]]]}}, {"type": "Feature", "properties": {"kind": "street", "radius_m": 7.6, "source": "snapshot"}, "geometry": {"type": "Polygon", "coordinates": [[[-97.73867261097809, 30.26395539145629], [-97.73868770592287, 30.26399551603472], [-97.73872722500136, 30.26402031438797], [-97.73877607326878, 30.26402031438797], [-97.73881559234727, 30.26399551603472], [-97.73883068729205, 30.26395539145629], [-97.73881559234727, 30.26391526687786], [-97.73877607326878, 30.263890468524608], [-97.73872722500136, 30.263890468524608], [-97.73868770592287, 30.26391526687786], [-97.73867261097809, 30.26395539145629]]]}}, {"type": "Feature", "properties": {"kind": "street", "radius_m": 6.7, "source": "snapshot"}, "geometry": {"type": "Polygon", "coordinates": [[[-97.73840086633616, 30.264047091174614], [-97.73841416067519, 30.264082429478698], [-97.73844896570661, 30.26410426975173], [-97.7384919870914, 30.26410426975173], [-97.73852679212281, 30.264082429478698], [-97.73854008646184, 30.264047091174614], [-97.73852679212281, 30.26401175287053], [-97.7384919870914, 30.2639899125975], [-97.73844896570661, 30.2639899125975], [-97.73841416067519, 30.26401175287053], [-97.73840086633616, 30.264047091174614]]]}}, {"type": "Feature", "properties": {"kind": "street", "radius_m": 6.8, "source": "snapshot"}, "geometry": {"type": "Polygon", "coordinates": [[[-97.73820607230795, 30.26406302149961], [-97.73821962436156, 30.264099044846905], [-97.73825510409856, 30.264121308499924], [-97.73829895946528, 30.264121308499924], [-97.73833443920228, 30.264099044846905], [-97.73834799125589, 30.26406302149961], [-97.73833443920228, 30.264026998152314], [-97.73829895946528, 30.264004734499295], [-97.73825510409856, 30.264004734499295], [-97.73821962436156, 30.264026998152314], [-97.73820607230795, 30.26406302149961]]]}}, {"type": "Feature", "properties": {"kind": "street", "radius_m": 6.4, "source": "snapshot"}, "geometry": {"type": "Polygon", "coordinates": [[[-97.73799517833734, 30.26394674394339], [-97.73800787548961, 30.263980494837455], [-97.73804111706582, 30.264001354037134], [-97.73808220591368, 30.264001354037134], [-97.73811544748989, 30.263980494837455], [-97.73812814464216, 30.26394674394339], [-97.73811544748989, 30.263912993049324], [-97.73808220591368, 30.263892133849644], [-97.73804111706582, 30.263892133849644], [-97.73800787548961, 30.263912993049324], [-97.73799517833734, 30.26394674394339]]]}}, {"type": "Feature", "properties": {"kind": "street", "radius_m": 6.9, "source": "snapshot"}, "geometry": {"type": "Polygon", "coordinates": [[[-97.73781348466918, 30.26394758772191], [-97.73782727361697, 30.263984240768718], [-97.737863373551, 30.264006893597436], [-97.73790799552341, 30.264006893597436], [-97.73794409545744, 30.263984240768718], [-97.73795788440523, 30.26394758772191], [-97.73794409545744, 30.2639109346751], [-97.73790799552341, 30.26388828184638], [-97.737863373551, 30.26388828184638], [-97.73782727361697, 30.2639109346751], [-97.73781348466918, 30.26394758772191]]]}}, {"type": "Feature", "properties": {"kind": "street", "radius_m": 6.7, "source": "snapshot"}, "geometry": {"type": "Polygon", "coordinates": [[[-97.73764549924698, 30.26394347150021], [-97.7376588587331, 30.263978982974855], [-97.73769383432185, 30.264000930273177], [-97.7377370665271, 30.264000930273177], [-97.73777204211585, 30.263978982974855], [-97.73778540160197, 30.26394347150021], [-97.73777204211585, 30.263907960025563], [-97.7377370665271, 30.26388601272724], [-97.73769383432185, 30.26388601272724], [-97.7376588587331, 30.263907960025563], [-97.73764549924698, 30.26394347150021]]]}}, {"type": "Feature", "properties": {"kind": "street", "radius_m": 7.3, "source": "snapshot"}, "geometry": {"type": "Polygon", "coordinates": [[[-97.736931538653, 30.263950220042215], [-97.7369460720975, 30.26398885207048], [-97.73698412114915, 30.264012727977], [-97.73703115236346, 30.264012727977], [-97.73706920141511, 30.26398885207048], [-97.73708373485961, 30.263950220042215], [-97.73706920141511, 30.26391158801395], [-97.73703115236346, 30.26388771210743], [-97.73698412114915, 30.26388771210743], [-97.7369460720975, 30.26391158801395], [-97.736931538653, 30.263950220042215]]]}}, {"type": "Feature", "properties": {"kind": "street", "radius_m": 5.6, "source": "snapshot"}, "geometry": {"type": "Polygon", "coordinates": [[[-97.73665892722472, 30.264050281620246], [-97.73666997658067, 30.26407965242985], [-97.73669890417008, 30.26409780458846], [-97.73673466063701, 30.26409780458846], [-97.73676358822642, 30.26407965242985], [-97.73677463758237, 30.264050281620246], [-97.73676358822642, 30.264020910810643], [-97.73673466063701, 30.264002758652033], [-97.73669890417008, 30.264002758652033], [-97.73666997658067, 30.264020910810643], [-97.73665892722472, 30.264050281620246]]]}}, {"type": "Feature", "properties": {"kind": "street", "radius_m": 5.7, "source": "snapshot"}, "geometry": {"type": "Polygon", "coordinates": [[[-97.73641292358319, 30.26393760205383], [-97.73642425320418, 30.263967717849063], [-97.73645391453701, 30.263986330434115], [-97.7364905779607, 30.263986330434115], [-97.73652023929353, 30.263967717849063], [-97.73653156891451, 30.26393760205383], [-97.73652023929353, 30.263907486258596], [-97.7364905779607, 30.263888873673544], [-97.73645391453701, 30.263888873673544], [-97.73642425320418, 30.263907486258596], [-97.73641292358319, 30.26393760205383]]]}}, {"type": "Feature", "properties": {"kind": "street", "radius_m": 6.2, "source": "snapshot"}, "geometry": {"type": "Polygon", "coordinates": [[[-97.7360114049268, 30.26393472632782], [-97.73602366048303, 30.263967303394782], [-97.73605574594578, 30.263987437129423], [-97.73609540575882, 30.263987437129423], [-97.73612749122157, 30.263967303394782], [-97.7361397467778, 30.26393472632782], [-97.73612749122157, 30.263902149260854], [-97.73609540575882, 30.263882015526214], [-97.73605574594578, 30.263882015526214], [-97.73602366048303, 30.263902149260854], [-97.7360114049268, 30.26393472632782]]]}}, {"type": "Feature", "properties": {"kind": "street", "radius_m": 5.3, "source": "snapshot"}, "geometry": {"type": "Polygon", "coordinates": [[[-97.73551787728438, 30.264052023948434], [-97.7355284235821, 30.26408005755542], [-97.73555603414793, 30.264097383277367], [-97.73559016268423, 30.264097383277367], [-97.73561777325007, 30.26408005755542], [-97.73562831954779, 30.264052023948434], [-97.73561777325007, 30.264023990341446], [-97.73559016268423, 30.2640066646195], [-97.73555603414793, 30.2640066646195], [-97.7355284235821, 30.264023990341446], [-97.73551787728438, 30.264052023948434]]]}}, {"type": "Feature", "properties": {"kind": "street", "radius_m": 6.5, "source": "snapshot"}, "geometry": {"type": "Polygon", "coordinates": [[[-97.73534099366721, 30.264050493456967], [-97.73535382966023, 30.264084613410105], [-97.73538743472622, 30.26410570070084], [-97.73542897287217, 30.26410570070084], [-97.73546257793816, 30.264084613410105], [-97.73547541393118, 30.264050493456967], [-97.73546257793816, 30.26401637350383], [-97.73542897287217, 30.263995286213095], [-97.73538743472622, 30.263995286213095], [-97.73535382966023, 30.26401637350383], [-97.73534099366721, 30.264050493456967]]]}}, {"type": "Feature", "properties": {"kind": "street", "radius_m": 5.9, "source": "snapshot"}, "geometry": {"type": "Polygon", "coordinates": [[[-97.73529090727581, 30.26395517599276], [-97.73530255558323, 30.263986138903306], [-97.73533305124799, 30.264005275034414], [-97.73537074596264, 30.264005275034414], [-97.7354012416274, 30.263986138903306], [-97.73541288993482, 30.26395517599276], [-97.7354012416274, 30.263924213082213], [-97.73537074596264, 30.263905076951104], [-97.73533305124799, 30.263905076951104], [-97.73530255558323, 30.263924213082213], [-97.73529090727581, 30.26395517599276]]]}}, {"type": "Feature", "properties": {"kind": "street", "radius_m": 5.3, "source": "snapshot"}, "geometry": {"type": "Polygon", "coordinates": [[[-97.73502279850774, 30.26404751114648], [-97.73503340283308, 30.26407569899944], [-97.73506116531726, 30.264093120050642], [-97.73509548163491, 30.264093120050642], [-97.7351232441191, 30.26407569899944], [-97.73513384844443, 30.26404751114648], [-97.7351232441191, 30.264019323293518], [-97.73509548163491, 30.264001902242317], [-97.73506116531726, 30.264001902242317], [-97.73503340283308, 30.264019323293518], [-97.73502279850774, 30.26404751114648]]]}}, {"type": "Feature", "properties": {"kind": "street", "radius_m": 5.9, "source": "snapshot"}, "geometry": {"type": "Polygon", "coordinates": [[[-97.7341414836732, 30.26393955461124], [-97.73415329314142, 30.263970945910806], [-97.73418421073059, 30.263990346800888], [-97.7342224269725, 30.263990346800888], [-97.73425334456167, 30.263970945910806], [-97.73426515402988, 30.26393955461124], [-97.73425334456167, 30.263908163311676], [-97.7342224269725, 30.263888762421594], [-97.73418421073059, 30.263888762421594], [-97.73415329314142, 30.263908163311676], [-97.7341414836732, 30.26393955461124]]]}}, {"type": "Feature", "properties": {"kind": "street", "radius_m": 6.7, "source": "snapshot"}, "geometry": {"type": "Polygon", "coordinates": [[[-97.73360321549787, 30.263951771596318], [-97.73361644899457, 30.263986948172615], [-97.73365109473876, 30.26400868849237], [-97.73369391923369, 30.26400868849237], [-97.73372856497788, 30.263986948172615], [-97.73374179847458, 30.263951771596318], [-97.73372856497788, 30.26391659502002], [-97.73369391923369, 30.263894854700265], [-97.73365109473876, 30.263894854700265], [-97.73361644899457, 30.26391659502002], [-97.73360321549787, 30.263951771596318]]]}}, {"type": "Feature", "properties": {"kind": "street", "radius_m": 4.6, "source": "snapshot"}, "geometry": {"type": "Polygon", "coordinates": [[[-97.73331958734755, 30.264057206803276], [-97.7333286609885, 30.26408132587249], [-97.7333524160889, 30.26409623227704], [-97.73338177900783, 30.26409623227704], [-97.73340553410823, 30.26408132587249], [-97.73341460774918, 30.264057206803276], [-97.73340553410823, 30.264033087734063], [-97.73338177900783, 30.26401818132951], [-97.7333524160889, 30.26401818132951], [-97.7333286609885, 30.264033087734063], [-97.73331958734755, 30.264057206803276]]]}}, {"type": "Feature", "properties": {"kind": "street", "radius_m": 4.9, "source": "snapshot"}, "geometry": {"type": "Polygon", "coordinates": [[[-97.73313597605751, 30.264054841109047], [-97.73314562589988, 30.264080491806176], [-97.73317088951516, 30.264096344808838], [-97.73320211706103, 30.264096344808838], [-97.73322738067631, 30.264080491806176], [-97.73323703051868, 30.264054841109047], [-97.73322738067631, 30.264029190411918], [-97.73320211706103, 30.264013337409256], [-97.73317088951516, 30.264013337409256], [-97.73314562589988, 30.264029190411918], [-97.73313597605751, 30.264054841109047]]]}}, {"type": "Feature", "properties": {"kind": "street", "radius_m": 5.3, "source": "snapshot"}, "geometry": {"type": "Polygon", "coordinates": [[[-97.73308050770393, 30.263940301941908], [-97.73309106509144, 30.26396836502721], [-97.73311870469077, 30.263985708967756], [-97.73315286911439, 30.263985708967756], [-97.73318050871372, 30.26396836502721], [-97.73319106610123, 30.263940301941908], [-97.73318050871372, 30.263912238856605], [-97.73315286911439, 30.26389489491606], [-97.73311870469077, 30.26389489491606], [-97.73309106509144, 30.263912238856605], [-97.73308050770393, 30.263940301941908]]]}}, {"type": "Feature", "properties": {"kind": "street", "radius_m": 5.6, "source": "snapshot"}, "geometry": {"type": "Polygon", "coordinates": [[[-97.73276298159942, 30.264053725643727], [-97.73277408660076, 30.264083244366933], [-97.73280315987168, 30.264101487941176], [-97.73283909641086, 30.264101487941176], [-97.73286816968178, 30.264083244366933], [-97.73287927468311, 30.264053725643727], [-97.73286816968178, 30.26402420692052], [-97.73283909641086, 30.26400596334628], [-97.73280315987168, 30.26400596334628], [-97.73277408660076, 30.26402420692052], [-97.73276298159942, 30.264053725643727]]]}}, {"type": "Feature", "properties": {"kind": "street", "radius_m": 4.7, "source": "snapshot"}, "geometry": {"type": "Polygon", "coordinates": [[[-97.73184928099957, 30.263936842985107], [-97.73185860939684, 30.26396163923402], [-97.73188303145797, 30.263976964158637], [-97.73191321878566, 30.263976964158637], [-97.7319376408468, 30.26396163923402], [-97.73194696924406, 30.263936842985107], [-97.7319376408468, 30.263912046736195], [-97.73191321878566, 30.263896721811577], [-97.73188303145797, 30.263896721811577], [-97.73185860939684, 30.263912046736195], [-97.73184928099957, 30.263936842985107]]]}}, {"type": "Feature", "properties": {"kind": "street", "radius_m": 7.4, "source": "snapshot"}, "geometry": {"type": "Polygon", "coordinates": [[[-97.73133608708585, 30.26405309414597], [-97.73135087659772, 30.26409240683888], [-97.73138959604245, 30.264116703419287], [-97.73143745590818, 30.264116703419287], [-97.73147617535291, 30.26409240683888], [-97.73149096486478, 30.26405309414597], [-97.73147617535291, 30.264013781453063], [-97.73143745590818, 30.263989484872656], [-97.73138959604245, 30.263989484872656], [-97.73135087659772, 30.264013781453063], [-97.73133608708585, 30.26405309414597]]]}}, {"type": "Feature", "properties": {"kind": "street", "radius_m": 7.2, "source": "snapshot"}, "geometry": {"type": "Polygon", "coordinates": [[[-97.73080434835141, 30.264061125018078], [-97.73081864901273, 30.264099138274496], [-97.73085608863012, 30.264122631758987], [-97.73090236654225, 30.264122631758987], [-97.73093980615964, 30.264099138274496], [-97.73095410682096, 30.264061125018078], [-97.73093980615964, 30.26402311176166], [-97.73090236654225, 30.26399961827717], [-97.73085608863012, 30.26399961827717], [-97.73081864901273, 30.26402311176166], [-97.73080434835141, 30.264061125018078]]]}}, {"type": "Feature", "properties": {"kind": "street", "radius_m": 6.1, "source": "snapshot"}, "geometry": {"type": "Polygon", "coordinates": [[[-97.7306416000898, 30.26406030234493], [-97.73065374279167, 30.264092579428507], [-97.73068553279793, 30.264112527763213], [-97.73072482740668, 30.264112527763213], [-97.73075661741294, 30.264092579428507], [-97.73076876011481, 30.26406030234493], [-97.73075661741294, 30.264028025261354], [-97.73072482740668, 30.264008076926647], [-97.73068553279793, 30.264008076926647], [-97.73065374279167, 30.264028025261354], [-97.7306416000898, 30.26406030234493]]]}}, {"type": "Feature", "properties": {"kind": "street", "radius_m": 4.6, "source": "snapshot"}, "geometry": {"type": "Polygon", "coordinates": [[[-97.75392854476104, 30.263950869658952], [-97.75393777685072, 30.263975409908163], [-97.7539619467753, 30.263990576616266], [-97.75399182244512, 30.263990576616266], [-97.7540159923697, 30.263975409908163], [-97.75402522445938, 30.263950869658952], [-97.7540159923697, 30.263926329409742], [-97.75399182244512, 30.26391116270164], [-97.7539619467753, 30.26391116270164], [-97.75393777685072, 30.263926329409742], [-97.75392854476104, 30.263950869658952]]]}}, {"type": "Feature", "properties": {"kind": "street", "radius_m": 7.6, "source": "snapshot"}, "geometry": {"type": "Polygon", "coordinates": [[[-97.75323415954482, 30.264057631692744], [-97.75324926872992, 30.264097794124005], [-97.75328882509001, 30.264122615871596], [-97.75333771944005, 30.264122615871596], [-97.75337727580015, 30.264097794124005], [-97.75339238498525, 30.264057631692744], [-97.75337727580015, 30.264017469261482], [-97.75333771944005, 30.26399264751389], [-97.75328882509001, 30.26399264751389], [-97.75324926872992, 30.264017469261482], [-97.75323415954482, 30.264057631692744]]]}}, {"type": "Feature", "properties": {"kind": "street", "radius_m": 5.6, "source": "snapshot"}, "geometry": {"type": "Polygon", "coordinates": [[[-97.7301917103427, 30.263956532650216], [-97.73020290528581, 30.263986290451896], [-97.7302322140274, 30.264004681784765], [-97.73026844162432, 30.264004681784765], [-97.7302977503659, 30.263986290451896], [-97.73030894530902, 30.263956532650216], [-97.7302977503659, 30.263926774848535], [-97.73026844162432, 30.263908383515666], [-97.7302322140274, 30.263908383515666], [-97.73020290528581, 30.263926774848535], [-97.7301917103427, 30.263956532650216]]]}}, {"type": "Feature", "properties": {"kind": "street", "radius_m": 7.3, "source": "snapshot"}, "geometry": {"type": "Polygon", "coordinates": [[[-97.75289404924568, 30.26484786471552], [-97.75290847448316, 30.264886209113662], [-97.75294624024518, 30.264909907254992], [-97.75299292129425, 30.264909907254992], [-97.75303068705627, 30.264886209113662], [-97.75304511229375, 30.26484786471552], [-97.75303068705627, 30.264809520317378], [-97.75299292129425, 30.264785822176048], [-97.75294624024518, 30.264785822176048], [-97.75290847448316, 30.264809520317378], [-97.75289404924568, 30.26484786471552]]]}}, {"type": "Feature", "properties": {"kind": "street", "radius_m": 6.2, "source": "snapshot"}, "geometry": {"type": "Polygon", "coordinates": [[[-97.75283400892397, 30.264758444303748], [-97.75284625199096, 30.26479098817251], [-97.75287830475648, 30.264811101389533], [-97.75291792415354, 30.264811101389533], [-97.75294997691906, 30.26479098817251], [-97.75296221998605, 30.264758444303748], [-97.75294997691906, 30.264725900434986], [-97.75291792415354, 30.264705787217963], [-97.75287830475648, 30.264705787217963], [-97.75284625199096, 30.264725900434986], [-97.75283400892397, 30.264758444303748]]]}}, {"type": "Feature", "properties": {"kind": "street", "radius_m": 4.8, "source": "snapshot"}, "geometry": {"type": "Polygon", "coordinates": [[[-97.75240027237686, 30.264842835426773], [-97.7524098466332, 30.264868285205168], [-97.75243491236172, 30.264884014033225], [-97.75246589530609, 30.264884014033225], [-97.75249096103461, 30.264868285205168], [-97.75250053529095, 30.264842835426773], [-97.75249096103461, 30.264817385648378], [-97.75246589530609, 30.26480165682032], [-97.75243491236172, 30.26480165682032], [-97.7524098466332, 30.264817385648378], [-97.75240027237686, 30.264842835426773]]]}}, {"type": "Feature", "properties": {"kind": "street", "radius_m": 7.3, "source": "snapshot"}, "geometry": {"type": "Polygon", "coordinates": [[[-97.7516163005949, 30.264742205132144], [-97.75163074197907, 30.264780592450567], [-97.75166855001368, 30.264804317118088], [-97.75171528331455, 30.264804317118088], [-97.75175309134916, 30.264780592450567], [-97.75176753273333, 30.264742205132144], [-97.75175309134916, 30.26470381781372], [-97.75171528331455, 30.2646800931462], [-97.75166855001368, 30.2646800931462], [-97.75163074197907, 30.26470381781372], [-97.7516163005949, 30.264742205132144]]]}}, {"type": "Feature", "properties": {"kind": "street", "radius_m": 7.3, "source": "snapshot"}, "geometry": {"type": "Polygon", "coordinates": [[[-97.75142855389836, 30.264753305570494], [-97.75144297508987, 30.264791639213833], [-97.75148073025937, 30.264815330708327], [-97.75152739821539, 30.264815330708327], [-97.75156515338489, 30.264791639213833], [-97.7515795745764, 30.264753305570494], [-97.75156515338489, 30.264714971927155], [-97.75152739821539, 30.26469128043266], [-97.75148073025937, 30.26469128043266], [-97.75144297508987, 30.264714971927155], [-97.75142855389836, 30.264753305570494]]]}}, {"type": "Feature", "properties": {"kind": "street", "radius_m": 5.8, "source": "snapshot"}, "geometry": {"type": "Polygon", "coordinates": [[[-97.75091798259884, 30.26475437571059], [-97.750929411518, 30.26478475545493], [-97.75095933281682, 30.264803531169502], [-97.75099631757612, 30.264803531169502], [-97.75102623887494, 30.26478475545493], [-97.75103766779411, 30.26475437571059], [-97.75102623887494, 30.264723995966254], [-97.75099631757612, 30.26470522025168], [-97.75095933281682, 30.26470522025168], [-97.750929411518, 30.264723995966254], [-97.75091798259884, 30.26475437571059]]]}}, {"type": "Feature", "properties": {"kind": "street", "radius_m": 6.0, "source": "snapshot"}, "geometry": {"type": "Polygon", "coordinates": [[[-97.75061242452671, 30.264864642374533], [-97.75062440499697, 30.264896488222643], [-97.75065577027532, 30.264916170039175], [-97.75069453989148, 30.264916170039175], [-97.75072590516983, 30.264896488222643], [-97.75073788564009, 30.264864642374533], [-97.75072590516983, 30.264832796526424], [-97.75069453989148, 30.26481311470989], [-97.75065577027532, 30.26481311470989], [-97.75062440499697, 30.264832796526424], [-97.75061242452671, 30.264864642374533]]]}}, {"type": "Feature", "properties": {"kind": "street", "radius_m": 5.2, "source": "snapshot"}, "geometry": {"type": "Polygon", "coordinates": [[[-97.75045284838855, 30.264859208707556], [-97.75046308468815, 30.26488641829408], [-97.75048988366841, 30.264903234743368], [-97.75052300902975, 30.264903234743368], [-97.75054980801, 30.26488641829408], [-97.75056004430961, 30.264859208707556], [-97.75054980801, 30.264831999121032], [-97.75052300902975, 30.264815182671743], [-97.75048988366841, 30.264815182671743], [-97.75046308468815, 30.264831999121032], [-97.75045284838855, 30.264859208707556]]]}}, {"type": "Feature", "properties": {"kind": "street", "radius_m": 7.4, "source": "snapshot"}, "geometry": {"type": "Polygon", "coordinates": [[[-97.75006994158966, 30.264860161760964], [-97.75008466025872, 30.264899286143304], [-97.75012319423458, 30.26492346634138], [-97.75017082484818, 30.26492346634138], [-97.75020935882404, 30.264899286143304], [-97.7502240774931, 30.264860161760964], [-97.75020935882404, 30.264821037378624], [-97.75017082484818, 30.26479685718055], [-97.75012319423458, 30.26479685718055], [-97.75008466025872, 30.264821037378624], [-97.75006994158966, 30.264860161760964]]]}}, {"type": "Feature", "properties": {"kind": "street", "radius_m": 5.4, "source": "snapshot"}, "geometry": {"type": "Polygon", "coordinates": [[[-97.74955863438909, 30.264844601836458], [-97.74956940409426, 30.264873229293276], [-97.74959759954845, 30.2648909220346], [-97.7496324510465, 30.2648909220346], [-97.74966064650069, 30.264873229293276], [-97.74967141620586, 30.264844601836458], [-97.74966064650069, 30.26481597437964], [-97.7496324510465, 30.264798281638317], [-97.74959759954845, 30.264798281638317], [-97.74956940409426, 30.26481597437964], [-97.74955863438909, 30.264844601836458]]]}}, {"type": "Feature", "properties": {"kind": "street", "radius_m": 5.8, "source": "snapshot"}, "geometry": {"type": "Polygon", "coordinates": [[[-97.74946955738581, 30.26475955659822], [-97.74948113144372, 30.26479032214265], [-97.74951143272071, 30.264809336294793], [-97.74954888715888, 30.264809336294793], [-97.74957918843587, 30.26479032214265], [-97.74959076249378, 30.26475955659822], [-97.74957918843587, 30.26472879105379], [-97.74954888715888, 30.26470977690165], [-97.74951143272071, 30.26470977690165], [-97.74948113144372, 30.26472879105379], [-97.74946955738581, 30.26475955659822]]]}}, {"type": "Feature", "properties": {"kind": "street", "radius_m": 7.2, "source": "snapshot"}, "geometry": {"type": "Polygon", "coordinates": [[[-97.74910566793925, 30.264759071509435], [-97.74912000191112, 30.26479717331023], [-97.7491575287367, 30.264820721518156], [-97.74920391444411, 30.264820721518156], [-97.74924144126969, 30.26479717331023], [-97.74925577524156, 30.264759071509435], [-97.74924144126969, 30.264720969708637], [-97.74920391444411, 30.264697421500713], [-97.7491575287367, 30.264697421500713], [-97.74912000191112, 30.264720969708637], [-97.74910566793925, 30.264759071509435]]]}}, {"type": "Feature", "properties": {"kind": "street", "radius_m": 6.4, "source": "snapshot"}, "geometry": {"type": "Polygon", "coordinates": [[[-97.74896954421534, 30.264740145430398], [-97.74898223005161, 30.264773866244877], [-97.74901544200215, 30.264794706854353], [-97.74905649423069, 30.264794706854353], [-97.74908970618122, 30.264773866244877], [-97.74910239201749, 30.264740145430398], [-97.74908970618122, 30.26470642461592], [-97.74905649423069, 30.264685584006443], [-97.74901544200215, 30.264685584006443], [-97.74898223005161, 30.26470642461592], [-97.74896954421534, 30.264740145430398]]]}}, {"type": "Feature", "properties": {"kind": "street", "radius_m": 6.4, "source": "snapshot"}, "geometry": {"type": "Polygon", "coordinates": [[[-97.74866996407673, 30.26485454733477], [-97.74868273689643, 30.264888499363966], [-97.74871617657253, 30.264909482871996], [-97.74875751028536, 30.264909482871996], [-97.74879094996146, 30.264888499363966], [-97.74880372278116, 30.26485454733477], [-97.74879094996146, 30.264820595305576], [-97.74875751028536, 30.264799611797546], [-97.74871617657253, 30.264799611797546], [-97.74868273689643, 30.264820595305576], [-97.74866996407673, 30.26485454733477]]]}}, {"type": "Feature", "properties": {"kind": "street", "radius_m": 6.3, "source": "snapshot"}, "geometry": {"type": "Polygon", "coordinates": [[[-97.74833401421435, 30.264857695937742], [-97.74834659050877, 30.264891125573914], [-97.74837951567504, 30.264911786225298], [-97.7484202134187, 30.264911786225298], [-97.74845313858496, 30.264891125573914], [-97.74846571487939, 30.264857695937742], [-97.74845313858496, 30.26482426630157], [-97.7484202134187, 30.264803605650187], [-97.74837951567504, 30.264803605650187], [-97.74834659050877, 30.26482426630157], [-97.74833401421435, 30.264857695937742]]]}}, {"type": "Feature", "properties": {"kind": "street", "radius_m": 7.6, "source": "snapshot"}, "geometry": {"type": "Polygon", "coordinates": [[[-97.74814853341353, 30.264862931908677], [-97.74816354507874, 30.2649028351178], [-97.7482028461285, 30.2649274966573], [-97.74825142489759, 30.2649274966573], [-97.74829072594736, 30.2649028351178], [-97.74830573761257, 30.264862931908677], [-97.74829072594736, 30.264823028699553], [-97.74825142489759, 30.264798367160054], [-97.7482028461285, 30.264798367160054], [-97.74816354507874, 30.264823028699553], [-97.74814853341353, 30.264862931908677]]]}}, {"type": "Feature", "properties": {"kind": "street", "radius_m": 6.5, "source": "snapshot"}, "geometry": {"type": "Polygon", "coordinates": [[[-97.74800379346259, 30.264853504409466], [-97.74801670216253, 30.264887817628313], [-97.74805049757776, 30.264909024363824], [-97.74809227100832, 30.264909024363824], [-97.74812606642355, 30.264887817628313], [-97.7481389751235, 30.264853504409466], [-97.74812606642355, 30.264819191190618], [-97.74809227100832, 30.264797984455107], [-97.74805049757776, 30.264797984455107], [-97.74801670216253, 30.264819191190618], [-97.74800379346259, 30.264853504409466]]]}}, {"type": "Feature", "properties": {"kind": "street", "radius_m": 4.7, "source": "snapshot"}, "geometry": {"type": "Polygon", "coordinates": [[[-97.7471421845506, 30.26474970299982], [-97.74715161609097, 30.264774773418225], [-97.74717630818424, 30.26479026778891], [-97.74720682929001, 30.26479026778891], [-97.74723152138327, 30.264774773418225], [-97.74724095292365, 30.26474970299982], [-97.74723152138327, 30.264724632581412], [-97.74720682929001, 30.264709138210726], [-97.74717630818424, 30.264709138210726], [-97.74715161609097, 30.264724632581412], [-97.7471421845506, 30.26474970299982]]]}}, {"type": "Feature", "properties": {"kind": "street", "radius_m": 4.8, "source": "snapshot"}, "geometry": {"type": "Polygon", "coordinates": [[[-97.74664099395292, 30.264746332945524], [-97.74665048864082, 30.264771571219324], [-97.74667534605646, 30.26478716933035], [-97.74670607151194, 30.26478716933035], [-97.74673092892758, 30.264771571219324], [-97.74674042361548, 30.264746332945524], [-97.74673092892758, 30.264721094671724], [-97.74670607151194, 30.264705496560698], [-97.74667534605646, 30.264705496560698], [-97.74665048864082, 30.264721094671724], [-97.74664099395292, 30.264746332945524]]]}}, {"type": "Feature", "properties": {"kind": "street", "radius_m": 6.0, "source": "snapshot"}, "geometry": {"type": "Polygon", "coordinates": [[[-97.74628798401072, 30.26474453773205], [-97.74629981467906, 30.264775985384663], [-97.74633078777089, 30.264795421102846], [-97.74636907261785, 30.264795421102846], [-97.74640004570968, 30.264775985384663], [-97.74641187637802, 30.26474453773205], [-97.74640004570968, 30.264713090079436], [-97.74636907261785, 30.264693654361253], [-97.74633078777089, 30.264693654361253], [-97.74629981467906, 30.264713090079436], [-97.74628798401072, 30.26474453773205]]]}}, {"type": "Feature", "properties": {"kind": "street", "radius_m": 5.4, "source": "snapshot"}, "geometry": {"type": "Polygon", "coordinates": [[[-97.74612671426017, 30.26474048417755], [-97.7461375011125, 30.26476915721402], [-97.74616574145851, 30.264786878125115], [-97.7462006484459, 30.264786878125115], [-97.74622888879192, 30.26476915721402], [-97.74623967564425, 30.26474048417755], [-97.74622888879192, 30.264711811141083], [-97.7462006484459, 30.264694090229987], [-97.74616574145851, 30.264694090229987], [-97.7461375011125, 30.264711811141083], [-97.74612671426017, 30.26474048417755]]]}}, {"type": "Feature", "properties": {"kind": "street", "radius_m": 7.8, "source": "snapshot"}, "geometry": {"type": "Polygon", "coordinates": [[[-97.7458126659344, 30.264842320916177], [-97.74582817198947, 30.264883538286114], [-97.74586876736869, 30.26490901202166], [-97.745918946017, 30.26490901202166], [-97.74595954139622, 30.264883538286114], [-97.7459750474513, 30.264842320916177], [-97.74595954139622, 30.26480110354624], [-97.745918946017, 30.264775629810693], [-97.74586876736869, 30.264775629810693], [-97.74582817198947, 30.26480110354624], [-97.7458126659344, 30.264842320916177]]]}}, {"type": "Feature", "properties": {"kind": "street", "radius_m": 5.2, "source": "snapshot"}, "geometry": {"type": "Polygon", "coordinates": [[[-97.74543573039863, 30.264740033095595], [-97.74544598639912, 30.264767295049996], [-97.745472836957, 30.264784143864414], [-97.7455060260718, 30.264784143864414], [-97.74553287662968, 30.264767295049996], [-97.74554313263017, 30.264740033095595], [-97.74553287662968, 30.264712771141195], [-97.7455060260718, 30.264695922326776], [-97.745472836957, 30.264695922326776], [-97.74544598639912, 30.264712771141195], [-97.74543573039863, 30.264740033095595]]]}}, {"type": "Feature", "properties": {"kind": "street", "radius_m": 7.1, "source": "snapshot"}, "geometry": {"type": "Polygon", "coordinates": [[[-97.74491960674796, 30.264857276097384], [-97.74493375424117, 30.264894882210545], [-97.74497079285929, 30.26491812406666], [-97.74501657510909, 30.26491812406666], [-97.74505361372721, 30.264894882210545], [-97.74506776122043, 30.264857276097384], [-97.74505361372721, 30.264819669984224], [-97.74501657510909, 30.264796428128108], [-97.74497079285929, 30.264796428128108], [-97.74493375424117, 30.264819669984224], [-97.74491960674796, 30.264857276097384]]]}}, {"type": "Feature", "properties": {"kind": "street", "radius_m": 5.8, "source": "snapshot"}, "geometry": {"type": "Polygon", "coordinates": [[[-97.74487026131332, 30.264756732460064], [-97.74488168881328, 30.264787108431957], [-97.74491160639658, 30.264805881815025], [-97.74494858656325, 30.264805881815025], [-97.74497850414656, 30.264787108431957], [-97.74498993164651, 30.264756732460064], [-97.74497850414656, 30.264726356488172], [-97.74494858656325, 30.264707583105103], [-97.74491160639658, 30.264707583105103], [-97.74488168881328, 30.264726356488172], [-97.74487026131332, 30.264756732460064]]]}}, {"type": "Feature", "properties": {"kind": "street", "radius_m": 5.7, "source": "snapshot"}, "geometry": {"type": "Polygon", "coordinates": [[[-97.74386847628097, 30.264845285569674], [-97.74387976160095, 30.264875283606347], [-97.74390930695226, 30.264893823412606], [-97.74394582701491, 30.264893823412606], [-97.74397537236622, 30.264875283606347], [-97.74398665768621, 30.264845285569674], [-97.74397537236622, 30.264815287533], [-97.74394582701491, 30.26479674772674], [-97.74390930695226, 30.26479674772674], [-97.74387976160095, 30.264815287533], [-97.74386847628097, 30.264845285569674]]]}}, {"type": "Feature", "properties": {"kind": "street", "radius_m": 5.7, "source": "snapshot"}, "geometry": {"type": "Polygon", "coordinates": [[[-97.74347669780325, 30.264867331123934], [-97.74348808609662, 30.26489760287896], [-97.74351790103573, 30.264916311852463], [-97.74355475432723, 30.264916311852463], [-97.74358456926635, 30.26489760287896], [-97.74359595755972, 30.264867331123934], [-97.74358456926635, 30.264837059368908], [-97.74355475432723, 30.264818350395405], [-97.74351790103573, 30.264818350395405], [-97.74348808609662, 30.264837059368908], [-97.74347669780325, 30.264867331123934]]]}}, {"type": "Feature", "properties": {"kind": "street", "radius_m": 5.8, "source": "snapshot"}, "geometry": {"type": "Polygon", "coordinates": [[[-97.74329049496247, 30.2648671432714], [-97.74330201810062, 30.264897773463648], [-97.74333218606797, 30.26491670396354], [-97.74336947572634, 30.26491670396354], [-97.74339964369369, 30.264897773463648], [-97.74341116683185, 30.2648671432714], [-97.74339964369369, 30.26483651307915], [-97.74336947572634, 30.26481758257926], [-97.74333218606797, 30.26481758257926], [-97.74330201810062, 30.26483651307915], [-97.74329049496247, 30.2648671432714]]]}}, {"type": "Feature", "properties": {"kind": "street", "radius_m": 6.5, "source": "snapshot"}, "geometry": {"type": "Polygon", "coordinates": [[[-97.74305929165203, 30.264740014345573], [-97.74307214565414, 30.264774182169546], [-97.74310579786858, 30.26479529904608], [-97.74314739429322, 30.26479529904608], [-97.74318104650766, 30.264774182169546], [-97.74319390050977, 30.264740014345573], [-97.74318104650766, 30.2647058465216], [-97.74314739429322, 30.264684729645065], [-97.74310579786858, 30.264684729645065], [-97.74307214565414, 30.2647058465216], [-97.74305929165203, 30.264740014345573]]]}}, {"type": "Feature", "properties": {"kind": "street", "radius_m": 5.4, "source": "snapshot"}, "geometry": {"type": "Polygon", "coordinates": [[[-97.74288607112067, 30.264738940669613], [-97.74289677644565, 30.264767396994454], [-97.74292480335033, 30.2647849839704], [-97.74295944650972, 30.2647849839704], [-97.7429874734144, 30.264767396994454], [-97.74299817873938, 30.264738940669613], [-97.7429874734144, 30.26471048434477], [-97.74295944650972, 30.264692897368825], [-97.74292480335033, 30.264692897368825], [-97.74289677644565, 30.26471048434477], [-97.74288607112067, 30.264738940669613]]]}}, {"type": "Feature", "properties": {"kind": "street", "radius_m": 7.9, "source": "snapshot"}, "geometry": {"type": "Polygon", "coordinates": [[[-97.7423043853157, 30.264748874670456], [-97.742320158016, 30.264790800822507], [-97.74236145148146, 30.26481671260949], [-97.74241249301181, 30.26481671260949], [-97.74245378647727, 30.264790800822507], [-97.74246955917756, 30.264748874670456], [-97.74245378647727, 30.264706948518405], [-97.74241249301181, 30.26468103673142], [-97.74236145148146, 30.26468103673142], [-97.742320158016, 30.264706948518405], [-97.7423043853157, 30.264748874670456]]]}}, {"type": "Feature", "properties": {"kind": "street", "radius_m": 7.5, "source": "snapshot"}, "geometry": {"type": "Polygon", "coordinates": [[[-97.7415047583648, 30.264848517803497], [-97.74151964646956, 30.264888092570807], [-97.74155862403386, 30.2649125511221], [-97.74160680295292, 30.2649125511221], [-97.74164578051722, 30.264888092570807], [-97.74166066862198, 30.264848517803497], [-97.74164578051722, 30.264808943036186], [-97.74160680295292, 30.264784484484892], [-97.74155862403386, 30.264784484484892], [-97.74151964646956, 30.264808943036186], [-97.7415047583648, 30.264848517803497]]]}}, {"type": "Feature", "properties": {"kind": "street", "radius_m": 5.5, "source": "snapshot"}, "geometry": {"type": "Polygon", "coordinates": [[[-97.74148226773438, 30.264737425262602], [-97.74149312509446, 30.264766285719023], [-97.74152155003218, 30.26478412246202], [-97.74155668518743, 30.26478412246202], [-97.74158511012514, 30.264766285719023], [-97.74159596748522, 30.264737425262602], [-97.74158511012514, 30.26470856480618], [-97.74155668518743, 30.264690728063183], [-97.74152155003218, 30.264690728063183], [-97.74149312509446, 30.26470856480618], [-97.74148226773438, 30.264737425262602]]]}}, {"type": "Feature", "properties": {"kind": "street", "radius_m": 5.0, "source": "snapshot"}, "geometry": {"type": "Polygon", "coordinates": [[[-97.74067795350474, 30.26484144097108], [-97.74068785456994, 30.264867759455335], [-97.74071377589512, 30.26488402517314], [-97.7407458164151, 30.26488402517314], [-97.74077173774027, 30.264867759455335], [-97.74078163880547, 30.26484144097108], [-97.74077173774027, 30.264815122486823], [-97.7407458164151, 30.26479885676902], [-97.74071377589512, 30.26479885676902], [-97.74068785456994, 30.264815122486823], [-97.74067795350474, 30.26484144097108]]]}}, {"type": "Feature", "properties": {"kind": "street", "radius_m": 7.3, "source": "snapshot"}, "geometry": {"type": "Polygon", "coordinates": [[[-97.74046425667935, 30.264856112712174], [-97.74047883438607, 30.264894862395945], [-97.74051699931775, 30.26491881101757], [-97.74056417376767, 30.26491881101757], [-97.74060233869935, 30.264894862395945], [-97.74061691640607, 30.264856112712174], [-97.74060233869935, 30.264817363028403], [-97.74056417376767, 30.26479341440678], [-97.74051699931775, 30.26479341440678], [-97.74047883438607, 30.264817363028403], [-97.74046425667935, 30.264856112712174]]]}}, {"type": "Feature", "properties": {"kind": "street", "radius_m": 7.1, "source": "snapshot"}, "geometry": {"type": "Polygon", "coordinates": [[[-97.74041907849531, 30.264748801700097], [-97.74043312220034, 30.264786131929], [-97.74046988909744, 30.264809203279274], [-97.74051533548156, 30.264809203279274], [-97.74055210237866, 30.264786131929], [-97.7405661460837, 30.264748801700097], [-97.74055210237866, 30.264711471471195], [-97.74051533548156, 30.26468840012092], [-97.74046988909744, 30.26468840012092], [-97.74043312220034, 30.264711471471195], [-97.74041907849531, 30.264748801700097]]]}}, {"type": "Feature", "properties": {"kind": "street", "radius_m": 6.5, "source": "snapshot"}, "geometry": {"type": "Polygon", "coordinates": [[[-97.73992145423277, 30.264737323789678], [-97.73993439922619, 30.264771733481876], [-97.73996828965893, 30.264792999841198], [-97.7400101805376, 30.264792999841198], [-97.74004407097034, 30.264771733481876], [-97.74005701596376, 30.264737323789678], [-97.74004407097034, 30.26470291409748], [-97.7400101805376, 30.264681647738158], [-97.73996828965893, 30.264681647738158], [-97.73993439922619, 30.26470291409748], [-97.73992145423277, 30.264737323789678]]]}}, {"type": "Feature", "properties": {"kind": "street", "radius_m": 4.8, "source": "snapshot"}, "geometry": {"type": "Polygon", "coordinates": [[[-97.73924494581765, 30.264739881709612], [-97.73925443022011, 30.264765092643238], [-97.73927926070816, 30.264780673857107], [-97.73930995287928, 30.264780673857107], [-97.73933478336733, 30.264765092643238], [-97.7393442677698, 30.264739881709612], [-97.73933478336733, 30.264714670775987], [-97.73930995287928, 30.264699089562118], [-97.73927926070816, 30.264699089562118], [-97.73925443022011, 30.264714670775987], [-97.73924494581765, 30.264739881709612]]]}}, {"type": "Feature", "properties": {"kind": "street", "radius_m": 7.4, "source": "snapshot"}, "geometry": {"type": "Polygon", "coordinates": [[[-97.73890259085802, 30.264861199285942], [-97.73891721074816, 30.26490006109942], [-97.73895548611745, 30.264924079021014], [-97.73900279707576, 30.264924079021014], [-97.73904107244505, 30.26490006109942], [-97.73905569233519, 30.264861199285942], [-97.73904107244505, 30.264822337472463], [-97.73900279707576, 30.26479831955087], [-97.73895548611745, 30.26479831955087], [-97.73891721074816, 30.264822337472463], [-97.73890259085802, 30.264861199285942]]]}}, {"type": "Feature", "properties": {"kind": "street", "radius_m": 5.3, "source": "snapshot"}, "geometry": {"type": "Polygon", "coordinates": [[[-97.73889382547452, 30.264736188525955], [-97.73890434050227, 30.264764139012822], [-97.73893186920232, 30.26478141336371], [-97.73896589654693, 30.26478141336371], [-97.73899342524697, 30.264764139012822], [-97.73900394027473, 30.264736188525955], [-97.73899342524697, 30.264708238039088], [-97.73896589654693, 30.2646909636882], [-97.73893186920232, 30.2646909636882], [-97.73890434050227, 30.264708238039088], [-97.73889382547452, 30.264736188525955]]]}}, {"type": "Feature", "properties": {"kind": "street", "radius_m": 5.6, "source": "snapshot"}, "geometry": {"type": "Polygon", "coordinates": [[[-97.7382210390005, 30.264861374917846], [-97.73823209677217, 30.264890768097665], [-97.73826104639421, 30.26490893408183], [-97.738296830095, 30.26490893408183], [-97.73832577971704, 30.264890768097665], [-97.7383368374887, 30.264861374917846], [-97.73832577971704, 30.264831981738027], [-97.738296830095, 30.26481381575386], [-97.73826104639421, 30.26481381575386], [-97.73823209677217, 30.264831981738027], [-97.7382210390005, 30.264861374917846]]]}}, {"type": "Feature", "properties": {"kind": "street", "radius_m": 6.3, "source": "snapshot"}, "geometry": {"type": "Polygon", "coordinates": [[[-97.73804625536988, 30.264854974750165], [-97.7380586870619, 30.264888020011895], [-97.73809123365412, 30.264908443106815], [-97.73813146345454, 30.264908443106815], [-97.73816401004676, 30.264888020011895], [-97.73817644173877, 30.264854974750165], [-97.73816401004676, 30.264821929488434], [-97.73813146345454, 30.264801506393514], [-97.73809123365412, 30.264801506393514], [-97.7380586870619, 30.264821929488434], [-97.73804625536988, 30.264854974750165]]]}}, {"type": "Feature", "properties": {"kind": "street", "radius_m": 5.9, "source": "snapshot"}, "geometry": {"type": "Polygon", "coordinates": [[[-97.73798727416052, 30.26475821452172], [-97.7379989444336, 30.264789235820174], [-97.73802949760515, 30.264808408036995], [-97.73806726340213, 30.264808408036995], [-97.73809781657368, 30.264789235820174], [-97.73810948684677, 30.26475821452172], [-97.73809781657368, 30.264727193223266], [-97.73806726340213, 30.264708021006445], [-97.73802949760515, 30.264708021006445], [-97.7379989444336, 30.264727193223266], [-97.73798727416052, 30.26475821452172]]]}}, {"type": "Feature", "properties": {"kind": "street", "radius_m": 5.3, "source": "snapshot"}, "geometry": {"type": "Polygon", "coordinates": [[[-97.73783548513624, 30.264743537580184], [-97.7378459679602, 30.264771402464614], [-97.7378734123496, 30.264788623910285], [-97.7379073354805, 30.264788623910285], [-97.7379347798699, 30.264771402464614], [-97.73794526269386, 30.264743537580184], [-97.7379347798699, 30.264715672695754], [-97.7379073354805, 30.264698451250084], [-97.7378734123496, 30.264698451250084], [-97.7378459679602, 30.264715672695754], [-97.73783548513624, 30.264743537580184]]]}}, {"type": "Feature", "properties": {"kind": "street", "radius_m": 4.8, "source": "snapshot"}, "geometry": {"type": "Polygon", "coordinates": [[[-97.73754108285124, 30.264851050729533], [-97.7375505955341, 30.264876336836565], [-97.73757550006114, 30.264891964510152], [-97.73760628374951, 30.264891964510152], [-97.73763118827655, 30.264876336836565], [-97.73764070095942, 30.264851050729533], [-97.73763118827655, 30.2648257646225], [-97.73760628374951, 30.264810136948913], [-97.73757550006114, 30.264810136948913], [-97.7375505955341, 30.2648257646225], [-97.73754108285124, 30.264851050729533]]]}}, {"type": "Feature", "properties": {"kind": "street", "radius_m": 6.3, "source": "snapshot"}, "geometry": {"type": "Polygon", "coordinates": [[[-97.73717566785696, 30.264851181943037], [-97.73718809552705, 30.2648842165139], [-97.73722063158972, 30.264904633001496], [-97.73726084837493, 30.264904633001496], [-97.7372933844376, 30.2648842165139], [-97.73730581210769, 30.264851181943037], [-97.7372933844376, 30.264818147372175], [-97.73726084837493, 30.264797730884577], [-97.73722063158972, 30.264797730884577], [-97.73718809552705, 30.264818147372175], [-97.73717566785696, 30.264851181943037]]]}}, {"type": "Feature", "properties": {"kind": "street", "radius_m": 6.2, "source": "snapshot"}, "geometry": {"type": "Polygon", "coordinates": [[[-97.73693644862344, 30.2647559413197], [-97.73694877922404, 30.26478871786564], [-97.73698106115552, 30.264808974885064], [-97.73702096381729, 30.264808974885064], [-97.73705324574877, 30.26478871786564], [-97.73706557634937, 30.2647559413197], [-97.73705324574877, 30.26472316477376], [-97.73702096381729, 30.264702907754334], [-97.73698106115552, 30.264702907754334], [-97.73694877922404, 30.26472316477376], [-97.73693644862344, 30.2647559413197]]]}}, {"type": "Feature", "properties": {"kind": "street", "radius_m": 5.4, "source": "snapshot"}, "geometry": {"type": "Polygon", "coordinates": [[[-97.73641025666126, 30.26474297529184], [-97.7364209074566, 30.264771286668882], [-97.73644879160082, 30.264788784062162], [-97.73648325829856, 30.264788784062162], [-97.73651114244278, 30.264771286668882], [-97.73652179323813, 30.26474297529184], [-97.73651114244278, 30.264714663914795], [-97.73648325829856, 30.264697166521515], [-97.73644879160082, 30.264697166521515], [-97.7364209074566, 30.264714663914795], [-97.73641025666126, 30.26474297529184]]]}}, {"type": "Feature", "properties": {"kind": "street", "radius_m": 7.7, "source": "snapshot"}, "geometry": {"type": "Polygon", "coordinates": [[[-97.73604851267217, 30.26486135748919], [-97.73606387644365, 30.26490219664844], [-97.73610409931958, 30.26492743663693], [-97.73615381752849, 30.26492743663693], [-97.73619404040441, 30.26490219664844], [-97.7362094041759, 30.26486135748919], [-97.73619404040441, 30.264820518329937], [-97.73615381752849, 30.264795278341445], [-97.73610409931958, 30.264795278341445], [-97.73606387644365, 30.264820518329937], [-97.73604851267217, 30.26486135748919]]]}}, {"type": "Feature", "properties": {"kind": "street", "radius_m": 5.7, "source": "snapshot"}, "geometry": {"type": "Polygon", "coordinates": [[[-97.73587275179895, 30.264858527152896], [-97.73588411216997, 30.26488872468623], [-97.73591385400744, 30.264907387788206], [-97.73595061694033, 30.264907387788206], [-97.7359803587778, 30.26488872468623], [-97.73599171914881, 30.264858527152896], [-97.7359803587778, 30.26482832961956], [-97.73595061694033, 30.264809666517586], [-97.73591385400744, 30.264809666517586], [-97.73588411216997, 30.26482832961956], [-97.73587275179895, 30.264858527152896]]]}}, {"type": "Feature", "properties": {"kind": "street", "radius_m": 5.6, "source": "snapshot"}, "geometry": {"type": "Polygon", "coordinates": [[[-97.73551009804432, 30.264856428597263], [-97.73552115606246, 30.2648858224323], [-97.73555010632985, 30.264903988821416], [-97.73558589082829, 30.264903988821416], [-97.73561484109568, 30.2648858224323], [-97.73562589911383, 30.264856428597263], [-97.73561484109568, 30.264827034762224], [-97.73558589082829, 30.26480886837311], [-97.73555010632985, 30.26480886837311], [-97.73552115606246, 30.264827034762224], [-97.73551009804432, 30.264856428597263]]]}}, {"type": "Feature", "properties": {"kind": "street", "radius_m": 7.4, "source": "snapshot"}, "geometry": {"type": "Polygon", "coordinates": [[[-97.73483872433948, 30.264844353713848], [-97.73485335139212, 30.2648832345663], [-97.73489164551309, 30.264907264254628], [-97.73493897964973, 30.264907264254628], [-97.7349772737707, 30.2648832345663], [-97.73499190082333, 30.264844353713848], [-97.7349772737707, 30.264805472861394], [-97.73493897964973, 30.264781443173067], [-97.73489164551309, 30.264781443173067], [-97.73485335139212, 30.264805472861394], [-97.73483872433948, 30.264844353713848]]]}}, {"type": "Feature", "properties": {"kind": "street", "radius_m": 7.5, "source": "snapshot"}, "geometry": {"type": "Polygon", "coordinates": [[[-97.73461395421054, 30.264749501775324], [-97.73462882176207, 30.26478902190912], [-97.7346677455173, 30.264813446695044], [-97.7347158579247, 30.264813446695044], [-97.73475478167992, 30.26478902190912], [-97.73476964923145, 30.264749501775324], [-97.73475478167992, 30.264709981641527], [-97.7347158579247, 30.264685556855603], [-97.7346677455173, 30.264685556855603], [-97.73462882176207, 30.264709981641527], [-97.73461395421054, 30.264749501775324]]]}}, {"type": "Feature", "properties": {"kind": "street", "radius_m": 7.7, "source": "snapshot"}, "geometry": {"type": "Polygon", "coordinates": [[[-97.73443463245427, 30.26475810623392], [-97.73445001424369, 30.264798993287478], [-97.73449028429117, 30.264824262876278], [-97.73454006080733, 30.264824262876278], [-97.73458033085481, 30.264798993287478], [-97.73459571264424, 30.26475810623392], [-97.73458033085481, 30.264717219180362], [-97.73454006080733, 30.264691949591562], [-97.73449028429117, 30.264691949591562], [-97.73445001424369, 30.264717219180362], [-97.73443463245427, 30.26475810623392]]]}}, {"type": "Feature", "properties": {"kind": "street", "radius_m": 6.1, "source": "snapshot"}, "geometry": {"type": "Polygon", "coordinates": [[[-97.73383502635406, 30.264859121322992], [-97.73384709415733, 30.26489119931503], [-97.73387868807643, 30.2649110246044], [-97.73391774030813, 30.2649110246044], [-97.73394933422723, 30.26489119931503], [-97.7339614020305, 30.264859121322992], [-97.73394933422723, 30.264827043330953], [-97.73391774030813, 30.264807218041582], [-97.73387868807643, 30.264807218041582], [-97.73384709415733, 30.264827043330953], [-97.73383502635406, 30.264859121322992]]]}}, {"type": "Feature", "properties": {"kind": "street", "radius_m": 5.2, "source": "snapshot"}, "geometry": {"type": "Polygon", "coordinates": [[[-97.7336157693156, 30.264753943328934], [-97.73362612502002, 30.264781470310957], [-97.73365323660613, 30.264798482921456], [-97.73368674836954, 30.264798482921456], [-97.73371385995564, 30.264781470310957], [-97.73372421566006, 30.264753943328934], [-97.73371385995564, 30.26472641634691], [-97.73368674836954, 30.26470940373641], [-97.73365323660613, 30.26470940373641], [-97.73362612502002, 30.26472641634691], [-97.7336157693156, 30.264753943328934]]]}}, {"type": "Feature", "properties": {"kind": "street", "radius_m": 5.0, "source": "snapshot"}, "geometry": {"type": "Polygon", "coordinates": [[[-97.73325992625463, 30.264746558758617], [-97.73326984775449, 30.264772931561243], [-97.73329582257836, 30.264789230849647], [-97.73332792922633, 30.264789230849647], [-97.7333539040502, 30.264772931561243], [-97.73336382555006, 30.264746558758617], [-97.7333539040502, 30.26472018595599], [-97.73332792922633, 30.264703886667586], [-97.73329582257836, 30.264703886667586], [-97.73326984775449, 30.26472018595599], [-97.73325992625463, 30.264746558758617]]]}}, {"type": "Feature", "properties": {"kind": "street", "radius_m": 4.7, "source": "snapshot"}, "geometry": {"type": "Polygon", "coordinates": [[[-97.73289994181363, 30.264743864401456], [-97.73290918291427, 30.26476842860308], [-97.73293337642981, 30.26478361011459], [-97.73296328125964, 30.26478361011459], [-97.73298747477519, 30.26476842860308], [-97.73299671587583, 30.264743864401456], [-97.73298747477519, 30.264719300199832], [-97.73296328125964, 30.26470411868832], [-97.73293337642981, 30.26470411868832], [-97.73290918291427, 30.264719300199832], [-97.73289994181363, 30.264743864401456]]]}}, {"type": "Feature", "properties": {"kind": "street", "radius_m": 6.7, "source": "snapshot"}, "geometry": {"type": "Polygon", "coordinates": [[[-97.73251136609696, 30.26475192202099], [-97.73252460123, 30.2647871029469], [-97.73255925125815, 30.26480884595487], [-97.73260208104838, 30.26480884595487], [-97.73263673107654, 30.2647871029469], [-97.73264996620958, 30.26475192202099], [-97.73263673107654, 30.264716741095082], [-97.73260208104838, 30.264694998087112], [-97.73255925125815, 30.264694998087112], [-97.73252460123, 30.264716741095082], [-97.73251136609696, 30.26475192202099]]]}}, {"type": "Feature", "properties": {"kind": "street", "radius_m": 5.9, "source": "snapshot"}, "geometry": {"type": "Polygon", "coordinates": [[[-97.73222181351655, 30.26485806929227], [-97.73223345432844, 30.26488901227858], [-97.73226393036961, 30.264908136095833], [-97.73230160082821, 30.264908136095833], [-97.73233207686938, 30.26488901227858], [-97.73234371768127, 30.26485806929227], [-97.73233207686938, 30.26482712630596], [-97.73230160082821, 30.264808002488707], [-97.73226393036961, 30.264808002488707], [-97.73223345432844, 30.26482712630596], [-97.73222181351655, 30.26485806929227]]]}}, {"type": "Feature", "properties": {"kind": "street", "radius_m": 7.5, "source": "snapshot"}, "geometry": {"type": "Polygon", "coordinates": [[[-97.73217012468128, 30.26473661292819], [-97.7321850723114, 30.264776345922666], [-97.73222420571514, 30.264800902263726], [-97.73227257726234, 30.264800902263726], [-97.73231171066608, 30.264776345922666], [-97.7323266582962, 30.26473661292819], [-97.73231171066608, 30.264696879933712], [-97.73227257726234, 30.264672323592652], [-97.73222420571514, 30.264672323592652], [-97.7321850723114, 30.264696879933712], [-97.73217012468128, 30.26473661292819]]]}}, {"type": "Feature", "properties": {"kind": "street", "radius_m": 5.3, "source": "snapshot"}, "geometry": {"type": "Polygon", "coordinates": [[[-97.73201865032004, 30.264736199862302], [-97.73202919629257, 30.264764232604893], [-97.73205680600707, 30.264781557792613], [-97.73209093349102, 30.264781557792613], [-97.73211854320552, 30.264764232604893], [-97.73212908917804, 30.264736199862302], [-97.73211854320552, 30.26470816711971], [-97.73209093349102, 30.26469084193199], [-97.73205680600707, 30.26469084193199], [-97.73202919629257, 30.26470816711971], [-97.73201865032004, 30.264736199862302]]]}}, {"type": "Feature", "properties": {"kind": "street", "radius_m": 5.6, "source": "snapshot"}, "geometry": {"type": "Polygon", "coordinates": [[[-97.73168943510213, 30.264866743045452], [-97.73170056707379, 30.264896333459735], [-97.73172971095393, 30.264914621341504], [-97.73176573477092, 30.264914621341504], [-97.73179487865106, 30.264896333459735], [-97.73180601062272, 30.264866743045452], [-97.73179487865106, 30.26483715263117], [-97.73176573477092, 30.2648188647494], [-97.73172971095393, 30.2648188647494], [-97.73170056707379, 30.26483715263117], [-97.73168943510213, 30.264866743045452]]]}}, {"type": "Feature", "properties": {"kind": "street", "radius_m": 7.7, "source": "snapshot"}, "geometry": {"type": "Polygon", "coordinates": [[[-97.73115704789289, 30.264853916209745], [-97.73117242704232, 30.26489479624585], [-97.73121269017827, 30.264920061497627], [-97.73126245815126, 30.264920061497627], [-97.73130272128721, 30.26489479624585], [-97.73131810043664, 30.264853916209745], [-97.73130272128721, 30.26481303617364], [-97.73126245815126, 30.264787770921863], [-97.73121269017827, 30.264787770921863], [-97.73117242704232, 30.26481303617364], [-97.73115704789289, 30.264853916209745]]]}}, {"type": "Feature", "properties": {"kind": "street", "radius_m": 5.7, "source": "snapshot"}, "geometry": {"type": "Polygon", "coordinates": [[[-97.73112057630821, 30.264752908943414], [-97.73113183421326, 30.264782834107148], [-97.73116130779133, 30.264801328875453], [-97.73119773913734, 30.264801328875453], [-97.73122721271541, 30.264782834107148], [-97.73123847062045, 30.264752908943414], [-97.73122721271541, 30.26472298377968], [-97.73119773913734, 30.264704489011375], [-97.73116130779133, 30.264704489011375], [-97.73113183421326, 30.26472298377968], [-97.73112057630821, 30.264752908943414]]]}}, {"type": "Feature", "properties": {"kind": "street", "radius_m": 5.7, "source": "snapshot"}, "geometry": {"type": "Polygon", "coordinates": [[[-97.73083868193964, 30.26484465519001], [-97.73085006737563, 30.264874919349683], [-97.73087987483402, 30.264893623629003], [-97.7309167188788, 30.264893623629003], [-97.73094652633719, 30.264874919349683], [-97.73095791177317, 30.26484465519001], [-97.73094652633719, 30.264814391030338], [-97.7309167188788, 30.264795686751018], [-97.73087987483402, 30.264795686751018], [-97.73085006737563, 30.264814391030338], [-97.73083868193964, 30.26484465519001]]]}}, {"type": "Feature", "properties": {"kind": "street", "radius_m": 7.3, "source": "snapshot"}, "geometry": {"type": "Polygon", "coordinates": [[[-97.7548209684068, 30.264733212964412], [-97.75483555180493, 30.264771977776746], [-97.75487373163688, 30.264795935748335], [-97.75492092450452, 30.264795935748335], [-97.75495910433646, 30.264771977776746], [-97.75497368773459, 30.264733212964412], [-97.75495910433646, 30.264694448152078], [-97.75492092450452, 30.26467049018049], [-97.75487373163688, 30.26467049018049], [-97.75483555180493, 30.264694448152078], [-97.7548209684068, 30.264733212964412]]]}}, {"type": "Feature", "properties": {"kind": "street", "radius_m": 5.0, "source": "snapshot"}, "geometry": {"type": "Polygon", "coordinates": [[[-97.75380355339986, 30.264855379249504], [-97.75381354693184, 30.26488194352407], [-97.75383971033823, 30.264898361148642], [-97.75387205008705, 30.264898361148642], [-97.75389821349344, 30.26488194352407], [-97.75390820702542, 30.264855379249504], [-97.75389821349344, 30.264828814974937], [-97.75387205008705, 30.264812397350365], [-97.75383971033823, 30.264812397350365], [-97.75381354693184, 30.264828814974937], [-97.75380355339986, 30.264855379249504]]]}}, {"type": "Feature", "properties": {"kind": "street", "radius_m": 6.6, "source": "snapshot"}, "geometry": {"type": "Polygon", "coordinates": [[[-97.75336963082222, 30.264749275769265], [-97.75338282760318, 30.2647843547497], [-97.75341737722427, 30.264806034751903], [-97.75346008290454, 30.264806034751903], [-97.75349463252563, 30.2647843547497], [-97.75350782930659, 30.264749275769265], [-97.75349463252563, 30.26471419678883], [-97.75346008290454, 30.264692516786628], [-97.75341737722427, 30.264692516786628], [-97.75338282760318, 30.26471419678883], [-97.75336963082222, 30.264749275769265]]]}}, {"type": "Feature", "properties": {"kind": "street", "radius_m": 7.9, "source": "snapshot"}, "geometry": {"type": "Polygon", "coordinates": [[[-97.7300635611042, 30.264846901566877], [-97.7300792474606, 30.264888598204188], [-97.73012031487482, 30.26491436814326], [-97.73017107699044, 30.26491436814326], [-97.73021214440467, 30.264888598204188], [-97.73022783076107, 30.264846901566877], [-97.73021214440467, 30.264805204929566], [-97.73017107699044, 30.264779434990494], [-97.73012031487482, 30.264779434990494], [-97.7300792474606, 30.264805204929566], [-97.7300635611042, 30.264846901566877]]]}}, {"type": "Feature", "properties": {"kind": "street", "radius_m": 4.8, "source": "snapshot"}, "geometry": {"type": "Polygon", "coordinates": [[[-97.75268658986958, 30.26575503684202], [-97.75269607920262, 30.26578026088184], [-97.75272092259908, 30.265795850195783], [-97.7527516307259, 30.265795850195783], [-97.75277647412236, 30.26578026088184], [-97.7527859634554, 30.26575503684202], [-97.75277647412236, 30.2657298128022], [-97.7527516307259, 30.265714223488256], [-97.75272092259908, 30.265714223488256], [-97.75269607920262, 30.2657298128022], [-97.75268658986958, 30.26575503684202]]]}}, {"type": "Feature", "properties": {"kind": "street", "radius_m": 4.8, "source": "snapshot"}, "geometry": {"type": "Polygon", "coordinates": [[[-97.75201918870314, 30.265640573040212], [-97.75202866483048, 30.26566576197731], [-97.75205347365393, 30.26568132959658], [-97.75208413904615, 30.26568132959658], [-97.7521089478696, 30.26566576197731], [-97.75211842399693, 30.265640573040212], [-97.7521089478696, 30.265615384103114], [-97.75208413904615, 30.265599816483846], [-97.75205347365393, 30.265599816483846], [-97.75202866483048, 30.265615384103114], [-97.75201918870314, 30.265640573040212]]]}}, {"type": "Feature", "properties": {"kind": "street", "radius_m": 5.1, "source": "snapshot"}, "geometry": {"type": "Polygon", "coordinates": [[[-97.75142250860692, 30.2656344314603], [-97.7514327087518, 30.265661544942297], [-97.75145941307781, 30.265678301995727], [-97.75149242144005, 30.265678301995727], [-97.75151912576605, 30.265661544942297], [-97.75152932591094, 30.2656344314603], [-97.75151912576605, 30.2656073179783], [-97.75149242144005, 30.26559056092487], [-97.75145941307781, 30.26559056092487], [-97.7514327087518, 30.2656073179783], [-97.75142250860692, 30.2656344314603]]]}}, {"type": "Feature", "properties": {"kind": "street", "radius_m": 6.0, "source": "snapshot"}, "geometry": {"type": "Polygon", "coordinates": [[[-97.75079478532858, 30.265651016953218], [-97.75080661266544, 30.26568245575028], [-97.75083757703536, 30.265701885995433], [-97.75087585110143, 30.265701885995433], [-97.75090681547134, 30.26568245575028], [-97.7509186428082, 30.265651016953218], [-97.75090681547134, 30.265619578156155], [-97.75087585110143, 30.265600147911], [-97.75083757703536, 30.265600147911], [-97.75080661266544, 30.265619578156155], [-97.75079478532858, 30.265651016953218]]]}}, {"type": "Feature", "properties": {"kind": "street", "radius_m": 4.9, "source": "snapshot"}, "geometry": {"type": "Polygon", "coordinates": [[[-97.74842823832145, 30.265761420442463], [-97.74843791107848, 30.265787132050146], [-97.74846323468516, 30.265803022697604], [-97.74849453638446, 30.265803022697604], [-97.74851985999113, 30.265787132050146], [-97.74852953274817, 30.265761420442463], [-97.74851985999113, 30.26573570883478], [-97.74849453638446, 30.26571981818732], [-97.74846323468516, 30.26571981818732], [-97.74843791107848, 30.26573570883478], [-97.74842823832145, 30.265761420442463]]]}}, {"type": "Feature", "properties": {"kind": "street", "radius_m": 5.0, "source": "snapshot"}, "geometry": {"type": "Polygon", "coordinates": [[[-97.74787136857209, 30.265755705437286], [-97.74788122978293, 30.265781917982867], [-97.7479070467681, 30.26579811822697], [-97.74793895831677, 30.26579811822697], [-97.74796477530194, 30.265781917982867], [-97.74797463651278, 30.265755705437286], [-97.74796477530194, 30.265729492891705], [-97.74793895831677, 30.2657132926476], [-97.7479070467681, 30.2657132926476], [-97.74788122978293, 30.265729492891705], [-97.74787136857209, 30.265755705437286]]]}}, {"type": "Feature", "properties": {"kind": "street", "radius_m": 6.0, "source": "snapshot"}, "geometry": {"type": "Polygon", "coordinates": [[[-97.74503445765065, 30.265745632226807], [-97.74504643380584, 30.26577746660483], [-97.7450777877872, 30.265797141332463], [-97.74511654343952, 30.265797141332463], [-97.74514789742088, 30.26577746660483], [-97.74515987357607, 30.265745632226807], [-97.74514789742088, 30.265713797848782], [-97.74511654343952, 30.26569412312115], [-97.7450777877872, 30.26569412312115], [-97.74504643380584, 30.265713797848782], [-97.74503445765065, 30.265745632226807]]]}}, {"type": "Feature", "properties": {"kind": "street", "radius_m": 6.0, "source": "snapshot"}, "geometry": {"type": "Polygon", "coordinates": [[[-97.74480752877655, 30.265747696515522], [-97.7448194168461, 30.26577929674896], [-97.74485054021622, 30.265798826767277], [-97.74488901081739, 30.265798826767277], [-97.74492013418751, 30.26577929674896], [-97.74493202225706, 30.265747696515522], [-97.74492013418751, 30.265716096282084], [-97.74488901081739, 30.265696566263767], [-97.74485054021622, 30.265696566263767], [-97.7448194168461, 30.265716096282084], [-97.74480752877655, 30.265747696515522]]]}}, {"type": "Feature", "properties": {"kind": "street", "radius_m": 6.2, "source": "snapshot"}, "geometry": {"type": "Polygon", "coordinates": [[[-97.7440358903014, 30.26563459118201], [-97.74404827402658, 30.265667508940854], [-97.74408069504, 30.265687853234652], [-97.74412076961647, 30.265687853234652], [-97.74415319062989, 30.265667508940854], [-97.74416557435507, 30.26563459118201], [-97.74415319062989, 30.265601673423166], [-97.74412076961647, 30.26558132912937], [-97.74408069504, 30.26558132912937], [-97.74404827402658, 30.265601673423166], [-97.7440358903014, 30.26563459118201]]]}}, {"type": "Feature", "properties": {"kind": "street", "radius_m": 5.3, "source": "snapshot"}, "geometry": {"type": "Polygon", "coordinates": [[[-97.74325035973385, 30.265752754534567], [-97.74326090698435, 30.26578079067422], [-97.74328852004464, 30.26579811796144], [-97.74332265166424, 30.26579811796144], [-97.74335026472454, 30.26578079067422], [-97.74336081197504, 30.265752754534567], [-97.74335026472454, 30.265724718394914], [-97.74332265166424, 30.265707391107693], [-97.74328852004464, 30.265707391107693], [-97.74326090698435, 30.265724718394914], [-97.74325035973385, 30.265752754534567]]]}}, {"type": "Feature", "properties": {"kind": "street", "radius_m": 5.1, "source": "snapshot"}, "geometry": {"type": "Polygon", "coordinates": [[[-97.74302693848011, 30.26576024070553], [-97.74303712035521, 30.265787305623757], [-97.7430637768503, 30.265804032663123], [-97.74309672609027, 30.265804032663123], [-97.74312338258537, 30.265787305623757], [-97.74313356446046, 30.26576024070553], [-97.74312338258537, 30.2657331757873], [-97.74309672609027, 30.265716448747934], [-97.7430637768503, 30.265716448747934], [-97.74303712035521, 30.2657331757873], [-97.74302693848011, 30.26576024070553]]]}}, {"type": "Feature", "properties": {"kind": "street", "radius_m": 5.3, "source": "snapshot"}, "geometry": {"type": "Polygon", "coordinates": [[[-97.74097284340532, 30.265632738868895], [-97.7409833538853, 30.26566067726711], [-97.74101087067913, 30.2656779441468], [-97.74104488330681, 30.2656779441468], [-97.74107240010065, 30.26566067726711], [-97.74108291058063, 30.265632738868895], [-97.74107240010065, 30.26560480047068], [-97.74104488330681, 30.265587533590992], [-97.74101087067913, 30.265587533590992], [-97.7409833538853, 30.26560480047068], [-97.74097284340532, 30.265632738868895]]]}}, {"type": "Feature", "properties": {"kind": "street", "radius_m": 5.1, "source": "snapshot"}, "geometry": {"type": "Polygon", "coordinates": [[[-97.73987222082003, 30.265748271093123], [-97.73988236954872, 30.265775247903296], [-97.73990893926535, 30.265791920488894], [-97.73994178124124, 30.265791920488894], [-97.73996835095787, 30.265775247903296], [-97.73997849968656, 30.265748271093123], [-97.73996835095787, 30.26572129428295], [-97.73994178124124, 30.265704621697353], [-97.73990893926535, 30.265704621697353], [-97.73988236954872, 30.26572129428295], [-97.73987222082003, 30.265748271093123]]]}}, {"type": "Feature", "properties": {"kind": "street", "radius_m": 6.2, "source": "snapshot"}, "geometry": {"type": "Polygon", "coordinates": [[[-97.7386729975124, 30.26575435599129], [-97.73868523330844, 30.2657868805328], [-97.73871726703837, 30.265806981804925], [-97.73875686290614, 30.265806981804925], [-97.73878889663607, 30.2657868805328], [-97.73880113243212, 30.26575435599129], [-97.73878889663607, 30.26572183144978], [-97.73875686290614, 30.265701730177657], [-97.73871726703837, 30.265701730177657], [-97.73868523330844, 30.26572183144978], [-97.7386729975124, 30.26575435599129]]]}}, {"type": "Feature", "properties": {"kind": "street", "radius_m": 5.9, "source": "snapshot"}, "geometry": {"type": "Polygon", "coordinates": [[[-97.73820981810715, 30.265638589710512], [-97.73822152242475, 30.265669701504336], [-97.73825216472606, 30.265688929650366], [-97.73829004069346, 30.265688929650366], [-97.73832068299477, 30.265669701504336], [-97.73833238731237, 30.265638589710512], [-97.73832068299477, 30.26560747791669], [-97.73829004069346, 30.26558824977066], [-97.73825216472606, 30.26558824977066], [-97.73822152242475, 30.26560747791669], [-97.73820981810715, 30.265638589710512]]]}}, {"type": "Feature", "properties": {"kind": "street", "radius_m": 4.9, "source": "snapshot"}, "geometry": {"type": "Polygon", "coordinates": [[[-97.73788976651097, 30.26575156915123], [-97.73789941595595, 30.265777218792056], [-97.73792467853089, 30.265793071141886], [-97.73795590479078, 30.265793071141886], [-97.73798116736572, 30.265777218792056], [-97.7379908168107, 30.26575156915123], [-97.73798116736572, 30.265725919510405], [-97.73795590479078, 30.265710067160576], [-97.73792467853089, 30.265710067160576], [-97.73789941595595, 30.265725919510405], [-97.73788976651097, 30.26575156915123]]]}}, {"type": "Feature", "properties": {"kind": "street", "radius_m": 5.9, "source": "snapshot"}, "geometry": {"type": "Polygon", "coordinates": [[[-97.73727781533854, 30.26575267741307], [-97.73728950218889, 30.26578374277636], [-97.73732009876032, 30.265802942226745], [-97.7373579182025, 30.265802942226745], [-97.73738851477394, 30.26578374277636], [-97.73740020162428, 30.26575267741307], [-97.73738851477394, 30.265721612049777], [-97.7373579182025, 30.265702412599392], [-97.73732009876032, 30.265702412599392], [-97.73728950218889, 30.265721612049777], [-97.73727781533854, 30.26575267741307]]]}}, {"type": "Feature", "properties": {"kind": "street", "radius_m": 5.2, "source": "snapshot"}, "geometry": {"type": "Polygon", "coordinates": [[[-97.73629527955549, 30.265743500672084], [-97.73630566025285, 30.265771094089065], [-97.73633283727139, 30.265788147758627], [-97.73636642991372, 30.265788147758627], [-97.73639360693225, 30.265771094089065], [-97.73640398762961, 30.265743500672084], [-97.73639360693225, 30.265715907255103], [-97.73636642991372, 30.26569885358554], [-97.73633283727139, 30.26569885358554], [-97.73630566025285, 30.265715907255103], [-97.73629527955549, 30.265743500672084]]]}}, {"type": "Feature", "properties": {"kind": "street", "radius_m": 5.9, "source": "snapshot"}, "geometry": {"type": "Polygon", "coordinates": [[[-97.73322447026894, 30.26576383808491], [-97.73323623788652, 30.265795118139348], [-97.7332670459093, 30.26581445027616], [-97.73330512671971, 30.26581445027616], [-97.7333359347425, 30.265795118139348], [-97.73334770236008, 30.26576383808491], [-97.7333359347425, 30.265732558030475], [-97.73330512671971, 30.265713225893663], [-97.7332670459093, 30.265713225893663], [-97.73323623788652, 30.265732558030475], [-97.73322447026894, 30.26576383808491]]]}}, {"type": "Feature", "properties": {"kind": "street", "radius_m": 5.8, "source": "snapshot"}, "geometry": {"type": "Polygon", "coordinates": [[[-97.73278937694123, 30.26576113808181], [-97.73280080450856, 30.2657915142328], [-97.73283072226825, 30.265810287726556], [-97.73286770265297, 30.265810287726556], [-97.73289762041266, 30.2657915142328], [-97.73290904797999, 30.26576113808181], [-97.73289762041266, 30.265730761930822], [-97.73286770265297, 30.265711988437065], [-97.73283072226825, 30.265711988437065], [-97.73280080450856, 30.265730761930822], [-97.73278937694123, 30.26576113808181]]]}}, {"type": "Feature", "properties": {"kind": "street", "radius_m": 5.7, "source": "snapshot"}, "geometry": {"type": "Polygon", "coordinates": [[[-97.73239842683567, 30.26574396975472], [-97.7324098389388, 30.265774304799585], [-97.73243971621268, 30.26579305288836], [-97.73247664655419, 30.26579305288836], [-97.73250652382806, 30.265774304799585], [-97.7325179359312, 30.26574396975472], [-97.73250652382806, 30.265713634709854], [-97.73247664655419, 30.26569488662108], [-97.73243971621268, 30.26569488662108], [-97.7324098389388, 30.265713634709854], [-97.73239842683567, 30.26574396975472]]]}}, {"type": "Feature", "properties": {"kind": "street", "radius_m": 5.6, "source": "snapshot"}, "geometry": {"type": "Polygon", "coordinates": [[[-97.73232118691116, 30.265647215882378], [-97.73233228492815, 30.26567671604019], [-97.73236133991384, 30.265694948140393], [-97.73239725385125, 30.265694948140393], [-97.73242630883693, 30.26567671604019], [-97.73243740685392, 30.265647215882378], [-97.73242630883693, 30.265617715724566], [-97.73239725385125, 30.265599483624364], [-97.73236133991384, 30.265599483624364], [-97.73233228492815, 30.265617715724566], [-97.73232118691116, 30.265647215882378]]]}}, {"type": "Feature", "properties": {"kind": "street", "radius_m": 5.7, "source": "snapshot"}, "geometry": {"type": "Polygon", "coordinates": [[[-97.7319938722434, 30.265764212259803], [-97.73200515047117, 30.265794191444304], [-97.73203467725479, 30.26581271959928], [-97.73207117436651, 30.26581271959928], [-97.73210070115013, 30.265794191444304], [-97.7321119793779, 30.265764212259803], [-97.73210070115013, 30.265734233075303], [-97.73207117436651, 30.26571570492033], [-97.73203467725479, 30.26571570492033], [-97.73200515047117, 30.265734233075303], [-97.7319938722434, 30.265764212259803]]]}}, {"type": "Feature", "properties": {"kind": "street", "radius_m": 5.6, "source": "snapshot"}, "geometry": {"type": "Polygon", "coordinates": [[[-97.73143082660465, 30.265756596355665], [-97.73144193987898, 30.26578613706971], [-97.73147103480888, 30.26580439423504], [-97.73150699812005, 30.26580439423504], [-97.73153609304995, 30.26578613706971], [-97.73154720632428, 30.265756596355665], [-97.73153609304995, 30.26572705564162], [-97.73150699812005, 30.26570879847629], [-97.73147103480888, 30.26570879847629], [-97.73144193987898, 30.26572705564162], [-97.73143082660465, 30.265756596355665]]]}}, {"type": "Feature", "properties": {"kind": "street", "radius_m": 4.6, "source": "snapshot"}, "geometry": {"type": "Polygon", "coordinates": [[[-97.73079477122756, 30.265655580591947], [-97.73080385590934, 30.26567972900931], [-97.73082763991502, 30.265694653552014], [-97.73085703856282, 30.265694653552014], [-97.7308808225685, 30.26567972900931], [-97.73088990725027, 30.265655580591947], [-97.7308808225685, 30.265631432174583], [-97.73085703856282, 30.26561650763188], [-97.73082763991502, 30.26561650763188], [-97.73080385590934, 30.265631432174583], [-97.73079477122756, 30.265655580591947]]]}}, {"type": "Feature", "properties": {"kind": "street", "radius_m": 5.3, "source": "snapshot"}, "geometry": {"type": "Polygon", "coordinates": [[[-97.75406899968966, 30.265765227758667], [-97.75407959497191, 30.265793391573766], [-97.75410733378096, 30.265810797768747], [-97.75414162083457, 30.265810797768747], [-97.75416935964363, 30.265793391573766], [-97.75417995492587, 30.265765227758667], [-97.75416935964363, 30.26573706394357], [-97.75414162083457, 30.265719657748587], [-97.75410733378096, 30.265719657748587], [-97.75407959497191, 30.26573706394357], [-97.75406899968966, 30.265765227758667]]]}}, {"type": "Feature", "properties": {"kind": "street", "radius_m": 5.9, "source": "snapshot"}, "geometry": {"type": "Polygon", "coordinates": [[[-97.7540065863236, 30.26564146360505], [-97.75401827236425, 30.265672526816047], [-97.75404886681588, 30.265691724936243], [-97.75408668363781, 30.265691724936243], [-97.75411727808944, 30.265672526816047], [-97.75412896413009, 30.26564146360505], [-97.75411727808944, 30.265610400394053], [-97.75408668363781, 30.265591202273857], [-97.75404886681588, 30.265591202273857], [-97.75401827236425, 30.265610400394053], [-97.7540065863236, 30.26564146360505]]]}}, {"type": "Feature", "properties": {"kind": "street", "radius_m": 6.4, "source": "snapshot"}, "geometry": {"type": "Polygon", "coordinates": [[[-97.75339483130216, 30.265647304945347], [-97.75340747068016, 30.26568090226691], [-97.75344056100136, 30.26570166655357], [-97.75348146288775, 30.26570166655357], [-97.75351455320894, 30.26568090226691], [-97.75352719258694, 30.265647304945347], [-97.75351455320894, 30.265613707623782], [-97.75348146288775, 30.265592943337122], [-97.75344056100136, 30.265592943337122], [-97.75340747068016, 30.265613707623782], [-97.75339483130216, 30.265647304945347]]]}}, {"type": "Feature", "properties": {"kind": "street", "radius_m": 5.3, "source": "snapshot"}, "geometry": {"type": "Polygon", "coordinates": [[[-97.73028917025658, 30.265748489790198], [-97.73029961450268, 30.26577625212904], [-97.73032695789396, 30.265793410198054], [-97.73036075618433, 30.265793410198054], [-97.7303880995756, 30.26577625212904], [-97.7303985438217, 30.265748489790198], [-97.7303880995756, 30.265720727451356], [-97.73036075618433, 30.265703569382342], [-97.73032695789396, 30.265703569382342], [-97.73029961450268, 30.265720727451356], [-97.73028917025658, 30.265748489790198]]]}}, {"type": "Feature", "properties": {"kind": "street", "radius_m": 5.1, "source": "snapshot"}, "geometry": {"type": "Polygon", "coordinates": [[[-97.73020724222485, 30.265648059903718], [-97.73021734438663, 30.265674912932248], [-97.73024379218954, 30.26569150901658], [-97.7302764834718, 30.26569150901658], [-97.73030293127471, 30.265674912932248], [-97.73031303343649, 30.265648059903718], [-97.73030293127471, 30.26562120687519], [-97.7302764834718, 30.265604610790856], [-97.73024379218954, 30.265604610790856], [-97.73021734438663, 30.26562120687519], [-97.73020724222485, 30.265648059903718]]]}}, {"type": "Feature", "properties": {"kind": "street", "radius_m": 5.6, "source": "snapshot"}, "geometry": {"type": "Polygon", "coordinates": [[[-97.75287375399405, 30.266659143534994], [-97.75288478666477, 30.2666884699928], [-97.75291367057167, 30.266706594740494], [-97.75294937304406, 30.266706594740494], [-97.75297825695097, 30.2666884699928], [-97.75298928962168, 30.266659143534994], [-97.75297825695097, 30.266629817077188], [-97.75294937304406, 30.266611692329494], [-97.75291367057167, 30.266611692329494], [-97.75288478666477, 30.266629817077188], [-97.75287375399405, 30.266659143534994]]]}}, {"type": "Feature", "properties": {"kind": "street", "radius_m": 6.5, "source": "snapshot"}, "geometry": {"type": "Polygon", "coordinates": [[[-97.75220223419103, 30.266539910298604], [-97.75221509489143, 30.266574095927567], [-97.75224876464216, 30.266595223808196], [-97.75229038274287, 30.266595223808196], [-97.7523240524936, 30.266574095927567], [-97.752336913194, 30.266539910298604], [-97.7523240524936, 30.266505724669642], [-97.75229038274287, 30.266484596789013], [-97.75224876464216, 30.266484596789013], [-97.75221509489143, 30.266505724669642], [-97.75220223419103, 30.266539910298604]]]}}, {"type": "Feature", "properties": {"kind": "street", "radius_m": 5.6, "source": "snapshot"}, "geometry": {"type": "Polygon", "coordinates": [[[-97.75107646496829, 30.2666568319603], [-97.75108749103816, 30.266686140872114], [-97.75111635766386, 30.26670425477579], [-97.75115203877549, 30.26670425477579], [-97.75118090540118, 30.266686140872114], [-97.75119193147106, 30.2666568319603], [-97.75118090540118, 30.266627523048488], [-97.75115203877549, 30.266609409144813], [-97.75111635766386, 30.266609409144813], [-97.75108749103816, 30.266627523048488], [-97.75107646496829, 30.2666568319603]]]}}, {"type": "Feature", "properties": {"kind": "street", "radius_m": 5.8, "source": "snapshot"}, "geometry": {"type": "Polygon", "coordinates": [[[-97.75060441194391, 30.266544413375737], [-97.75061586098326, 30.266574846602488], [-97.75064583495741, 30.266593655371004], [-97.75068288482701, 30.266593655371004], [-97.75071285880117, 30.266574846602488], [-97.75072430784051, 30.266544413375737], [-97.75071285880117, 30.266513980148986], [-97.75068288482701, 30.26649517138047], [-97.75064583495741, 30.26649517138047], [-97.75061586098326, 30.266513980148986], [-97.75060441194391, 30.266544413375737]]]}}, {"type": "Feature", "properties": {"kind": "street", "radius_m": 6.5, "source": "snapshot"}, "geometry": {"type": "Polygon", "coordinates": [[[-97.74995864478028, 30.26654315291706], [-97.74997147397, 30.266577254786053], [-97.75000506122475, 30.26659833090017], [-97.7500465773548, 30.26659833090017], [-97.75008016460954, 30.266577254786053], [-97.75009299379927, 30.26654315291706], [-97.75008016460954, 30.266509051048065], [-97.7500465773548, 30.26648797493395], [-97.75000506122475, 30.26648797493395], [-97.74997147397, 30.266509051048065], [-97.74995864478028, 30.26654315291706]]]}}, {"type": "Feature", "properties": {"kind": "street", "radius_m": 4.7, "source": "snapshot"}, "geometry": {"type": "Polygon", "coordinates": [[[-97.74973829538203, 30.266558929568877], [-97.7497477026736, 30.266583935530413], [-97.74977233128268, 30.266599390064563], [-97.74980277391771, 30.266599390064563], [-97.74982740252679, 30.266583935530413], [-97.74983680981836, 30.266558929568877], [-97.74982740252679, 30.26653392360734], [-97.74980277391771, 30.26651846907319], [-97.74977233128268, 30.26651846907319], [-97.7497477026736, 30.26653392360734], [-97.74973829538203, 30.266558929568877]]]}}, {"type": "Feature", "properties": {"kind": "street", "radius_m": 4.5, "source": "snapshot"}, "geometry": {"type": "Polygon", "coordinates": [[[-97.74856725150867, 30.266544473171805], [-97.74857623518689, 30.26656835310686], [-97.74859975476178, 30.266583111718372], [-97.74862882655518, 30.266583111718372], [-97.74865234613007, 30.26656835310686], [-97.74866132980829, 30.266544473171805], [-97.74865234613007, 30.266520593236752], [-97.74862882655518, 30.26650583462524], [-97.74859975476178, 30.26650583462524], [-97.74857623518689, 30.266520593236752], [-97.74856725150867, 30.266544473171805]]]}}, {"type": "Feature", "properties": {"kind": "street", "radius_m": 5.1, "source": "snapshot"}, "geometry": {"type": "Polygon", "coordinates": [[[-97.7483648852954, 30.266551986344684], [-97.74837504681014, 30.26657899714208], [-97.74840165000111, 30.266595690732938], [-97.74843453335356, 30.266595690732938], [-97.74846113654453, 30.26657899714208], [-97.74847129805927, 30.266551986344684], [-97.74846113654453, 30.266524975547288], [-97.74843453335356, 30.26650828195643], [-97.74840165000111, 30.26650828195643], [-97.74837504681014, 30.266524975547288], [-97.7483648852954, 30.266551986344684]]]}}, {"type": "Feature", "properties": {"kind": "street", "radius_m": 5.2, "source": "snapshot"}, "geometry": {"type": "Polygon", "coordinates": [[[-97.74798059036237, 30.26655941076368], [-97.74799088531958, 30.266586776270742], [-97.74801783786747, 30.266603689084228], [-97.74805115304882, 30.266603689084228], [-97.7480781055967, 30.266586776270742], [-97.74808840055391, 30.26655941076368], [-97.7480781055967, 30.266532045256618], [-97.74805115304882, 30.266515132443132], [-97.74801783786747, 30.266515132443132], [-97.74799088531958, 30.266532045256618], [-97.74798059036237, 30.26655941076368]]]}}, {"type": "Feature", "properties": {"kind": "street", "radius_m": 5.2, "source": "snapshot"}, "geometry": {"type": "Polygon", "coordinates": [[[-97.74709388188613, 30.266645157090053], [-97.74710416323757, 30.266672486431005], [-97.74713108016512, 30.266689376892604], [-97.7471643513173, 30.266689376892604], [-97.74719126824485, 30.266672486431005], [-97.74720154959628, 30.266645157090053], [-97.74719126824485, 30.2666178277491], [-97.7471643513173, 30.266600937287503], [-97.74713108016512, 30.266600937287503], [-97.74710416323757, 30.2666178277491], [-97.74709388188613, 30.266645157090053]]]}}, {"type": "Feature", "properties": {"kind": "street", "radius_m": 6.0, "source": "snapshot"}, "geometry": {"type": "Polygon", "coordinates": [[[-97.74479148195476, 30.266661551986164], [-97.74480337089031, 30.26669315452158], [-97.74483449652767, 30.2667126859626], [-97.74487296993131, 30.2667126859626], [-97.74490409556867, 30.26669315452158], [-97.74491598450422, 30.266661551986164], [-97.74490409556867, 30.26662994945075], [-97.74487296993131, 30.26661041800973], [-97.74483449652767, 30.26661041800973], [-97.74480337089031, 30.26662994945075], [-97.74479148195476, 30.266661551986164]]]}}, {"type": "Feature", "properties": {"kind": "street", "radius_m": 5.6, "source": "snapshot"}, "geometry": {"type": "Polygon", "coordinates": [[[-97.74412262341772, 30.266659961304914], [-97.74413369117914, 30.26668938103896], [-97.74416266695471, 30.266707563434547], [-97.744198482983, 30.266707563434547], [-97.74422745875856, 30.26668938103896], [-97.74423852651998, 30.266659961304914], [-97.74422745875856, 30.266630541570866], [-97.744198482983, 30.26661235917528], [-97.74416266695471, 30.26661235917528], [-97.74413369117914, 30.266630541570866], [-97.74412262341772, 30.266659961304914]]]}}, {"type": "Feature", "properties": {"kind": "street", "radius_m": 6.3, "source": "snapshot"}, "geometry": {"type": "Polygon", "coordinates": [[[-97.74402791663634, 30.266541102408365], [-97.74404038339486, 30.266574240882015], [-97.74407302179239, 30.26659472158507], [-97.7441133650704, 30.26659472158507], [-97.74414600346793, 30.266574240882015], [-97.74415847022645, 30.266541102408365], [-97.74414600346793, 30.266507963934714], [-97.7441133650704, 30.26648748323166], [-97.74407302179239, 30.26648748323166], [-97.74404038339486, 30.266507963934714], [-97.74402791663634, 30.266541102408365]]]}}, {"type": "Feature", "properties": {"kind": "street", "radius_m": 5.8, "source": "snapshot"}, "geometry": {"type": "Polygon", "coordinates": [[[-97.74313794010887, 30.26655873590106], [-97.74314936790661, 30.266589112664523], [-97.74317928626954, 30.26660788653681], [-97.74321626739987, 30.26660788653681], [-97.7432461857628, 30.266589112664523], [-97.74325761356054, 30.26655873590106], [-97.7432461857628, 30.2665283591376], [-97.74321626739987, 30.26650958526531], [-97.74317928626954, 30.26650958526531], [-97.74314936790661, 30.2665283591376], [-97.74313794010887, 30.26655873590106]]]}}, {"type": "Feature", "properties": {"kind": "street", "radius_m": 5.5, "source": "snapshot"}, "geometry": {"type": "Polygon", "coordinates": [[[-97.74123256517252, 30.266641276362268], [-97.74124347866604, 30.2666702860296], [-97.741272050563, 30.266688214990015], [-97.74130736736987, 30.266688214990015], [-97.74133593926683, 30.2666702860296], [-97.74134685276034, 30.266641276362268], [-97.74133593926683, 30.266612266694935], [-97.74130736736987, 30.26659433773452], [-97.741272050563, 30.26659433773452], [-97.74124347866604, 30.266612266694935], [-97.74123256517252, 30.266641276362268]]]}}, {"type": "Feature", "properties": {"kind": "street", "radius_m": 4.9, "source": "snapshot"}, "geometry": {"type": "Polygon", "coordinates": [[[-97.74115335461876, 30.26654739742195], [-97.74116315209537, 30.266573440552584], [-97.74118880222215, 30.26658953609249], [-97.74122050752248, 30.26658953609249], [-97.74124615764927, 30.266573440552584], [-97.74125595512588, 30.26654739742195], [-97.74124615764927, 30.266521354291314], [-97.74122050752248, 30.26650525875141], [-97.74118880222215, 30.26650525875141], [-97.74116315209537, 30.266521354291314], [-97.74115335461876, 30.26654739742195]]]}}, {"type": "Feature", "properties": {"kind": "street", "radius_m": 6.1, "source": "snapshot"}, "geometry": {"type": "Polygon", "coordinates": [[[-97.7409373224526, 30.266556551438946], [-97.74094935125348, 30.266588525756934], [-97.74098084306303, 30.266608286972215], [-97.74101976908037, 30.266608286972215], [-97.74105126088992, 30.266588525756934], [-97.7410632896908, 30.266556551438946], [-97.74105126088992, 30.266524577120958], [-97.74101976908037, 30.266504815905677], [-97.74098084306303, 30.266504815905677], [-97.74094935125348, 30.266524577120958], [-97.7409373224526, 30.266556551438946]]]}}, {"type": "Feature", "properties": {"kind": "street", "radius_m": 4.9, "source": "snapshot"}, "geometry": {"type": "Polygon", "coordinates": [[[-97.7403798536722, 30.266546568544975], [-97.7403895481413, 30.26657233786652], [-97.74041492859091, 30.2665882641831], [-97.74044630055191, 30.2665882641831], [-97.74047168100152, 30.26657233786652], [-97.74048137547062, 30.266546568544975], [-97.74047168100152, 30.26652079922343], [-97.74044630055191, 30.26650487290685], [-97.74041492859091, 30.26650487290685], [-97.7403895481413, 30.26652079922343], [-97.7403798536722, 30.266546568544975]]]}}, {"type": "Feature", "properties": {"kind": "street", "radius_m": 6.4, "source": "snapshot"}, "geometry": {"type": "Polygon", "coordinates": [[[-97.73920768991348, 30.266536081593998], [-97.73922035528959, 30.26656974802233], [-97.7392535136747, 30.26659055501932], [-97.7392944996927, 30.26659055501932], [-97.73932765807781, 30.26656974802233], [-97.73934032345392, 30.266536081593998], [-97.73932765807781, 30.266502415165665], [-97.7392944996927, 30.266481608168675], [-97.7392535136747, 30.266481608168675], [-97.73922035528959, 30.266502415165665], [-97.73920768991348, 30.266536081593998]]]}}, {"type": "Feature", "properties": {"kind": "street", "radius_m": 5.9, "source": "snapshot"}, "geometry": {"type": "Polygon", "coordinates": [[[-97.73866893729728, 30.266659950699754], [-97.73868071139013, 30.26669124796642], [-97.73871153636541, 30.266710590740974], [-97.73874963813024, 30.266710590740974], [-97.73878046310553, 30.26669124796642], [-97.73879223719838, 30.266659950699754], [-97.73878046310553, 30.266628653433088], [-97.73874963813024, 30.266609310658534], [-97.73871153636541, 30.266609310658534], [-97.73868071139013, 30.266628653433088], [-97.73866893729728, 30.266659950699754]]]}}, {"type": "Feature", "properties": {"kind": "street", "radius_m": 5.7, "source": "snapshot"}, "geometry": {"type": "Polygon", "coordinates": [[[-97.73841672922529, 30.266534450125476], [-97.7384280290065, 30.266564486602178], [-97.73845761221776, 30.266583050165682], [-97.73849417907786, 30.266583050165682], [-97.73852376228912, 30.266564486602178], [-97.73853506207033, 30.266534450125476], [-97.73852376228912, 30.266504413648775], [-97.73849417907786, 30.26648585008527], [-97.73845761221776, 30.26648585008527], [-97.7384280290065, 30.266504413648775], [-97.73841672922529, 30.266534450125476]]]}}, {"type": "Feature", "properties": {"kind": "street", "radius_m": 5.5, "source": "snapshot"}, "geometry": {"type": "Polygon", "coordinates": [[[-97.73808099491421, 30.26665300599809], [-97.73809200186096, 30.26668226407785], [-97.73812081842168, 30.26670034656559], [-97.73815643764961, 30.26670034656559], [-97.73818525421032, 30.26668226407785], [-97.73819626115707, 30.26665300599809], [-97.73818525421032, 30.26662374791833], [-97.73815643764961, 30.266605665430593], [-97.73812081842168, 30.266605665430593], [-97.73809200186096, 30.26662374791833], [-97.73808099491421, 30.26665300599809]]]}}, {"type": "Feature", "properties": {"kind": "street", "radius_m": 6.3, "source": "snapshot"}, "geometry": {"type": "Polygon", "coordinates": [[[-97.73766981218122, 30.266655988856478], [-97.73768229525251, 30.26668917069186], [-97.73771497635741, 30.26670967819393], [-97.73775537242466, 30.26670967819393], [-97.73778805352956, 30.26668917069186], [-97.73780053660084, 30.266655988856478], [-97.73778805352956, 30.266622807021097], [-97.73775537242466, 30.266602299519025], [-97.73771497635741, 30.266602299519025], [-97.73768229525251, 30.266622807021097], [-97.73766981218122, 30.266655988856478]]]}}, {"type": "Feature", "properties": {"kind": "street", "radius_m": 5.1, "source": "snapshot"}, "geometry": {"type": "Polygon", "coordinates": [[[-97.73749374484854, 30.266645612979868], [-97.73750395156277, 30.266672743924133], [-97.73753067308753, 30.266689511769837], [-97.73756370270858, 30.266689511769837], [-97.73759042423335, 30.266672743924133], [-97.73760063094758, 30.266645612979868], [-97.73759042423335, 30.266618482035604], [-97.73756370270858, 30.2666017141899], [-97.73753067308753, 30.2666017141899], [-97.73750395156277, 30.266618482035604], [-97.73749374484854, 30.266645612979868]]]}}, {"type": "Feature", "properties": {"kind": "street", "radius_m": 4.5, "source": "snapshot"}, "geometry": {"type": "Polygon", "coordinates": [[[-97.73710141512129, 30.266644448097093], [-97.7371104145296, 30.26666836984505], [-97.73713397528641, 30.266683154298356], [-97.73716309798345, 30.266683154298356], [-97.73718665874027, 30.26666836984505], [-97.73719565814858, 30.266644448097093], [-97.73718665874027, 30.266620526349136], [-97.73716309798345, 30.26660574189583], [-97.73713397528641, 30.26660574189583], [-97.7371104145296, 30.266620526349136], [-97.73710141512129, 30.266644448097093]]]}}, {"type": "Feature", "properties": {"kind": "street", "radius_m": 4.8, "source": "snapshot"}, "geometry": {"type": "Polygon", "coordinates": [[[-97.73629251617136, 30.266649864843817], [-97.73630201734454, 30.266675120356464], [-97.73632689173888, 30.266690729121684], [-97.7363576381812, 30.266690729121684], [-97.73638251257555, 30.266675120356464], [-97.73639201374873, 30.266649864843817], [-97.73638251257555, 30.26662460933117], [-97.7363576381812, 30.26660900056595], [-97.73632689173888, 30.26660900056595], [-97.73630201734454, 30.26662460933117], [-97.73629251617136, 30.266649864843817]]]}}, {"type": "Feature", "properties": {"kind": "street", "radius_m": 5.7, "source": "snapshot"}, "geometry": {"type": "Polygon", "coordinates": [[[-97.73588599549142, 30.26664702187587], [-97.73589737065768, 30.266677258737104], [-97.73592715122957, 30.26669594614506], [-97.73596396204083, 30.26669594614506], [-97.73599374261272, 30.266677258737104], [-97.73600511777899, 30.26664702187587], [-97.73599374261272, 30.266616785014634], [-97.73596396204083, 30.26659809760668], [-97.73592715122957, 30.26659809760668], [-97.73589737065768, 30.266616785014634], [-97.73588599549142, 30.26664702187587]]]}}, {"type": "Feature", "properties": {"kind": "street", "radius_m": 5.4, "source": "snapshot"}, "geometry": {"type": "Polygon", "coordinates": [[[-97.73548275650846, 30.266652380011813], [-97.73549356544247, 30.26668111174463], [-97.73552186359909, 30.26669886893207], [-97.73555684204429, 30.26669886893207], [-97.73558514020091, 30.26668111174463], [-97.73559594913492, 30.266652380011813], [-97.73558514020091, 30.266623648278994], [-97.73555684204429, 30.266605891091555], [-97.73552186359909, 30.266605891091555], [-97.73549356544247, 30.266623648278994], [-97.73548275650846, 30.266652380011813]]]}}, {"type": "Feature", "properties": {"kind": "street", "radius_m": 4.9, "source": "snapshot"}, "geometry": {"type": "Polygon", "coordinates": [[[-97.73510098982752, 30.266641873873763], [-97.7351106396873, 30.266667524617233], [-97.73513590334824, 30.266683377648533], [-97.73516713095052, 30.266683377648533], [-97.73519239461145, 30.266667524617233], [-97.73520204447124, 30.266641873873763], [-97.73519239461145, 30.266616223130292], [-97.73516713095052, 30.266600370098992], [-97.73513590334824, 30.266600370098992], [-97.7351106396873, 30.266616223130292], [-97.73510098982752, 30.266641873873763]]]}}, {"type": "Feature", "properties": {"kind": "street", "radius_m": 5.8, "source": "snapshot"}, "geometry": {"type": "Polygon", "coordinates": [[[-97.7335915511114, 30.266537546479185], [-97.73360315514017, 30.266568391690573], [-97.73363353488192, 30.266587455079602], [-97.73367108630784, 30.266587455079602], [-97.73370146604958, 30.266568391690573], [-97.73371307007835, 30.266537546479185], [-97.73370146604958, 30.266506701267797], [-97.73367108630784, 30.266487637878768], [-97.73363353488192, 30.266487637878768], [-97.73360315514017, 30.266506701267797], [-97.7335915511114, 30.266537546479185]]]}}, {"type": "Feature", "properties": {"kind": "street", "radius_m": 5.4, "source": "snapshot"}, "geometry": {"type": "Polygon", "coordinates": [[[-97.73233380401487, 30.266537670202542], [-97.7323446031771, 30.266566375960515], [-97.73237287575084, 30.266584117094617], [-97.73240782257388, 30.266584117094617], [-97.73243609514762, 30.266566375960515], [-97.73244689430985, 30.266537670202542], [-97.73243609514762, 30.26650896444457], [-97.73240782257388, 30.266491223310467], [-97.73237287575084, 30.266491223310467], [-97.7323446031771, 30.26650896444457], [-97.73233380401487, 30.266537670202542]]]}}, {"type": "Feature", "properties": {"kind": "street", "radius_m": 5.7, "source": "snapshot"}, "geometry": {"type": "Polygon", "coordinates": [[[-97.73135778583695, 30.26655354488536], [-97.73136917561993, 30.266583820600022], [-97.73139899445893, 30.266602532020716], [-97.73143585257095, 30.266602532020716], [-97.73146567140995, 30.266583820600022], [-97.73147706119293, 30.26655354488536], [-97.73146567140995, 30.2665232691707], [-97.73143585257095, 30.266504557750007], [-97.73139899445893, 30.266504557750007], [-97.73136917561993, 30.2665232691707], [-97.73135778583695, 30.26655354488536]]]}}, {"type": "Feature", "properties": {"kind": "street", "radius_m": 5.4, "source": "snapshot"}, "geometry": {"type": "Polygon", "coordinates": [[[-97.75388196528561, 30.266653233947952], [-97.75389273650228, 30.26668186542257], [-97.75392093591364, 30.266699560647027], [-97.753955792303, 30.266699560647027], [-97.75398399171436, 30.26668186542257], [-97.75399476293103, 30.266653233947952], [-97.75398399171436, 30.266624602473335], [-97.753955792303, 30.266606907248878], [-97.75392093591364, 30.266606907248878], [-97.75389273650228, 30.266624602473335], [-97.75388196528561, 30.266653233947952]]]}}, {"type": "Feature", "properties": {"kind": "street", "radius_m": 4.8, "source": "snapshot"}, "geometry": {"type": "Polygon", "coordinates": [[[-97.75382131186778, 30.266538880483793], [-97.75383075677492, 30.266563986433006], [-97.75385548386281, 30.26657950276294], [-97.75388604822435, 30.26657950276294], [-97.75391077531224, 30.266563986433006], [-97.75392022021937, 30.266538880483793], [-97.75391077531224, 30.26651377453458], [-97.75388604822435, 30.266498258204646], [-97.75385548386281, 30.266498258204646], [-97.75383075677492, 30.26651377453458], [-97.75382131186778, 30.266538880483793]]]}}, {"type": "Feature", "properties": {"kind": "street", "radius_m": 5.2, "source": "snapshot"}, "geometry": {"type": "Polygon", "coordinates": [[[-97.75361873121908, 30.26653754349015], [-97.75362896463025, 30.266564745398846], [-97.75365575604856, 30.26658155710298], [-97.7536888720628, 30.26658155710298], [-97.7537156634811, 30.266564745398846], [-97.75372589689228, 30.26653754349015], [-97.7537156634811, 30.26651034158145], [-97.7536888720628, 30.266493529877316], [-97.75365575604856, 30.266493529877316], [-97.75362896463025, 30.26651034158145], [-97.75361873121908, 30.26653754349015]]]}}, {"type": "Feature", "properties": {"kind": "street", "radius_m": 6.1, "source": "snapshot"}, "geometry": {"type": "Polygon", "coordinates": [[[-97.75180908124368, 30.26733764150993], [-97.75182113596145, 30.26736968471881], [-97.75185269562229, 30.267389488511007], [-97.75189170550846, 30.267389488511007], [-97.7519232651693, 30.26736968471881], [-97.75193531988707, 30.26733764150993], [-97.7519232651693, 30.26730559830105], [-97.75189170550846, 30.26728579450885], [-97.75185269562229, 30.26728579450885], [-97.75182113596145, 30.26730559830105], [-97.75180908124368, 30.26733764150993]]]}}, {"type": "Feature", "properties": {"kind": "street", "radius_m": 6.4, "source": "snapshot"}, "geometry": {"type": "Polygon", "coordinates": [[[-97.7508663527036, 30.267458280962725], [-97.75087898963213, 30.267491871773238], [-97.75091207354052, 30.267512632035846], [-97.75095296750027, 30.267512632035846], [-97.75098605140866, 30.267491871773238], [-97.75099868833719, 30.267458280962725], [-97.75098605140866, 30.26742469015221], [-97.75095296750027, 30.267403929889603], [-97.75091207354052, 30.267403929889603], [-97.75087898963213, 30.26742469015221], [-97.7508663527036, 30.267458280962725]]]}}, {"type": "Feature", "properties": {"kind": "street", "radius_m": 4.7, "source": "snapshot"}, "geometry": {"type": "Polygon", "coordinates": [[[-97.74898680341416, 30.26746618442633], [-97.74899617423111, 30.26749109343297], [-97.7490207073484, 30.2675064880457], [-97.74905103194905, 30.2675064880457], [-97.74907556506633, 30.26749109343297], [-97.74908493588329, 30.26746618442633], [-97.74907556506633, 30.26744127541969], [-97.74905103194905, 30.267425880806957], [-97.7490207073484, 30.267425880806957], [-97.74899617423111, 30.26744127541969], [-97.74898680341416, 30.26746618442633]]]}}, {"type": "Feature", "properties": {"kind": "street", "radius_m": 6.3, "source": "snapshot"}, "geometry": {"type": "Polygon", "coordinates": [[[-97.74799420431695, 30.267337557485], [-97.74800673156743, 30.267370856755146], [-97.74803952833494, 30.267391436835894], [-97.74808006736905, 30.267391436835894], [-97.74811286413656, 30.267370856755146], [-97.74812539138703, 30.267337557485], [-97.74811286413656, 30.267304258214853], [-97.74808006736905, 30.267283678134106], [-97.74803952833494, 30.267283678134106], [-97.74800673156743, 30.267304258214853], [-97.74799420431695, 30.267337557485]]]}}, {"type": "Feature", "properties": {"kind": "street", "radius_m": 5.6, "source": "snapshot"}, "geometry": {"type": "Polygon", "coordinates": [[[-97.74729076237183, 30.26744437815363], [-97.74730181174056, 30.267473748997226], [-97.74733073936345, 30.267491901176847], [-97.74736649587176, 30.267491901176847], [-97.74739542349465, 30.267473748997226], [-97.74740647286337, 30.26744437815363], [-97.74739542349465, 30.267415007310035], [-97.74736649587176, 30.267396855130414], [-97.74733073936345, 30.267396855130414], [-97.74730181174056, 30.267415007310035], [-97.74729076237183, 30.26744437815363]]]}}, {"type": "Feature", "properties": {"kind": "street", "radius_m": 5.6, "source": "snapshot"}, "geometry": {"type": "Polygon", "coordinates": [[[-97.74647326370089, 30.26745879042727], [-97.74648446809054, 30.267488573339232], [-97.74651380156348, 30.26750698019111], [-97.74655005973005, 30.26750698019111], [-97.74657939320299, 30.267488573339232], [-97.74659059759264, 30.26745879042727], [-97.74657939320299, 30.267429007515307], [-97.74655005973005, 30.26741060066343], [-97.74651380156348, 30.26741060066343], [-97.74648446809054, 30.267429007515307], [-97.74647326370089, 30.26745879042727]]]}}, {"type": "Feature", "properties": {"kind": "street", "radius_m": 6.5, "source": "snapshot"}, "geometry": {"type": "Polygon", "coordinates": [[[-97.74605651762141, 30.26746584620816], [-97.74606936001133, 30.26749998316521], [-97.74610298182463, 30.267521080964936], [-97.74614454067142, 30.267521080964936], [-97.74617816248472, 30.26749998316521], [-97.74619100487465, 30.26746584620816], [-97.74617816248472, 30.267431709251113], [-97.74614454067142, 30.267410611451385], [-97.74610298182463, 30.267410611451385], [-97.74606936001133, 30.267431709251113], [-97.74605651762141, 30.26746584620816]]]}}, {"type": "Feature", "properties": {"kind": "street", "radius_m": 6.5, "source": "snapshot"}, "geometry": {"type": "Polygon", "coordinates": [[[-97.7458830863067, 30.267442830239073], [-97.74589594395752, 30.267477007761805], [-97.74592960572436, 30.267498130632504], [-97.7459712139564, 30.267498130632504], [-97.74600487572323, 30.267477007761805], [-97.74601773337405, 30.267442830239073], [-97.74600487572323, 30.26740865271634], [-97.7459712139564, 30.267387529845642], [-97.74592960572436, 30.267387529845642], [-97.74589594395752, 30.26740865271634], [-97.7458830863067, 30.267442830239073]]]}}, {"type": "Feature", "properties": {"kind": "street", "radius_m": 5.6, "source": "snapshot"}, "geometry": {"type": "Polygon", "coordinates": [[[-97.7452607945116, 30.267448352083978], [-97.74527191391803, 30.2674779090981], [-97.74530102490205, 30.26749617633744], [-97.74533700805718, 30.26749617633744], [-97.7453661190412, 30.2674779090981], [-97.74537723844763, 30.267448352083978], [-97.7453661190412, 30.267418795069855], [-97.74533700805718, 30.267400527830517], [-97.74530102490205, 30.267400527830517], [-97.74527191391803, 30.267418795069855], [-97.7452607945116, 30.267448352083978]]]}}, {"type": "Feature", "properties": {"kind": "street", "radius_m": 5.2, "source": "snapshot"}, "geometry": {"type": "Polygon", "coordinates": [[[-97.7451644736424, 30.267340621071025], [-97.74517483964534, 30.267368175428075], [-97.74520197819338, 30.26738520495727], [-97.74523552328357, 30.26738520495727], [-97.7452626618316, 30.267368175428075], [-97.74527302783454, 30.267340621071025], [-97.7452626618316, 30.267313066713974], [-97.74523552328357, 30.267296037184778], [-97.74520197819338, 30.267296037184778], [-97.74517483964534, 30.267313066713974], [-97.7451644736424, 30.267340621071025]]]}}, {"type": "Feature", "properties": {"kind": "street", "radius_m": 5.1, "source": "snapshot"}, "geometry": {"type": "Polygon", "coordinates": [[[-97.74412786281056, 30.267459348415798], [-97.74413806546268, 30.267486468562378], [-97.74416477635269, 30.267503229734743], [-97.7441977928285, 30.267503229734743], [-97.74422450371851, 30.267486468562378], [-97.74423470637063, 30.267459348415798], [-97.74422450371851, 30.267432228269218], [-97.7441977928285, 30.267415467096853], [-97.74416477635269, 30.267415467096853], [-97.74413806546268, 30.267432228269218], [-97.74412786281056, 30.267459348415798]]]}}, {"type": "Feature", "properties": {"kind": "street", "radius_m": 6.2, "source": "snapshot"}, "geometry": {"type": "Polygon", "coordinates": [[[-97.74271119432386, 30.26734921141598], [-97.74272347012274, 30.267381842290888], [-97.74275560858143, 30.267402009280662], [-97.74279533390109, 30.267402009280662], [-97.74282747235978, 30.267381842290888], [-97.74283974815866, 30.26734921141598], [-97.74282747235978, 30.26731658054107], [-97.74279533390109, 30.267296413551296], [-97.74275560858143, 30.267296413551296], [-97.74272347012274, 30.26731658054107], [-97.74271119432386, 30.26734921141598]]]}}, {"type": "Feature", "properties": {"kind": "street", "radius_m": 4.8, "source": "snapshot"}, "geometry": {"type": "Polygon", "coordinates": [[[-97.74233458016707, 30.267332695219825], [-97.74234405242075, 30.267357873860167], [-97.74236885110282, 30.267373435115687], [-97.74239950395962, 30.267373435115687], [-97.7424243026417, 30.267357873860167], [-97.74243377489537, 30.267332695219825], [-97.7424243026417, 30.267307516579482], [-97.74239950395962, 30.267291955323962], [-97.74236885110282, 30.267291955323962], [-97.74234405242075, 30.267307516579482], [-97.74233458016707, 30.267332695219825]]]}}, {"type": "Feature", "properties": {"kind": "street", "radius_m": 5.5, "source": "snapshot"}, "geometry": {"type": "Polygon", "coordinates": [[[-97.74210286584217, 30.267359152682374], [-97.74211373820492, 30.267388053018088], [-97.74214220242013, 30.267405914407846], [-97.74217738612504, 30.267405914407846], [-97.74220585034024, 30.267388053018088], [-97.74221672270299, 30.267359152682374], [-97.74220585034024, 30.26733025234666], [-97.74217738612504, 30.267312390956903], [-97.74214220242013, 30.267312390956903], [-97.74211373820492, 30.26733025234666], [-97.74210286584217, 30.267359152682374]]]}}, {"type": "Feature", "properties": {"kind": "street", "radius_m": 5.4, "source": "snapshot"}, "geometry": {"type": "Polygon", "coordinates": [[[-97.74140811571856, 30.267457732022084], [-97.7414188662249, 30.267486308445644], [-97.74144701141596, 30.26750396964668], [-97.74148180078534, 30.26750396964668], [-97.74150994597639, 30.267486308445644], [-97.74152069648274, 30.267457732022084], [-97.74150994597639, 30.267429155598524], [-97.74148180078534, 30.26741149439749], [-97.74144701141596, 30.26741149439749], [-97.7414188662249, 30.267429155598524], [-97.74140811571856, 30.267457732022084]]]}}, {"type": "Feature", "properties": {"kind": "street", "radius_m": 5.4, "source": "snapshot"}, "geometry": {"type": "Polygon", "coordinates": [[[-97.74076278337209, 30.267345847603814], [-97.74077351010965, 30.267374360846404], [-97.74080159307316, 30.267391982999452], [-97.74083630552506, 30.267391982999452], [-97.74086438848857, 30.267374360846404], [-97.74087511522613, 30.267345847603814], [-97.74086438848857, 30.267317334361223], [-97.74083630552506, 30.267299712208175], [-97.74080159307316, 30.267299712208175], [-97.74077351010965, 30.267317334361223], [-97.74076278337209, 30.267345847603814]]]}}, {"type": "Feature", "properties": {"kind": "street", "radius_m": 6.2, "source": "snapshot"}, "geometry": {"type": "Polygon", "coordinates": [[[-97.74036999927546, 30.267343283149728], [-97.74038230225304, 30.26737598626963], [-97.74041451186652, 30.26739619790927], [-97.74045432513832, 30.26739619790927], [-97.7404865347518, 30.26737598626963], [-97.74049883772938, 30.267343283149728], [-97.7404865347518, 30.267310580029825], [-97.74045432513832, 30.267290368390185], [-97.74041451186652, 30.267290368390185], [-97.74038230225304, 30.267310580029825], [-97.74036999927546, 30.267343283149728]]]}}, {"type": "Feature", "properties": {"kind": "street", "radius_m": 5.6, "source": "snapshot"}, "geometry": {"type": "Polygon", "coordinates": [[[-97.74005437511836, 30.26745394526064], [-97.74006548372327, 30.267483473562667], [-97.74009456642847, 30.26750172305695], [-97.74013051462904, 30.26750172305695], [-97.74015959733424, 30.267483473562667], [-97.74017070593915, 30.26745394526064], [-97.74015959733424, 30.267424416958615], [-97.74013051462904, 30.267406167464333], [-97.74009456642847, 30.267406167464333], [-97.74006548372327, 30.267424416958615], [-97.74005437511836, 30.26745394526064]]]}}, {"type": "Feature", "properties": {"kind": "street", "radius_m": 4.8, "source": "snapshot"}, "geometry": {"type": "Polygon", "coordinates": [[[-97.73901206947626, 30.267346599005332], [-97.73902157275762, 30.267371860121806], [-97.73904645267122, 30.26738747235038], [-97.73907720593571, 30.26738747235038], [-97.73910208584931, 30.267371860121806], [-97.73911158913067, 30.267346599005332], [-97.73910208584931, 30.26732133788886], [-97.73907720593571, 30.267305725660286], [-97.73904645267122, 30.267305725660286], [-97.73902157275762, 30.26732133788886], [-97.73901206947626, 30.267346599005332]]]}}, {"type": "Feature", "properties": {"kind": "street", "radius_m": 5.4, "source": "snapshot"}, "geometry": {"type": "Polygon", "coordinates": [[[-97.73766879602259, 30.26746440663344], [-97.73767961177388, 30.26749315648763], [-97.73770792777842, 30.267510924874696], [-97.73774292828486, 30.267510924874696], [-97.73777124428939, 30.26749315648763], [-97.73778206004069, 30.26746440663344], [-97.73777124428939, 30.26743565677925], [-97.73774292828486, 30.267417888392185], [-97.73770792777842, 30.267417888392185], [-97.73767961177388, 30.26743565677925], [-97.73766879602259, 30.26746440663344]]]}}, {"type": "Feature", "properties": {"kind": "street", "radius_m": 5.1, "source": "snapshot"}, "geometry": {"type": "Polygon", "coordinates": [[[-97.73721327223653, 30.26734249853582], [-97.73722345253138, 30.26736955925349], [-97.7372501048893, 30.267386283696766], [-97.73728304901543, 30.267386283696766], [-97.73730970137335, 30.26736955925349], [-97.7373198816682, 30.26734249853582], [-97.73730970137335, 30.267315437818155], [-97.73728304901543, 30.267298713374878], [-97.7372501048893, 30.267298713374878], [-97.73722345253138, 30.267315437818155], [-97.73721327223653, 30.26734249853582]]]}}, {"type": "Feature", "properties": {"kind": "street", "radius_m": 5.4, "source": "snapshot"}, "geometry": {"type": "Polygon", "coordinates": [[[-97.73700096625487, 30.267350317656188], [-97.73701176777259, 30.267379029675407], [-97.73704004651309, 30.267396774679167], [-97.73707500095865, 30.267396774679167], [-97.73710327969916, 30.267379029675407], [-97.73711408121687, 30.267350317656188], [-97.73710327969916, 30.26732160563697], [-97.73707500095865, 30.26730386063321], [-97.73704004651309, 30.26730386063321], [-97.73701176777259, 30.26732160563697], [-97.73700096625487, 30.267350317656188]]]}}, {"type": "Feature", "properties": {"kind": "street", "radius_m": 6.0, "source": "snapshot"}, "geometry": {"type": "Polygon", "coordinates": [[[-97.73538551284963, 30.267358623978435], [-97.73539742896165, 30.26739029875286], [-97.7354286257479, 30.26740987484004], [-97.73546718709638, 30.26740987484004], [-97.73549838388263, 30.26739029875286], [-97.73551029999464, 30.267358623978435], [-97.73549838388263, 30.26732694920401], [-97.73546718709638, 30.26730737311683], [-97.7354286257479, 30.26730737311683], [-97.73539742896165, 30.26732694920401], [-97.73538551284963, 30.267358623978435]]]}}, {"type": "Feature", "properties": {"kind": "street", "radius_m": 4.6, "source": "snapshot"}, "geometry": {"type": "Polygon", "coordinates": [[[-97.7344905540033, 30.267453175364675], [-97.73449969787514, 30.267477481117904], [-97.73452363684241, 30.267492502899522], [-97.73455322703326, 30.267492502899522], [-97.73457716600053, 30.267477481117904], [-97.73458630987237, 30.267453175364675], [-97.73457716600053, 30.267428869611447], [-97.73455322703326, 30.26741384782983], [-97.73452363684241, 30.26741384782983], [-97.73449969787514, 30.267428869611447], [-97.7344905540033, 30.267453175364675]]]}}, {"type": "Feature", "properties": {"kind": "street", "radius_m": 6.2, "source": "snapshot"}, "geometry": {"type": "Polygon", "coordinates": [[[-97.73356486291507, 30.26735735240298], [-97.73357718433189, 30.267390104537046], [-97.73360944221989, 30.267410346469106], [-97.73364931516227, 30.267410346469106], [-97.73368157305026, 30.267390104537046], [-97.73369389446708, 30.26735735240298], [-97.73368157305026, 30.26732460026891], [-97.73364931516227, 30.26730435833685], [-97.73360944221989, 30.26730435833685], [-97.73357718433189, 30.26732460026891], [-97.73356486291507, 30.26735735240298]]]}}, {"type": "Feature", "properties": {"kind": "street", "radius_m": 6.2, "source": "snapshot"}, "geometry": {"type": "Polygon", "coordinates": [[[-97.73324441109759, 30.267443995834427], [-97.73325675799246, 30.26747681569293], [-97.73328908258291, 30.267497099480995], [-97.73332903797403, 30.267497099480995], [-97.73336136256448, 30.26747681569293], [-97.73337370945936, 30.267443995834427], [-97.73336136256448, 30.267411175975923], [-97.73332903797403, 30.26739089218786], [-97.73328908258291, 30.26739089218786], [-97.73325675799246, 30.267411175975923], [-97.73324441109759, 30.267443995834427]]]}}, {"type": "Feature", "properties": {"kind": "street", "radius_m": 5.7, "source": "snapshot"}, "geometry": {"type": "Polygon", "coordinates": [[[-97.73303060114965, 30.267443430185168], [-97.73304189092951, 30.267473440076834], [-97.73307144795692, 30.267491987209883], [-97.733107982452, 30.267491987209883], [-97.7331375394794, 30.267473440076834], [-97.73314882925926, 30.267443430185168], [-97.7331375394794, 30.2674134202935], [-97.733107982452, 30.267394873160452], [-97.73307144795692, 30.267394873160452], [-97.73304189092951, 30.2674134202935], [-97.73303060114965, 30.267443430185168]]]}}, {"type": "Feature", "properties": {"kind": "street", "radius_m": 5.0, "source": "snapshot"}, "geometry": {"type": "Polygon", "coordinates": [[[-97.73292850227811, 30.267347538991167], [-97.73293847897843, 30.26737405852469], [-97.73296459831893, 30.267390448497775], [-97.73299688359934, 30.267390448497775], [-97.73302300293985, 30.26737405852469], [-97.73303297964016, 30.267347538991167], [-97.73302300293985, 30.267321019457643], [-97.73299688359934, 30.26730462948456], [-97.73296459831893, 30.26730462948456], [-97.73293847897843, 30.267321019457643], [-97.73292850227811, 30.267347538991167]]]}}, {"type": "Feature", "properties": {"kind": "street", "radius_m": 6.4, "source": "snapshot"}, "geometry": {"type": "Polygon", "coordinates": [[[-97.73162978498337, 30.267442698566267], [-97.73164243414254, 30.267476321887617], [-97.73167555007117, 30.267497102243027], [-97.73171648361009, 30.267497102243027], [-97.73174959953872, 30.267476321887617], [-97.73176224869789, 30.267442698566267], [-97.73174959953872, 30.267409075244917], [-97.73171648361009, 30.267388294889507], [-97.73167555007117, 30.267388294889507], [-97.73164243414254, 30.267409075244917], [-97.73162978498337, 30.267442698566267]]]}}, {"type": "Feature", "properties": {"kind": "street", "radius_m": 6.0, "source": "snapshot"}, "geometry": {"type": "Polygon", "coordinates": [[[-97.731553995342, 30.267346210520778], [-97.73156599465437, 30.267378106453997], [-97.73159740926202, 30.26739781922483], [-97.73163623985256, 30.26739781922483], [-97.73166765446021, 30.267378106453997], [-97.73167965377259, 30.267346210520778], [-97.73166765446021, 30.26731431458756], [-97.73163623985256, 30.267294601816726], [-97.73159740926202, 30.267294601816726], [-97.73156599465437, 30.26731431458756], [-97.731553995342, 30.267346210520778]]]}}, {"type": "Feature", "properties": {"kind": "street", "radius_m": 4.9, "source": "snapshot"}, "geometry": {"type": "Polygon", "coordinates": [[[-97.73137298514364, 30.26734771330376], [-97.73138276163144, 30.267373700643038], [-97.73140835680877, 30.26738976170199], [-97.73143999418787, 30.26738976170199], [-97.7314655893652, 30.267373700643038], [-97.731475365853, 30.26734771330376], [-97.7314655893652, 30.267321725964482], [-97.73143999418787, 30.267305664905532], [-97.73140835680877, 30.267305664905532], [-97.73138276163144, 30.267321725964482], [-97.73137298514364, 30.26734771330376]]]}}, {"type": "Feature", "properties": {"kind": "street", "radius_m": 4.7, "source": "snapshot"}, "geometry": {"type": "Polygon", "coordinates": [[[-97.73099944560668, 30.267342267487493], [-97.73100884522535, 30.26736725305333], [-97.7310334537465, 30.267382694982242], [-97.7310638715515, 30.267382694982242], [-97.73108848007266, 30.26736725305333], [-97.73109787969132, 30.267342267487493], [-97.73108848007266, 30.267317281921656], [-97.7310638715515, 30.267301839992744], [-97.7310334537465, 30.267301839992744], [-97.73100884522535, 30.267317281921656], [-97.73099944560668, 30.267342267487493]]]}}, {"type": "Feature", "properties": {"kind": "street", "radius_m": 6.0, "source": "snapshot"}, "geometry": {"type": "Polygon", "coordinates": [[[-97.73066933755315, 30.26745116991024], [-97.7306812406553, 30.267482810102557], [-97.7307124033813, 30.267502364816817], [-97.73075092262901, 30.267502364816817], [-97.73078208535502, 30.267482810102557], [-97.73079398845717, 30.26745116991024], [-97.73078208535502, 30.267419529717927], [-97.73075092262901, 30.267399975003666], [-97.7307124033813, 30.267399975003666], [-97.7306812406553, 30.267419529717927], [-97.73066933755315, 30.26745116991024]]]}}, {"type": "Feature", "properties": {"kind": "street", "radius_m": 6.4, "source": "snapshot"}, "geometry": {"type": "Polygon", "coordinates": [[[-97.75365994870064, 30.267463877409337], [-97.75367257116528, 30.26749742977269], [-97.7537056172067, 30.26751816627364], [-97.75374646436028, 30.26751816627364], [-97.7537795104017, 30.26749742977269], [-97.75379213286634, 30.267463877409337], [-97.7537795104017, 30.267430325045986], [-97.75374646436028, 30.267409588545036], [-97.7537056172067, 30.267409588545036], [-97.75367257116528, 30.267430325045986], [-97.75365994870064, 30.267463877409337]]]}}, {"type": "Feature", "properties": {"kind": "street", "radius_m": 6.4, "source": "snapshot"}, "geometry": {"type": "Polygon", "coordinates": [[[-97.75300874477335, 30.268234844264974], [-97.75302148229471, 30.268268702466], [-97.75305482955856, 30.26828962798503], [-97.75309604904355, 30.26828962798503], [-97.7531293963074, 30.268268702466], [-97.75314213382876, 30.268234844264974], [-97.7531293963074, 30.26820098606395], [-97.75309604904355, 30.268180060544918], [-97.75305482955856, 30.268180060544918], [-97.75302148229471, 30.26820098606395], [-97.75300874477335, 30.268234844264974]]]}}, {"type": "Feature", "properties": {"kind": "street", "radius_m": 5.8, "source": "snapshot"}, "geometry": {"type": "Polygon", "coordinates": [[[-97.75208444628439, 30.26834762184196], [-97.75209598465477, 30.268378292523753], [-97.75212619250065, 30.268397248047556], [-97.75216353145161, 30.268397248047556], [-97.7521937392975, 30.268378292523753], [-97.75220527766788, 30.26834762184196], [-97.7521937392975, 30.26831695116017], [-97.75216353145161, 30.268297995636367], [-97.75212619250065, 30.268297995636367], [-97.75209598465477, 30.26831695116017], [-97.75208444628439, 30.26834762184196]]]}}, {"type": "Feature", "properties": {"kind": "street", "radius_m": 4.9, "source": "snapshot"}, "geometry": {"type": "Polygon", "coordinates": [[[-97.7510067854207, 30.268250483113462], [-97.75101643898974, 30.268276143716633], [-97.75104171236158, 30.268292002841566], [-97.7510729519672, 30.268292002841566], [-97.75109822533905, 30.268276143716633], [-97.75110787890809, 30.268250483113462], [-97.75109822533905, 30.26822482251029], [-97.7510729519672, 30.26820896338536], [-97.75104171236158, 30.26820896338536], [-97.75101643898974, 30.26822482251029], [-97.7510067854207, 30.268250483113462]]]}}, {"type": "Feature", "properties": {"kind": "street", "radius_m": 5.4, "source": "snapshot"}, "geometry": {"type": "Polygon", "coordinates": [[[-97.74985406681753, 30.2683430569195], [-97.74986477725245, 30.2683715268273], [-97.74989281753513, 30.268389122197977], [-97.7499274772306, 30.268389122197977], [-97.74995551751327, 30.2683715268273], [-97.74996622794819, 30.2683430569195], [-97.74995551751327, 30.268314587011698], [-97.7499274772306, 30.26829699164102], [-97.74989281753513, 30.26829699164102], [-97.74986477725245, 30.268314587011698], [-97.74985406681753, 30.2683430569195]]]}}, {"type": "Feature", "properties": {"kind": "street", "radius_m": 4.5, "source": "snapshot"}, "geometry": {"type": "Polygon", "coordinates": [[[-97.74963705904487, 30.26834805866922], [-97.74964609199853, 30.268372069585606], [-97.74966974057818, 30.268386909148035], [-97.74969897183021, 30.268386909148035], [-97.74972262040987, 30.268372069585606], [-97.74973165336353, 30.26834805866922], [-97.74972262040987, 30.26832404775283], [-97.74969897183021, 30.268309208190402], [-97.74966974057818, 30.268309208190402], [-97.74964609199853, 30.26832404775283], [-97.74963705904487, 30.26834805866922]]]}}, {"type": "Feature", "properties": {"kind": "street", "radius_m": 6.2, "source": "snapshot"}, "geometry": {"type": "Polygon", "coordinates": [[[-97.74953190487506, 30.268234283898643], [-97.74954416278223, 30.268266867214802], [-97.74957625439987, 30.26828700481165], [-97.74961592182078, 30.26828700481165], [-97.74964801343842, 30.268266867214802], [-97.74966027134559, 30.268234283898643], [-97.74964801343842, 30.268201700582484], [-97.74961592182078, 30.268181562985635], [-97.74957625439987, 30.268181562985635], [-97.74954416278223, 30.268201700582484], [-97.74953190487506, 30.268234283898643]]]}}, {"type": "Feature", "properties": {"kind": "street", "radius_m": 5.8, "source": "snapshot"}, "geometry": {"type": "Polygon", "coordinates": [[[-97.7484160141698, 30.268363504513772], [-97.74842756068979, 30.268394196858367], [-97.74845778987158, 30.26841316577052], [-97.74849515519516, 30.26841316577052], [-97.74852538437695, 30.268394196858367], [-97.74853693089693, 30.268363504513772], [-97.74852538437695, 30.268332812169177], [-97.74849515519516, 30.268313843257022], [-97.74845778987158, 30.268313843257022], [-97.74842756068979, 30.268332812169177], [-97.7484160141698, 30.268363504513772]]]}}, {"type": "Feature", "properties": {"kind": "street", "radius_m": 5.8, "source": "snapshot"}, "geometry": {"type": "Polygon", "coordinates": [[[-97.74720128249305, 30.268246991854728], [-97.74721275903568, 30.268277498189253], [-97.74724280501438, 30.26829635214086], [-97.74727994388648, 30.26829635214086], [-97.74730998986519, 30.268277498189253], [-97.74732146640781, 30.268246991854728], [-97.74730998986519, 30.268216485520202], [-97.74727994388648, 30.268197631568594], [-97.74724280501438, 30.268197631568594], [-97.74721275903568, 30.268216485520202], [-97.74720128249305, 30.268246991854728]]]}}, {"type": "Feature", "properties": {"kind": "street", "radius_m": 6.0, "source": "snapshot"}, "geometry": {"type": "Polygon", "coordinates": [[[-97.74659730812901, 30.268248069078364], [-97.74660930550553, 30.26827995986577], [-97.74664071504502, 30.268299669456315], [-97.74667953937096, 30.268299669456315], [-97.74671094891045, 30.26827995986577], [-97.74672294628697, 30.268248069078364], [-97.74671094891045, 30.26821617829096], [-97.74667953937096, 30.268196468700413], [-97.74664071504502, 30.268196468700413], [-97.74660930550553, 30.26821617829096], [-97.74659730812901, 30.268248069078364]]]}}, {"type": "Feature", "properties": {"kind": "street", "radius_m": 6.1, "source": "snapshot"}, "geometry": {"type": "Polygon", "coordinates": [[[-97.74628517268488, 30.26834478887976], [-97.74629719876661, 30.268376755969854], [-97.74632868345734, 30.268396512718056], [-97.74636760067534, 30.268396512718056], [-97.74639908536606, 30.268376755969854], [-97.7464111114478, 30.26834478887976], [-97.74639908536606, 30.268312821789664], [-97.74636760067534, 30.268293065041462], [-97.74632868345734, 30.268293065041462], [-97.74629719876661, 30.268312821789664], [-97.74628517268488, 30.26834478887976]]]}}, {"type": "Feature", "properties": {"kind": "street", "radius_m": 5.0, "source": "snapshot"}, "geometry": {"type": "Polygon", "coordinates": [[[-97.74599636847921, 30.26825795745649], [-97.74600635873576, 30.26828451302449], [-97.74603251356696, 30.2683009252681], [-97.74606484271628, 30.2683009252681], [-97.74609099754748, 30.26828451302449], [-97.74610098780403, 30.26825795745649], [-97.74609099754748, 30.268231401888492], [-97.74606484271628, 30.268214989644882], [-97.74603251356696, 30.268214989644882], [-97.74600635873576, 30.268231401888492], [-97.74599636847921, 30.26825795745649]]]}}, {"type": "Feature", "properties": {"kind": "street", "radius_m": 6.0, "source": "snapshot"}, "geometry": {"type": "Polygon", "coordinates": [[[-97.74435004763205, 30.268353684619864], [-97.74436204034774, 30.268385563018096], [-97.744393437685, 30.26840526495171], [-97.7444322469282, 30.26840526495171], [-97.74446364426547, 30.268385563018096], [-97.74447563698115, 30.268353684619864], [-97.74446364426547, 30.268321806221632], [-97.7444322469282, 30.26830210428802], [-97.744393437685, 30.26830210428802], [-97.74436204034774, 30.268321806221632], [-97.74435004763205, 30.268353684619864]]]}}, {"type": "Feature", "properties": {"kind": "street", "radius_m": 5.9, "source": "snapshot"}, "geometry": {"type": "Polygon", "coordinates": [[[-97.74425519228411, 30.268242238461184], [-97.74426697322181, 30.268273553922448], [-97.74429781611711, 30.26829290794188], [-97.74433594003234, 30.26829290794188], [-97.74436678292764, 30.268273553922448], [-97.74437856386534, 30.268242238461184], [-97.74436678292764, 30.26821092299992], [-97.74433594003234, 30.268191568980487], [-97.74429781611711, 30.268191568980487], [-97.74426697322181, 30.26821092299992], [-97.74425519228411, 30.268242238461184]]]}}, {"type": "Feature", "properties": {"kind": "street", "radius_m": 5.0, "source": "snapshot"}, "geometry": {"type": "Polygon", "coordinates": [[[-97.74402206242421, 30.268257610864982], [-97.74403199678943, 30.26828401786564], [-97.74405800529526, 30.26830033828959], [-97.74409015357644, 30.26830033828959], [-97.74411616208226, 30.26828401786564], [-97.74412609644749, 30.268257610864982], [-97.74411616208226, 30.268231203864325], [-97.74409015357644, 30.268214883440375], [-97.74405800529526, 30.268214883440375], [-97.74403199678943, 30.268231203864325], [-97.74402206242421, 30.268257610864982]]]}}, {"type": "Feature", "properties": {"kind": "street", "radius_m": 5.8, "source": "snapshot"}, "geometry": {"type": "Polygon", "coordinates": [[[-97.74315615520422, 30.26824231938728], [-97.74316773434569, 30.26827309844454], [-97.74319804893159, 30.268292120948065], [-97.74323551982047, 30.268292120948065], [-97.74326583440637, 30.26827309844454], [-97.74327741354784, 30.26824231938728], [-97.74326583440637, 30.26821154033002], [-97.74323551982047, 30.268192517826495], [-97.74319804893159, 30.268192517826495], [-97.74316773434569, 30.26821154033002], [-97.74315615520422, 30.26824231938728]]]}}, {"type": "Feature", "properties": {"kind": "street", "radius_m": 5.6, "source": "snapshot"}, "geometry": {"type": "Polygon", "coordinates": [[[-97.74294322341437, 30.268240709974865], [-97.7429544451407, 30.26827053897025], [-97.74298382400164, 30.268288974303246], [-97.74302013827085, 30.268288974303246], [-97.7430495171318, 30.26827053897025], [-97.74306073885812, 30.268240709974865], [-97.7430495171318, 30.26821088097948], [-97.74302013827085, 30.268192445646484], [-97.74298382400164, 30.268192445646484], [-97.7429544451407, 30.26821088097948], [-97.74294322341437, 30.268240709974865]]]}}, {"type": "Feature", "properties": {"kind": "street", "radius_m": 5.5, "source": "snapshot"}, "geometry": {"type": "Polygon", "coordinates": [[[-97.7409697444158, 30.26823386214483], [-97.74098059836464, 30.268262713533687], [-97.74100901437163, 30.268280544672624], [-97.74104413848792, 30.268280544672624], [-97.7410725544949, 30.268262713533687], [-97.74108340844374, 30.26823386214483], [-97.7410725544949, 30.26820501075597], [-97.74104413848792, 30.268187179617033], [-97.74100901437163, 30.268187179617033], [-97.74098059836464, 30.26820501075597], [-97.7409697444158, 30.26823386214483]]]}}, {"type": "Feature", "properties": {"kind": "street", "radius_m": 4.7, "source": "snapshot"}, "geometry": {"type": "Polygon", "coordinates": [[[-97.73921500816871, 30.268245168173827], [-97.73922426660374, 30.268269778452826], [-97.73924850550134, 30.26828498844172], [-97.73927846642647, 30.26828498844172], [-97.73930270532406, 30.268269778452826], [-97.73931196375909, 30.268245168173827], [-97.73930270532406, 30.26822055789483], [-97.73927846642647, 30.268205347905933], [-97.73924850550134, 30.268205347905933], [-97.73922426660374, 30.26822055789483], [-97.73921500816871, 30.268245168173827]]]}}, {"type": "Feature", "properties": {"kind": "street", "radius_m": 4.9, "source": "snapshot"}, "geometry": {"type": "Polygon", "coordinates": [[[-97.73830119124908, 30.2683414839521], [-97.73831088886257, 30.26836726163192], [-97.73833627754432, 30.2683831931142], [-97.73836765968083, 30.2683831931142], [-97.73839304836258, 30.26836726163192], [-97.73840274597607, 30.2683414839521], [-97.73839304836258, 30.26831570627228], [-97.73836765968083, 30.26829977479], [-97.73833627754432, 30.26829977479], [-97.73831088886257, 30.26831570627228], [-97.73830119124908, 30.2683414839521]]]}}, {"type": "Feature", "properties": {"kind": "street", "radius_m": 4.8, "source": "snapshot"}, "geometry": {"type": "Polygon", "coordinates": [[[-97.7374168337653, 30.268242522693072], [-97.73742632852688, 30.268267761162726], [-97.73745118613542, 30.268283359394793], [-97.73748191182932, 30.268283359394793], [-97.73750676943786, 30.268267761162726], [-97.73751626419944, 30.268242522693072], [-97.73750676943786, 30.268217284223418], [-97.73748191182932, 30.26820168599135], [-97.73745118613542, 30.26820168599135], [-97.73742632852688, 30.268217284223418], [-97.7374168337653, 30.268242522693072]]]}}, {"type": "Feature", "properties": {"kind": "street", "radius_m": 5.5, "source": "snapshot"}, "geometry": {"type": "Polygon", "coordinates": [[[-97.73721228090865, 30.268240179508584], [-97.7372231633274, 30.268269106574625], [-97.73725165386955, 30.268286984484632], [-97.73728687011638, 30.268286984484632], [-97.73731536065853, 30.268269106574625], [-97.73732624307728, 30.268240179508584], [-97.73731536065853, 30.268211252442544], [-97.73728687011638, 30.268193374532537], [-97.73725165386955, 30.268193374532537], [-97.7372231633274, 30.268211252442544], [-97.73721228090865, 30.268240179508584]]]}}, {"type": "Feature", "properties": {"kind": "street", "radius_m": 5.6, "source": "snapshot"}, "geometry": {"type": "Polygon", "coordinates": [[[-97.73687841805366, 30.268354991521214], [-97.73688947808628, 30.268384390710988], [-97.7369184336276, 30.26840256040951], [-97.73695422464498, 30.26840256040951], [-97.73698318018629, 30.268384390710988], [-97.7369942402189, 30.268354991521214], [-97.73698318018629, 30.26832559233144], [-97.73695422464498, 30.26830742263292], [-97.7369184336276, 30.26830742263292], [-97.73688947808628, 30.26832559233144], [-97.73687841805366, 30.268354991521214]]]}}, {"type": "Feature", "properties": {"kind": "street", "radius_m": 4.6, "source": "snapshot"}, "geometry": {"type": "Polygon", "coordinates": [[[-97.73600085843267, 30.268258065366876], [-97.73600996732263, 30.268282278133118], [-97.73603381470613, 30.268297242445616], [-97.73606329169323, 30.268297242445616], [-97.73608713907673, 30.268282278133118], [-97.73609624796669, 30.268258065366876], [-97.73608713907673, 30.268233852600634], [-97.73606329169323, 30.268218888288136], [-97.73603381470613, 30.268218888288136], [-97.73600996732263, 30.268233852600634], [-97.73600085843267, 30.268258065366876]]]}}, {"type": "Feature", "properties": {"kind": "street", "radius_m": 5.4, "source": "snapshot"}, "geometry": {"type": "Polygon", "coordinates": [[[-97.73581564891818, 30.268237825088775], [-97.73582640872768, 30.268266426241453], [-97.73585457827467, 30.26828410272593], [-97.73588939774966, 30.26828410272593], [-97.73591756729665, 30.268266426241453], [-97.73592832710615, 30.268237825088775], [-97.73591756729665, 30.268209223936097], [-97.73588939774966, 30.26819154745162], [-97.73585457827467, 30.26819154745162], [-97.73582640872768, 30.268209223936097], [-97.73581564891818, 30.268237825088775]]]}}, {"type": "Feature", "properties": {"kind": "street", "radius_m": 4.6, "source": "snapshot"}, "geometry": {"type": "Polygon", "coordinates": [[[-97.73521731006403, 30.268243963015298], [-97.73522639536802, 30.268268113086563], [-97.73525018100264, 30.26828303865144], [-97.73527958166392, 30.26828303865144], [-97.73530336729854, 30.268268113086563], [-97.73531245260253, 30.268243963015298], [-97.73530336729854, 30.268219812944032], [-97.73527958166392, 30.268204887379156], [-97.73525018100264, 30.268204887379156], [-97.73522639536802, 30.268219812944032], [-97.73521731006403, 30.268243963015298]]]}}, {"type": "Feature", "properties": {"kind": "street", "radius_m": 6.3, "source": "snapshot"}, "geometry": {"type": "Polygon", "coordinates": [[[-97.73486689386931, 30.268358044327886], [-97.7348794797705, 30.268391499500215], [-97.73491243008755, 30.26841217593381], [-97.73495315891932, 30.26841217593381], [-97.73498610923637, 30.268391499500215], [-97.73499869513756, 30.268358044327886], [-97.73498610923637, 30.268324589155558], [-97.73495315891932, 30.26830391272196], [-97.73491243008755, 30.26830391272196], [-97.7348794797705, 30.268324589155558], [-97.73486689386931, 30.268358044327886]]]}}, {"type": "Feature", "properties": {"kind": "street", "radius_m": 4.8, "source": "snapshot"}, "geometry": {"type": "Polygon", "coordinates": [[[-97.7344809262128, 30.268359323485747], [-97.73449054931983, 30.26838490311645], [-97.73451574294111, 30.268400712197643], [-97.73454688396964, 30.268400712197643], [-97.73457207759093, 30.26838490311645], [-97.73458170069796, 30.268359323485747], [-97.73457207759093, 30.268333743855045], [-97.73454688396964, 30.26831793477385], [-97.73451574294111, 30.26831793477385], [-97.73449054931983, 30.268333743855045], [-97.7344809262128, 30.268359323485747]]]}}, {"type": "Feature", "properties": {"kind": "street", "radius_m": 5.4, "source": "snapshot"}, "geometry": {"type": "Polygon", "coordinates": [[[-97.73440010029421, 30.268251293460253], [-97.73441085142008, 30.268279871530567], [-97.73443899823303, 30.268297533749354], [-97.7344737896072, 30.268297533749354], [-97.73450193642014, 30.268279871530567], [-97.73451268754602, 30.268251293460253], [-97.73450193642014, 30.26822271538994], [-97.7344737896072, 30.26820505317115], [-97.73443899823303, 30.26820505317115], [-97.73441085142008, 30.26822271538994], [-97.73440010029421, 30.268251293460253]]]}}, {"type": "Feature", "properties": {"kind": "street", "radius_m": 4.7, "source": "snapshot"}, "geometry": {"type": "Polygon", "coordinates": [[[-97.73421623027436, 30.268243647794936], [-97.73422559150322, 30.26826853131504], [-97.73425009951858, 30.268283910176226], [-97.73428039309154, 30.268283910176226], [-97.7343049011069, 30.26826853131504], [-97.73431426233576, 30.268243647794936], [-97.7343049011069, 30.26821876427483], [-97.73428039309154, 30.268203385413646], [-97.73425009951858, 30.268203385413646], [-97.73422559150322, 30.26821876427483], [-97.73421623027436, 30.268243647794936]]]}}, {"type": "Feature", "properties": {"kind": "street", "radius_m": 6.1, "source": "snapshot"}, "geometry": {"type": "Polygon", "coordinates": [[[-97.73322440940208, 30.268362103490773], [-97.733236572208, 30.268394434013786], [-97.73326841484726, 30.26841441537588], [-97.73330777451397, 30.26841441537588], [-97.73333961715323, 30.268394434013786], [-97.73335177995915, 30.268362103490773], [-97.73333961715323, 30.26832977296776], [-97.73330777451397, 30.268309791605667], [-97.73326841484726, 30.268309791605667], [-97.733236572208, 30.26832977296776], [-97.73322440940208, 30.268362103490773]]]}}, {"type": "Feature", "properties": {"kind": "street", "radius_m": 4.8, "source": "snapshot"}, "geometry": {"type": "Polygon", "coordinates": [[[-97.73253668352363, 30.268233277400213], [-97.73254616790211, 30.268258488270046], [-97.73257099832732, 30.268274069444487], [-97.7326016904208, 30.268274069444487], [-97.732626520846, 30.268258488270046], [-97.73263600522448, 30.268233277400213], [-97.732626520846, 30.26820806653038], [-97.7326016904208, 30.26819248535594], [-97.73257099832732, 30.26819248535594], [-97.73254616790211, 30.26820806653038], [-97.73253668352363, 30.268233277400213]]]}}, {"type": "Feature", "properties": {"kind": "street", "radius_m": 5.3, "source": "snapshot"}, "geometry": {"type": "Polygon", "coordinates": [[[-97.73144853359501, 30.26834367801355], [-97.7314591217159, 30.26837182279269], [-97.73148684177626, 30.268389217222804], [-97.7315211056552, 30.268389217222804], [-97.73154882571556, 30.26837182279269], [-97.73155941383645, 30.26834367801355], [-97.73154882571556, 30.26831553323441], [-97.7315211056552, 30.268298138804298], [-97.73148684177626, 30.268298138804298], [-97.7314591217159, 30.26831553323441], [-97.73144853359501, 30.26834367801355]]]}}, {"type": "Feature", "properties": {"kind": "street", "radius_m": 5.7, "source": "snapshot"}, "geometry": {"type": "Polygon", "coordinates": [[[-97.75479037936145, 30.268256881930004], [-97.75480175126455, 30.268287110117253], [-97.75483152329335, 30.268305792164394], [-97.75486832354477, 30.268305792164394], [-97.75489809557357, 30.268287110117253], [-97.75490946747666, 30.268256881930004], [-97.75489809557357, 30.268226653742754], [-97.75486832354477, 30.268207971695613], [-97.75483152329335, 30.268207971695613], [-97.75480175126455, 30.268226653742754], [-97.75479037936145, 30.268256881930004]]]}}, {"type": "Feature", "properties": {"kind": "street", "radius_m": 4.9, "source": "snapshot"}, "geometry": {"type": "Polygon", "coordinates": [[[-97.75428746485926, 30.26835354745261], [-97.75429711642681, 30.268379202735552], [-97.7543223845587, 30.268395058572402], [-97.75435361768741, 30.268395058572402], [-97.7543788858193, 30.268379202735552], [-97.75438853738686, 30.26835354745261], [-97.7543788858193, 30.268327892169665], [-97.75435361768741, 30.268312036332816], [-97.7543223845587, 30.268312036332816], [-97.75429711642681, 30.268327892169665], [-97.75428746485926, 30.26835354745261]]]}}, {"type": "Feature", "properties": {"kind": "street", "radius_m": 5.3, "source": "snapshot"}, "geometry": {"type": "Polygon", "coordinates": [[[-97.75421167839251, 30.26824201161179], [-97.75422227075602, 30.268270167668444], [-97.75425000192371, 30.268287569068445], [-97.75428427953207, 30.268287569068445], [-97.75431201069976, 30.268270167668444], [-97.75432260306327, 30.26824201161179], [-97.75431201069976, 30.268213855555135], [-97.75428427953207, 30.268196454155134], [-97.75425000192371, 30.268196454155134], [-97.75422227075602, 30.268213855555135], [-97.75421167839251, 30.26824201161179]]]}}, {"type": "Feature", "properties": {"kind": "street", "radius_m": 5.3, "source": "snapshot"}, "geometry": {"type": "Polygon", "coordinates": [[[-97.75341139331961, 30.268242333119733], [-97.75342196903344, 30.268270444919118], [-97.75344965661172, 30.26828781896662], [-97.75348388034062, 30.26828781896662], [-97.7535115679189, 30.268270444919118], [-97.75352214363274, 30.268242333119733], [-97.7535115679189, 30.26821422132035], [-97.75348388034062, 30.268196847272847], [-97.75344965661172, 30.268196847272847], [-97.75342196903344, 30.26821422132035], [-97.75341139331961, 30.268242333119733]]]}}, {"type": "Feature", "properties": {"kind": "street", "radius_m": 7.8, "source": "snapshot"}, "geometry": {"type": "Polygon", "coordinates": [[[-97.75289118128252, 30.269145274895806], [-97.7529067269286, 30.269186597504422], [-97.7529474259584, 30.26921213628105], [-97.75299773272586, 30.26921213628105], [-97.75303843175566, 30.269186597504422], [-97.75305397740173, 30.269145274895806], [-97.75303843175566, 30.26910395228719], [-97.75299773272586, 30.269078413510563], [-97.7529474259584, 30.269078413510563], [-97.7529067269286, 30.26910395228719], [-97.75289118128252, 30.269145274895806]]]}}, {"type": "Feature", "properties": {"kind": "street", "radius_m": 4.9, "source": "snapshot"}, "geometry": {"type": "Polygon", "coordinates": [[[-97.75240197144679, 30.26914054716245], [-97.7524117272043, 30.269166479397573], [-97.75243726810903, 30.26918250640028], [-97.75246883840349, 30.26918250640028], [-97.75249437930822, 30.269166479397573], [-97.75250413506573, 30.26914054716245], [-97.75249437930822, 30.26911461492733], [-97.75246883840349, 30.26909858792462], [-97.75243726810903, 30.26909858792462], [-97.7524117272043, 30.26911461492733], [-97.75240197144679, 30.26914054716245]]]}}, {"type": "Feature", "properties": {"kind": "street", "radius_m": 6.4, "source": "snapshot"}, "geometry": {"type": "Polygon", "coordinates": [[[-97.75214164466973, 30.26904982299754], [-97.75215433583365, 30.269083557973712], [-97.75218756173219, 30.269104407335593], [-97.75222863120136, 30.269104407335593], [-97.7522618570999, 30.269083557973712], [-97.75227454826381, 30.26904982299754], [-97.7522618570999, 30.26901608802137], [-97.75222863120136, 30.26899523865949], [-97.75218756173219, 30.26899523865949], [-97.75215433583365, 30.26901608802137], [-97.75214164466973, 30.26904982299754]]]}}, {"type": "Feature", "properties": {"kind": "street", "radius_m": 5.5, "source": "snapshot"}, "geometry": {"type": "Polygon", "coordinates": [[[-97.75198897364614, 30.269038816081125], [-97.75199983427, 30.26906768521316], [-97.75202826775241, 30.269085527317984], [-97.75206341346949, 30.269085527317984], [-97.7520918469519, 30.26906768521316], [-97.75210270757576, 30.269038816081125], [-97.7520918469519, 30.26900994694909], [-97.75206341346949, 30.268992104844266], [-97.75202826775241, 30.268992104844266], [-97.75199983427, 30.26900994694909], [-97.75198897364614, 30.269038816081125]]]}}, {"type": "Feature", "properties": {"kind": "street", "radius_m": 7.9, "source": "snapshot"}, "geometry": {"type": "Polygon", "coordinates": [[[-97.75178959731558, 30.26903810780709], [-97.75180527002209, 30.269079768161], [-97.75184630170044, 30.269105515675697], [-97.75189701964412, 30.269105515675697], [-97.75193805132247, 30.269079768161], [-97.75195372402898, 30.26903810780709], [-97.75193805132247, 30.268996447453183], [-97.75189701964412, 30.268970699938485], [-97.75184630170044, 30.268970699938485], [-97.75180527002209, 30.268996447453183], [-97.75178959731558, 30.26903810780709]]]}}, {"type": "Feature", "properties": {"kind": "street", "radius_m": 6.8, "source": "snapshot"}, "geometry": {"type": "Polygon", "coordinates": [[[-97.75131200639215, 30.269158483901414], [-97.75132542851729, 30.269194161879753], [-97.75136056809711, 30.269216212083016], [-97.75140400300646, 30.269216212083016], [-97.75143914258628, 30.269194161879753], [-97.75145256471141, 30.269158483901414], [-97.75143914258628, 30.269122805923075], [-97.75140400300646, 30.269100755719812], [-97.75136056809711, 30.269100755719812], [-97.75132542851729, 30.269122805923075], [-97.75131200639215, 30.269158483901414]]]}}, {"type": "Feature", "properties": {"kind": "street", "radius_m": 7.3, "source": "snapshot"}, "geometry": {"type": "Polygon", "coordinates": [[[-97.75113851856176, 30.269152138114688], [-97.75115305510639, 30.269190778383557], [-97.7511911122743, 30.26921465938305], [-97.75123815352084, 30.26921465938305], [-97.75127621068876, 30.269190778383557], [-97.75129074723338, 30.269152138114688], [-97.75127621068876, 30.26911349784582], [-97.75123815352084, 30.269089616846326], [-97.7511911122743, 30.269089616846326], [-97.75115305510639, 30.26911349784582], [-97.75113851856176, 30.269152138114688]]]}}, {"type": "Feature", "properties": {"kind": "street", "radius_m": 5.1, "source": "snapshot"}, "geometry": {"type": "Polygon", "coordinates": [[[-97.75094170017714, 30.269039622254272], [-97.7509518618141, 30.269066633376557], [-97.75097846532505, 30.269083327168207], [-97.75101134907304, 30.269083327168207], [-97.75103795258399, 30.269066633376557], [-97.75104811422095, 30.269039622254272], [-97.75103795258399, 30.269012611131988], [-97.75101134907304, 30.268995917340337], [-97.75097846532505, 30.268995917340337], [-97.7509518618141, 30.269012611131988], [-97.75094170017714, 30.269039622254272]]]}}, {"type": "Feature", "properties": {"kind": "street", "radius_m": 6.6, "source": "snapshot"}, "geometry": {"type": "Polygon", "coordinates": [[[-97.7502230191771, 30.269035454208367], [-97.75023607870571, 30.2690701683519], [-97.75027026899546, 30.26909162287249], [-97.75031253051777, 30.26909162287249], [-97.75034672080753, 30.2690701683519], [-97.75035978033614, 30.269035454208367], [-97.75034672080753, 30.269000740064836], [-97.75031253051777, 30.268979285544244], [-97.75027026899546, 30.268979285544244], [-97.75023607870571, 30.269000740064836], [-97.7502230191771, 30.269035454208367]]]}}, {"type": "Feature", "properties": {"kind": "street", "radius_m": 5.6, "source": "snapshot"}, "geometry": {"type": "Polygon", "coordinates": [[[-97.75002767894351, 30.269054219779136], [-97.75003888203116, 30.269083999230183], [-97.75006821209541, 30.269102403943094], [-97.75010446604861, 30.269102403943094], [-97.75013379611286, 30.269083999230183], [-97.75014499920051, 30.269054219779136], [-97.75013379611286, 30.26902444032809], [-97.75010446604861, 30.269006035615178], [-97.75006821209541, 30.269006035615178], [-97.75003888203116, 30.26902444032809], [-97.75002767894351, 30.269054219779136]]]}}, {"type": "Feature", "properties": {"kind": "street", "radius_m": 7.5, "source": "snapshot"}, "geometry": {"type": "Polygon", "coordinates": [[[-97.74963805987228, 30.26905693323391], [-97.74965304646385, 30.269096769793606], [-97.74969228186995, 30.269121390141493], [-97.74974077949904, 30.269121390141493], [-97.74978001490514, 30.269096769793606], [-97.74979500149671, 30.26905693323391], [-97.74978001490514, 30.26901709667421], [-97.74974077949904, 30.268992476326325], [-97.74969228186995, 30.268992476326325], [-97.74965304646385, 30.26901709667421], [-97.74963805987228, 30.26905693323391]]]}}, {"type": "Feature", "properties": {"kind": "street", "radius_m": 6.2, "source": "snapshot"}, "geometry": {"type": "Polygon", "coordinates": [[[-97.74936520575092, 30.269146370717525], [-97.74937751234222, 30.26917908344323], [-97.74940973141655, 30.269199301019583], [-97.7494495563826, 30.269199301019583], [-97.74948177545693, 30.26917908344323], [-97.74949408204823, 30.269146370717525], [-97.74948177545693, 30.26911365799182], [-97.7494495563826, 30.269093440415467], [-97.74940973141655, 30.269093440415467], [-97.74937751234222, 30.26911365799182], [-97.74936520575092, 30.269146370717525]]]}}, {"type": "Feature", "properties": {"kind": "street", "radius_m": 5.9, "source": "snapshot"}, "geometry": {"type": "Polygon", "coordinates": [[[-97.74883000566042, 30.26916542994385], [-97.748841637331, 30.26919634863121], [-97.74887208943991, 30.26921545743088], [-97.7489097303166, 30.26921545743088], [-97.74894018242551, 30.26919634863121], [-97.74895181409609, 30.26916542994385], [-97.74894018242551, 30.269134511256492], [-97.7489097303166, 30.26911540245682], [-97.74887208943991, 30.26911540245682], [-97.748841637331, 30.269134511256492], [-97.74883000566042, 30.26916542994385]]]}}, {"type": "Feature", "properties": {"kind": "street", "radius_m": 7.9, "source": "snapshot"}, "geometry": {"type": "Polygon", "coordinates": [[[-97.74878694703129, 30.269040177293853], [-97.74880266827982, 30.269081966679547], [-97.7488438270428, 30.26910779394027], [-97.74889470207171, 30.26910779394027], [-97.74893586083469, 30.269081966679547], [-97.74895158208322, 30.269040177293853], [-97.74893586083469, 30.26899838790816], [-97.74889470207171, 30.268972560647434], [-97.7488438270428, 30.268972560647434], [-97.74880266827982, 30.26899838790816], [-97.74878694703129, 30.269040177293853]]]}}, {"type": "Feature", "properties": {"kind": "street", "radius_m": 4.7, "source": "snapshot"}, "geometry": {"type": "Polygon", "coordinates": [[[-97.74863513117704, 30.269056147724633], [-97.74864448469593, 30.269081010750497], [-97.74866897252632, 30.269096376945544], [-97.74869924114928, 30.269096376945544], [-97.74872372897967, 30.269081010750497], [-97.74873308249856, 30.269056147724633], [-97.74872372897967, 30.26903128469877], [-97.74869924114928, 30.269015918503722], [-97.74866897252632, 30.269015918503722], [-97.74864448469593, 30.26903128469877], [-97.74863513117704, 30.269056147724633]]]}}, {"type": "Feature", "properties": {"kind": "street", "radius_m": 5.1, "source": "snapshot"}, "geometry": {"type": "Polygon", "coordinates": [[[-97.74834025221858, 30.269163375441067], [-97.74835038127458, 30.26919029995838], [-97.74837689948748, 30.26920694022521], [-97.74840967780125, 30.26920694022521], [-97.74843619601415, 30.26919029995838], [-97.74844632507015, 30.269163375441067], [-97.74843619601415, 30.269136450923753], [-97.74840967780125, 30.269119810656925], [-97.74837689948748, 30.269119810656925], [-97.74835038127458, 30.269136450923753], [-97.74834025221858, 30.269163375441067]]]}}, {"type": "Feature", "properties": {"kind": "street", "radius_m": 7.3, "source": "snapshot"}, "geometry": {"type": "Polygon", "coordinates": [[[-97.7482989163544, 30.269035687864573], [-97.74831334439499, 30.269074039713768], [-97.74835111749562, 30.2690977424601], [-97.7483978076157, 30.2690977424601], [-97.74843558071633, 30.269074039713768], [-97.74845000875692, 30.269035687864573], [-97.74843558071633, 30.268997336015378], [-97.7483978076157, 30.268973633269045], [-97.74835111749562, 30.268973633269045], [-97.74831334439499, 30.268997336015378], [-97.7482989163544, 30.269035687864573]]]}}, {"type": "Feature", "properties": {"kind": "street", "radius_m": 4.8, "source": "snapshot"}, "geometry": {"type": "Polygon", "coordinates": [[[-97.7476604563084, 30.269033431481084], [-97.74766999630874, 30.269058790202028], [-97.74769497235393, 30.269074462753483], [-97.74772584444356, 30.269074462753483], [-97.74775082048875, 30.269058790202028], [-97.7477603604891, 30.269033431481084], [-97.74775082048875, 30.26900807276014], [-97.74772584444356, 30.268992400208685], [-97.74769497235393, 30.268992400208685], [-97.74766999630874, 30.26900807276014], [-97.7476604563084, 30.269033431481084]]]}}, {"type": "Feature", "properties": {"kind": "street", "radius_m": 5.4, "source": "snapshot"}, "geometry": {"type": "Polygon", "coordinates": [[[-97.74647094242138, 30.26903990250392], [-97.74648159605565, 30.269068221427226], [-97.74650948763224, 30.269085723484352], [-97.74654396351693, 30.269085723484352], [-97.74657185509352, 30.269068221427226], [-97.74658250872778, 30.26903990250392], [-97.74657185509352, 30.269011583580614], [-97.74654396351693, 30.268994081523488], [-97.74650948763224, 30.268994081523488], [-97.74648159605565, 30.269011583580614], [-97.74647094242138, 30.26903990250392]]]}}, {"type": "Feature", "properties": {"kind": "street", "radius_m": 6.6, "source": "snapshot"}, "geometry": {"type": "Polygon", "coordinates": [[[-97.74628225286304, 30.26904395974587], [-97.74629530589094, 30.26907865660958], [-97.74632947916163, 30.269100100450657], [-97.74637171964724, 30.269100100450657], [-97.74640589291793, 30.26907865660958], [-97.74641894594583, 30.26904395974587], [-97.74640589291793, 30.269009262882157], [-97.74637171964724, 30.26898781904108], [-97.74632947916163, 30.26898781904108], [-97.74629530589094, 30.269009262882157], [-97.74628225286304, 30.26904395974587]]]}}, {"type": "Feature", "properties": {"kind": "street", "radius_m": 7.9, "source": "snapshot"}, "geometry": {"type": "Polygon", "coordinates": [[[-97.7459670945128, 30.26915588485766], [-97.74598284793807, 30.269197759773842], [-97.74602409094084, 30.26922363989532], [-97.74607507009586, 30.26922363989532], [-97.74611631309863, 30.269197759773842], [-97.74613206652388, 30.26915588485766], [-97.74611631309863, 30.26911400994148], [-97.74607507009586, 30.269088129820002], [-97.74602409094084, 30.269088129820002], [-97.74598284793807, 30.26911400994148], [-97.7459670945128, 30.26915588485766]]]}}, {"type": "Feature", "properties": {"kind": "street", "radius_m": 4.6, "source": "snapshot"}, "geometry": {"type": "Polygon", "coordinates": [[[-97.74595631890917, 30.269046892221603], [-97.74596549144906, 30.26907127417872], [-97.74598950547025, 30.269086343056934], [-97.74601918843288, 30.269086343056934], [-97.74604320245408, 30.26907127417872], [-97.74605237499397, 30.269046892221603], [-97.74604320245408, 30.269022510264485], [-97.74601918843288, 30.26900744138627], [-97.74598950547025, 30.26900744138627], [-97.74596549144906, 30.269022510264485], [-97.74595631890917, 30.269046892221603]]]}}, {"type": "Feature", "properties": {"kind": "street", "radius_m": 7.1, "source": "snapshot"}, "geometry": {"type": "Polygon", "coordinates": [[[-97.74438232599103, 30.269155474855367], [-97.7443963524564, 30.26919275925875], [-97.7444330742195, 30.26921580228729], [-97.74447846481496, 30.26921580228729], [-97.74451518657806, 30.26919275925875], [-97.74452921304344, 30.269155474855367], [-97.74451518657806, 30.269118190451984], [-97.74447846481496, 30.269095147423442], [-97.7444330742195, 30.269095147423442], [-97.7443963524564, 30.269118190451984], [-97.74438232599103, 30.269155474855367]]]}}, {"type": "Feature", "properties": {"kind": "street", "radius_m": 4.8, "source": "snapshot"}, "geometry": {"type": "Polygon", "coordinates": [[[-97.74416592663235, 30.269051604641714], [-97.74417549621634, 30.269077042000344], [-97.74420054971252, 30.26909276315256], [-97.74423151753687, 30.26909276315256], [-97.74425657103305, 30.269077042000344], [-97.74426614061704, 30.269051604641714], [-97.74425657103305, 30.269026167283084], [-97.74423151753687, 30.269010446130867], [-97.74420054971252, 30.269010446130867], [-97.74417549621634, 30.269026167283084], [-97.74416592663235, 30.269051604641714]]]}}, {"type": "Feature", "properties": {"kind": "street", "radius_m": 7.1, "source": "snapshot"}, "geometry": {"type": "Polygon", "coordinates": [[[-97.74360902711275, 30.2690406224087], [-97.74362316134315, 30.269078193267337], [-97.74366016523877, 30.269101413334962], [-97.74370590456917, 30.269101413334962], [-97.74374290846478, 30.269078193267337], [-97.74375704269518, 30.2690406224087], [-97.74374290846478, 30.26900305155006], [-97.74370590456917, 30.268979831482437], [-97.74366016523877, 30.268979831482437], [-97.74362316134315, 30.26900305155006], [-97.74360902711275, 30.2690406224087]]]}}, {"type": "Feature", "properties": {"kind": "street", "radius_m": 7.6, "source": "snapshot"}, "geometry": {"type": "Polygon", "coordinates": [[[-97.74341094005472, 30.269047318339986], [-97.74342595663013, 30.269087234601148], [-97.74346527053497, 30.269111904207254], [-97.7435138651938, 30.269111904207254], [-97.74355317909864, 30.269087234601148], [-97.74356819567406, 30.269047318339986], [-97.74355317909864, 30.269007402078824], [-97.7435138651938, 30.26898273247272], [-97.74346527053497, 30.26898273247272], [-97.74342595663013, 30.269007402078824], [-97.74341094005472, 30.269047318339986]]]}}, {"type": "Feature", "properties": {"kind": "street", "radius_m": 6.1, "source": "snapshot"}, "geometry": {"type": "Polygon", "coordinates": [[[-97.74310770121252, 30.269161710170128], [-97.74311986797773, 30.269194051217497], [-97.74315172098252, 30.269214039084], [-97.74319109346175, 30.269214039084], [-97.74322294646655, 30.269194051217497], [-97.74323511323175, 30.269161710170128], [-97.74322294646655, 30.26912936912276], [-97.74319109346175, 30.269109381256253], [-97.74315172098252, 30.269109381256253], [-97.74311986797773, 30.26912936912276], [-97.74310770121252, 30.269161710170128]]]}}, {"type": "Feature", "properties": {"kind": "street", "radius_m": 4.6, "source": "snapshot"}, "geometry": {"type": "Polygon", "coordinates": [[[-97.74256303746874, 30.26916450146713], [-97.74257220370713, 30.26918886667392], [-97.74259620123077, 30.269203925199857], [-97.74262586380128, 30.269203925199857], [-97.74264986132492, 30.26918886667392], [-97.7426590275633, 30.26916450146713], [-97.74264986132492, 30.26914013626034], [-97.74262586380128, 30.269125077734405], [-97.74259620123077, 30.269125077734405], [-97.74257220370713, 30.26914013626034], [-97.74256303746874, 30.26916450146713]]]}}, {"type": "Feature", "properties": {"kind": "street", "radius_m": 6.4, "source": "snapshot"}, "geometry": {"type": "Polygon", "coordinates": [[[-97.74231644956517, 30.269052305352663], [-97.74232915958594, 30.2690860904531], [-97.74236243485232, 30.269106970793487], [-97.74240356534357, 30.269106970793487], [-97.74243684060995, 30.2690860904531], [-97.74244955063072, 30.269052305352663], [-97.74243684060995, 30.269018520252224], [-97.74240356534357, 30.268997639911838], [-97.74236243485232, 30.268997639911838], [-97.74232915958594, 30.269018520252224], [-97.74231644956517, 30.269052305352663]]]}}, {"type": "Feature", "properties": {"kind": "street", "radius_m": 4.7, "source": "snapshot"}, "geometry": {"type": "Polygon", "coordinates": [[[-97.74183660065809, 30.26903583774934], [-97.74184592052707, 30.2690606113288], [-97.74187032026084, 30.26907592224293], [-97.7419004799904, 30.26907592224293], [-97.74192487972418, 30.2690606113288], [-97.74193419959316, 30.26903583774934], [-97.74192487972418, 30.269011064169877], [-97.7419004799904, 30.268995753255748], [-97.74187032026084, 30.268995753255748], [-97.74184592052707, 30.269011064169877], [-97.74183660065809, 30.26903583774934]]]}}, {"type": "Feature", "properties": {"kind": "street", "radius_m": 5.8, "source": "snapshot"}, "geometry": {"type": "Polygon", "coordinates": [[[-97.74112032169904, 30.269049723566503], [-97.7411318020913, 30.269080240133878], [-97.74116185814843, 30.269099100409736], [-97.74119900947817, 30.269099100409736], [-97.7412290655353, 30.269080240133878], [-97.74124054592755, 30.269049723566503], [-97.7412290655353, 30.26901920699913], [-97.74119900947817, 30.26900034672327], [-97.74116185814843, 30.26900034672327], [-97.7411318020913, 30.26901920699913], [-97.74112032169904, 30.269049723566503]]]}}, {"type": "Feature", "properties": {"kind": "street", "radius_m": 7.0, "source": "snapshot"}, "geometry": {"type": "Polygon", "coordinates": [[[-97.74081313374262, 30.269155483034265], [-97.74082700413261, 30.269192352566346], [-97.74086331728503, 30.269215139190322], [-97.74090820280989, 30.269215139190322], [-97.74094451596231, 30.269192352566346], [-97.7409583863523, 30.269155483034265], [-97.74094451596231, 30.269118613502183], [-97.74090820280989, 30.269095826878207], [-97.74086331728503, 30.269095826878207], [-97.74082700413261, 30.269118613502183], [-97.74081313374262, 30.269155483034265]]]}}, {"type": "Feature", "properties": {"kind": "street", "radius_m": 4.9, "source": "snapshot"}, "geometry": {"type": "Polygon", "coordinates": [[[-97.7406494178578, 30.269166868081808], [-97.74065914615234, 30.269192727316327], [-97.74068461515809, 30.26920870920218], [-97.7407160965805, 30.26920870920218], [-97.74074156558625, 30.269192727316327], [-97.74075129388079, 30.269166868081808], [-97.74074156558625, 30.26914100884729], [-97.7407160965805, 30.269125026961436], [-97.74068461515809, 30.269125026961436], [-97.74065914615234, 30.26914100884729], [-97.7406494178578, 30.269166868081808]]]}}, {"type": "Feature", "properties": {"kind": "street", "radius_m": 5.7, "source": "snapshot"}, "geometry": {"type": "Polygon", "coordinates": [[[-97.73978697195231, 30.269160501708086], [-97.73979836294039, 30.26919078062604], [-97.73982818493435, 30.26920949402648], [-97.7398650469461, 30.26920949402648], [-97.73989486894006, 30.26919078062604], [-97.73990625992813, 30.269160501708086], [-97.73989486894006, 30.26913022279013], [-97.7398650469461, 30.269111509389692], [-97.73982818493435, 30.269111509389692], [-97.73979836294039, 30.26913022279013], [-97.73978697195231, 30.269160501708086]]]}}, {"type": "Feature", "properties": {"kind": "street", "radius_m": 4.7, "source": "snapshot"}, "geometry": {"type": "Polygon", "coordinates": [[[-97.73962730435602, 30.26915875566131], [-97.73963668372016, 30.26918368738767], [-97.73966123921433, 30.26919909604196], [-97.73969159147431, 30.26919909604196], [-97.73971614696848, 30.26918368738767], [-97.73972552633262, 30.26915875566131], [-97.73971614696848, 30.269133823934947], [-97.73969159147431, 30.26911841528066], [-97.73966123921433, 30.26911841528066], [-97.73963668372016, 30.269133823934947], [-97.73962730435602, 30.26915875566131]]]}}, {"type": "Feature", "properties": {"kind": "street", "radius_m": 4.9, "source": "snapshot"}, "geometry": {"type": "Polygon", "coordinates": [[[-97.73958292682644, 30.269046472505252], [-97.73959271874763, 30.269072500868713], [-97.73961835433008, 30.269088587282003], [-97.73965004165262, 30.269088587282003], [-97.73967567723507, 30.269072500868713], [-97.73968546915626, 30.269046472505252], [-97.73967567723507, 30.26902044414179], [-97.73965004165262, 30.2690043577285], [-97.73961835433008, 30.2690043577285], [-97.73959271874763, 30.26902044414179], [-97.73958292682644, 30.269046472505252]]]}}, {"type": "Feature", "properties": {"kind": "street", "radius_m": 7.8, "source": "snapshot"}, "geometry": {"type": "Polygon", "coordinates": [[[-97.7386849610497, 30.269042841773235], [-97.73870047240139, 30.269084073222356], [-97.73874108164735, 30.269109555659316], [-97.73879127743585, 30.269109555659316], [-97.73883188668181, 30.269084073222356], [-97.7388473980335, 30.269042841773235], [-97.73883188668181, 30.269001610324114], [-97.73879127743585, 30.268976127887154], [-97.73874108164735, 30.268976127887154], [-97.73870047240139, 30.269001610324114], [-97.7386849610497, 30.269042841773235]]]}}, {"type": "Feature", "properties": {"kind": "street", "radius_m": 4.8, "source": "snapshot"}, "geometry": {"type": "Polygon", "coordinates": [[[-97.73805064340182, 30.26916446020158], [-97.73806013957474, 30.269189702422814], [-97.73808500087826, 30.26920530297349], [-97.73811573113939, 30.26920530297349], [-97.7381405924429, 30.269189702422814], [-97.73815008861582, 30.26916446020158], [-97.7381405924429, 30.269139217980346], [-97.73811573113939, 30.26912361742967], [-97.73808500087826, 30.26912361742967], [-97.73806013957474, 30.269139217980346], [-97.73805064340182, 30.26916446020158]]]}}, {"type": "Feature", "properties": {"kind": "street", "radius_m": 5.5, "source": "snapshot"}, "geometry": {"type": "Polygon", "coordinates": [[[-97.73769149709878, 30.26916620446272], [-97.73770235435875, 30.26919506465301], [-97.73773077903434, 30.269212901231533], [-97.73776591386562, 30.269212901231533], [-97.7377943385412, 30.26919506465301], [-97.73780519580117, 30.26916620446272], [-97.7377943385412, 30.26913734427243], [-97.73776591386562, 30.269119507693908], [-97.73773077903434, 30.269119507693908], [-97.73770235435875, 30.26913734427243], [-97.73769149709878, 30.26916620446272]]]}}, {"type": "Feature", "properties": {"kind": "street", "radius_m": 5.0, "source": "snapshot"}, "geometry": {"type": "Polygon", "coordinates": [[[-97.73680044718553, 30.269033446606034], [-97.73681030388869, 30.269059647169513], [-97.73683610907257, 30.269075840008266], [-97.73686800603402, 30.269075840008266], [-97.7368938112179, 30.269059647169513], [-97.73690366792106, 30.269033446606034], [-97.7368938112179, 30.269007246042555], [-97.73686800603402, 30.268991053203802], [-97.73683610907257, 30.268991053203802], [-97.73681030388869, 30.269007246042555], [-97.73680044718553, 30.269033446606034]]]}}, {"type": "Feature", "properties": {"kind": "street", "radius_m": 5.5, "source": "snapshot"}, "geometry": {"type": "Polygon", "coordinates": [[[-97.73642323750897, 30.26904761426378], [-97.73643420304599, 30.26907676227038], [-97.73646291119461, 30.269094776729165], [-97.73649839641782, 30.269094776729165], [-97.73652710456643, 30.26907676227038], [-97.73653807010345, 30.26904761426378], [-97.73652710456643, 30.26901846625718], [-97.73649839641782, 30.269000451798394], [-97.73646291119461, 30.269000451798394], [-97.73643420304599, 30.26901846625718], [-97.73642323750897, 30.26904761426378]]]}}, {"type": "Feature", "properties": {"kind": "street", "radius_m": 7.8, "source": "snapshot"}, "geometry": {"type": "Polygon", "coordinates": [[[-97.73608469914718, 30.269163918263587], [-97.73610022498343, 30.269205188214773], [-97.73614087215043, 30.26923069444732], [-97.73619111481193, 30.26923069444732], [-97.73623176197893, 30.269205188214773], [-97.73624728781517, 30.269163918263587], [-97.73623176197893, 30.2691226483124], [-97.73619111481193, 30.269097142079854], [-97.73614087215043, 30.269097142079854], [-97.73610022498343, 30.2691226483124], [-97.73608469914718, 30.269163918263587]]]}}, {"type": "Feature", "properties": {"kind": "street", "radius_m": 5.6, "source": "snapshot"}, "geometry": {"type": "Polygon", "coordinates": [[[-97.73587881746712, 30.2690503379677], [-97.73589002487537, 30.269080128903536], [-97.73591936625111, 30.269098540714438], [-97.73595563418606, 30.269098540714438], [-97.73598497556179, 30.269080128903536], [-97.73599618297004, 30.2690503379677], [-97.73598497556179, 30.26902054703186], [-97.73595563418606, 30.26900213522096], [-97.73591936625111, 30.26900213522096], [-97.73589002487537, 30.26902054703186], [-97.73587881746712, 30.2690503379677]]]}}, {"type": "Feature", "properties": {"kind": "street", "radius_m": 7.3, "source": "snapshot"}, "geometry": {"type": "Polygon", "coordinates": [[[-97.73502816867698, 30.269148618819752], [-97.7350425953361, 30.269186966996816], [-97.73508036482, 30.269210667473647], [-97.73512705046959, 30.269210667473647], [-97.7351648199535, 30.269186966996816], [-97.73517924661262, 30.269148618819752], [-97.7351648199535, 30.269110270642688], [-97.73512705046959, 30.269086570165857], [-97.73508036482, 30.269086570165857], [-97.7350425953361, 30.269110270642688], [-97.73502816867698, 30.269148618819752]]]}}, {"type": "Feature", "properties": {"kind": "street", "radius_m": 7.9, "source": "snapshot"}, "geometry": {"type": "Polygon", "coordinates": [[[-97.7348429412716, 30.26914743103102], [-97.73485862892723, 30.269189131121877], [-97.73489969974287, 30.26921490319536], [-97.73495046606291, 30.26921490319536], [-97.73499153687855, 30.269189131121877], [-97.73500722453419, 30.26914743103102], [-97.73499153687855, 30.26910573094016], [-97.73495046606291, 30.26907995886668], [-97.73489969974287, 30.26907995886668], [-97.73485862892723, 30.26910573094016], [-97.7348429412716, 30.26914743103102]]]}}, {"type": "Feature", "properties": {"kind": "street", "radius_m": 5.1, "source": "snapshot"}, "geometry": {"type": "Polygon", "coordinates": [[[-97.73435598387485, 30.26914994037627], [-97.73436607929347, 30.26917677548045], [-97.7343925094425, 30.269193360486923], [-97.7344251789034, 30.269193360486923], [-97.73445160905243, 30.26917677548045], [-97.73446170447104, 30.26914994037627], [-97.73445160905243, 30.26912310527209], [-97.7344251789034, 30.269106520265616], [-97.7343925094425, 30.269106520265616], [-97.73436607929347, 30.26912310527209], [-97.73435598387485, 30.26914994037627]]]}}, {"type": "Feature", "properties": {"kind": "street", "radius_m": 6.9, "source": "snapshot"}, "geometry": {"type": "Polygon", "coordinates": [[[-97.73397181107495, 30.26903334873996], [-97.73398556690427, 30.26906991375295], [-97.73402158013293, 30.269092512173778], [-97.73406609493166, 30.269092512173778], [-97.73410210816033, 30.26906991375295], [-97.73411586398964, 30.26903334873996], [-97.73410210816033, 30.26899678372697], [-97.73406609493166, 30.268974185306142], [-97.73402158013293, 30.268974185306142], [-97.73398556690427, 30.26899678372697], [-97.73397181107495, 30.26903334873996]]]}}, {"type": "Feature", "properties": {"kind": "street", "radius_m": 5.6, "source": "snapshot"}, "geometry": {"type": "Polygon", "coordinates": [[[-97.73332077553658, 30.269146835393222], [-97.73333191564161, 30.269176447427252], [-97.73336108081526, 30.269194748670756], [-97.73339713095245, 30.269194748670756], [-97.7334262961261, 30.269176447427252], [-97.73343743623113, 30.269146835393222], [-97.7334262961261, 30.269117223359192], [-97.73339713095245, 30.26909892211569], [-97.73336108081526, 30.26909892211569], [-97.73333191564161, 30.269117223359192], [-97.73332077553658, 30.269146835393222]]]}}, {"type": "Feature", "properties": {"kind": "street", "radius_m": 6.5, "source": "snapshot"}, "geometry": {"type": "Polygon", "coordinates": [[[-97.73312778993471, 30.269147441803735], [-97.7331406393659, 30.269181597477516], [-97.7331742796135, 30.269202706844823], [-97.73321586124631, 30.269202706844823], [-97.7332495014939, 30.269181597477516], [-97.73326235092509, 30.269147441803735], [-97.7332495014939, 30.269113286129954], [-97.73321586124631, 30.269092176762648], [-97.7331742796135, 30.269092176762648], [-97.7331406393659, 30.269113286129954], [-97.73312778993471, 30.269147441803735]]]}}, {"type": "Feature", "properties": {"kind": "street", "radius_m": 5.8, "source": "snapshot"}, "geometry": {"type": "Polygon", "coordinates": [[[-97.73294959354745, 30.26914896542664], [-97.73296112499665, 30.269179617710908], [-97.73299131472263, 30.269198561864414], [-97.73302863127617, 30.269198561864414], [-97.73305882100215, 30.269179617710908], [-97.73307035245135, 30.26914896542664], [-97.73305882100215, 30.269118313142375], [-97.73302863127617, 30.26909936898887], [-97.73299131472263, 30.26909936898887], [-97.73296112499665, 30.269118313142375], [-97.73294959354745, 30.26914896542664]]]}}, {"type": "Feature", "properties": {"kind": "street", "radius_m": 5.9, "source": "snapshot"}, "geometry": {"type": "Polygon", "coordinates": [[[-97.7325196821249, 30.2690514491618], [-97.73253143359938, 30.269082686305502], [-97.73256219935898, 30.269101991922025], [-97.73260022792921, 30.269101991922025], [-97.73263099368882, 30.269082686305502], [-97.73264274516329, 30.2690514491618], [-97.73263099368882, 30.2690202120181], [-97.73260022792921, 30.269000906401576], [-97.73256219935898, 30.269000906401576], [-97.73253143359938, 30.2690202120181], [-97.7325196821249, 30.2690514491618]]]}}, {"type": "Feature", "properties": {"kind": "street", "radius_m": 4.5, "source": "snapshot"}, "geometry": {"type": "Polygon", "coordinates": [[[-97.73206694324486, 30.26915276789623], [-97.73207591189701, 30.269176607889843], [-97.73209939213322, 30.26919134181619], [-97.73212841530128, 30.26919134181619], [-97.73215189553748, 30.269176607889843], [-97.73216086418964, 30.26915276789623], [-97.73215189553748, 30.269128927902617], [-97.73212841530128, 30.26911419397627], [-97.73209939213322, 30.26911419397627], [-97.73207591189701, 30.269128927902617], [-97.73206694324486, 30.26915276789623]]]}}, {"type": "Feature", "properties": {"kind": "street", "radius_m": 5.5, "source": "snapshot"}, "geometry": {"type": "Polygon", "coordinates": [[[-97.73152382903227, 30.26915943544799], [-97.73153478282242, 30.269188552229682], [-97.73156346021733, 30.269206547390414], [-97.73159890742684, 30.269206547390414], [-97.73162758482175, 30.269188552229682], [-97.7316385386119, 30.26915943544799], [-97.73162758482175, 30.269130318666296], [-97.73159890742684, 30.269112323505563], [-97.73156346021733, 30.269112323505563], [-97.73153478282242, 30.269130318666296], [-97.73152382903227, 30.26915943544799]]]}}, {"type": "Feature", "properties": {"kind": "street", "radius_m": 6.0, "source": "snapshot"}, "geometry": {"type": "Polygon", "coordinates": [[[-97.73095154271846, 30.269044343383538], [-97.7309635552082, 30.26907627434411], [-97.73099500431462, 30.269096008763036], [-97.73103387754799, 30.269096008763036], [-97.7310653266544, 30.26907627434411], [-97.73107733914415, 30.269044343383538], [-97.7310653266544, 30.269012412422967], [-97.73103387754799, 30.26899267800404], [-97.73099500431462, 30.26899267800404], [-97.7309635552082, 30.269012412422967], [-97.73095154271846, 30.269044343383538]]]}}, {"type": "Feature", "properties": {"kind": "street", "radius_m": 5.9, "source": "snapshot"}, "geometry": {"type": "Polygon", "coordinates": [[[-97.75433457960966, 30.269155272008366], [-97.75434631069686, 30.2691864549597], [-97.75437702308189, 30.2692057270835], [-97.75441498567751, 30.2692057270835], [-97.75444569806254, 30.2691864549597], [-97.75445742914974, 30.269155272008366], [-97.75444569806254, 30.26912408905703], [-97.75441498567751, 30.269104816933233], [-97.75437702308189, 30.269104816933233], [-97.75434631069686, 30.26912408905703], [-97.75433457960966, 30.269155272008366]]]}}, {"type": "Feature", "properties": {"kind": "street", "radius_m": 6.7, "source": "snapshot"}, "geometry": {"type": "Polygon", "coordinates": [[[-97.75398016019298, 30.26914291630789], [-97.75399355764974, 30.269178528714043], [-97.7540286326469, 30.26920053839147], [-97.75407198772767, 30.26920053839147], [-97.75410706272483, 30.269178528714043], [-97.75412046018158, 30.26914291630789], [-97.75410706272483, 30.269107303901734], [-97.75407198772767, 30.269085294224308], [-97.7540286326469, 30.269085294224308], [-97.75399355764974, 30.269107303901734], [-97.75398016019298, 30.26914291630789]]]}}, {"type": "Feature", "properties": {"kind": "street", "radius_m": 4.6, "source": "snapshot"}, "geometry": {"type": "Polygon", "coordinates": [[[-97.75361637552848, 30.26916563955471], [-97.75362547109206, 30.26918981689752], [-97.7536492835867, 30.269204759317134], [-97.75367871744876, 30.269204759317134], [-97.7537025299434, 30.26918981689752], [-97.75371162550698, 30.26916563955471], [-97.7537025299434, 30.269141462211902], [-97.75367871744876, 30.269126519792287], [-97.7536492835867, 30.269126519792287], [-97.75362547109206, 30.269141462211902], [-97.75361637552848, 30.26916563955471]]]}}, {"type": "Feature", "properties": {"kind": "street", "radius_m": 6.3, "source": "snapshot"}, "geometry": {"type": "Polygon", "coordinates": [[[-97.75324680653358, 30.26915852203853], [-97.75325930348018, 30.269191740756522], [-97.75329202091112, 30.269212271053306], [-97.75333246187981, 30.269212271053306], [-97.75336517931075, 30.269191740756522], [-97.75337767625734, 30.26915852203853], [-97.75336517931075, 30.26912530332054], [-97.75333246187981, 30.269104773023756], [-97.75329202091112, 30.269104773023756], [-97.75325930348018, 30.26912530332054], [-97.75324680653358, 30.26915852203853]]]}}, {"type": "Feature", "properties": {"kind": "street", "radius_m": 7.8, "source": "snapshot"}, "geometry": {"type": "Polygon", "coordinates": [[[-97.7303755720412, 30.26905101263532], [-97.73039106974423, 30.26909220780431], [-97.73043164325753, 30.269117667818918], [-97.73048179487807, 30.269117667818918], [-97.73052236839138, 30.26909220780431], [-97.73053786609441, 30.26905101263532], [-97.73052236839138, 30.26900981746633], [-97.73048179487807, 30.26898435745172], [-97.73043164325753, 30.26898435745172], [-97.73039106974423, 30.26900981746633], [-97.7303755720412, 30.26905101263532]]]}}, {"type": "Feature", "properties": {"kind": "street", "radius_m": 5.8, "source": "snapshot"}, "geometry": {"type": "Polygon", "coordinates": [[[-97.7530161605995, 30.26995558895243], [-97.75302766921031, 30.269986180528853], [-97.75305779914456, 30.270005087162854], [-97.75309504179145, 30.270005087162854], [-97.7531251717257, 30.269986180528853], [-97.75313668033651, 30.26995558895243], [-97.7531251717257, 30.26992499737601], [-97.75309504179145, 30.26990609074201], [-97.75305779914456, 30.26990609074201], [-97.75302766921031, 30.26992499737601], [-97.7530161605995, 30.26995558895243]]]}}, {"type": "Feature", "properties": {"kind": "street", "radius_m": 7.9, "source": "snapshot"}, "geometry": {"type": "Polygon", "coordinates": [[[-97.75271192481813, 30.270048095141007], [-97.75272765974714, 30.270089920891447], [-97.7527688543261, 30.270115770626823], [-97.752819773626, 30.270115770626823], [-97.75286096820497, 30.270089920891447], [-97.75287670313398, 30.270048095141007], [-97.75286096820497, 30.270006269390567], [-97.752819773626, 30.26998041965519], [-97.7527688543261, 30.26998041965519], [-97.75272765974714, 30.270006269390567], [-97.75271192481813, 30.270048095141007]]]}}, {"type": "Feature", "properties": {"kind": "street", "radius_m": 8.0, "source": "snapshot"}, "geometry": {"type": "Polygon", "coordinates": [[[-97.75234754693444, 30.270060039167003], [-97.75236338666068, 30.270102143483836], [-97.75240485560234, 30.270128165382708], [-97.75245611403317, 30.270128165382708], [-97.75249758297483, 30.270102143483836], [-97.75251342270106, 30.270060039167003], [-97.75249758297483, 30.27001793485017], [-97.75245611403317, 30.269991912951298], [-97.75240485560234, 30.269991912951298], [-97.75236338666068, 30.27001793485017], [-97.75234754693444, 30.270060039167003]]]}}, {"type": "Feature", "properties": {"kind": "street", "radius_m": 6.0, "source": "snapshot"}, "geometry": {"type": "Polygon", "coordinates": [[[-97.752159710359, 30.269937863651137], [-97.75217159580525, 30.26996945691147], [-97.7522027123075, 30.26998898262017], [-97.7522411744195, 30.26998898262017], [-97.75227229092174, 30.26996945691147], [-97.752284176368, 30.269937863651137], [-97.75227229092174, 30.269906270390806], [-97.7522411744195, 30.269886744682104], [-97.7522027123075, 30.269886744682104], [-97.75217159580525, 30.269906270390806], [-97.752159710359, 30.269937863651137]]]}}, {"type": "Feature", "properties": {"kind": "street", "radius_m": 5.2, "source": "snapshot"}, "geometry": {"type": "Polygon", "coordinates": [[[-97.75168050606739, 30.270056248115367], [-97.75169088945928, 30.270083848694803], [-97.75171807353217, 30.270100906791004], [-97.7517516748942, 30.270100906791004], [-97.75177885896709, 30.270083848694803], [-97.75178924235898, 30.270056248115367], [-97.75177885896709, 30.27002864753593], [-97.7517516748942, 30.27001158943973], [-97.75171807353217, 30.27001158943973], [-97.75169088945928, 30.27002864753593], [-97.75168050606739, 30.270056248115367]]]}}, {"type": "Feature", "properties": {"kind": "street", "radius_m": 4.8, "source": "snapshot"}, "geometry": {"type": "Polygon", "coordinates": [[[-97.75112673782435, 30.26993370206706], [-97.75113629154836, 30.269959097267506], [-97.75116130352254, 30.269974792364533], [-97.75119222002289, 30.269974792364533], [-97.75121723199706, 30.269959097267506], [-97.75122678572107, 30.26993370206706], [-97.75121723199706, 30.269908306866615], [-97.75119222002289, 30.26989261176959], [-97.75116130352254, 30.26989261176959], [-97.75113629154836, 30.269908306866615], [-97.75112673782435, 30.26993370206706]]]}}, {"type": "Feature", "properties": {"kind": "street", "radius_m": 6.4, "source": "snapshot"}, "geometry": {"type": "Polygon", "coordinates": [[[-97.75078262615737, 30.270065066757894], [-97.75079542919245, 30.270099099104005], [-97.75082894797346, 30.270120132250618], [-97.7508703794653, 30.270120132250618], [-97.7509038982463, 30.270099099104005], [-97.75091670128138, 30.270065066757894], [-97.7509038982463, 30.270031034411783], [-97.7508703794653, 30.27001000126517], [-97.75082894797346, 30.27001000126517], [-97.75079542919245, 30.270031034411783], [-97.75078262615737, 30.270065066757894]]]}}, {"type": "Feature", "properties": {"kind": "street", "radius_m": 6.4, "source": "snapshot"}, "geometry": {"type": "Polygon", "coordinates": [[[-97.7500970919186, 30.270045436752195], [-97.75010988141794, 30.270079433118294], [-97.75014336476188, 30.27010044402804], [-97.75018475245112, 30.27010044402804], [-97.75021823579506, 30.270079433118294], [-97.7502310252944, 30.270045436752195], [-97.75021823579506, 30.270011440386096], [-97.75018475245112, 30.26999042947635], [-97.75014336476188, 30.26999042947635], [-97.75010988141794, 30.270011440386096], [-97.7500970919186, 30.270045436752195]]]}}, {"type": "Feature", "properties": {"kind": "street", "radius_m": 5.6, "source": "snapshot"}, "geometry": {"type": "Polygon", "coordinates": [[[-97.75004805110072, 30.269937309154546], [-97.75005910283065, 30.269966686274568], [-97.75008803663525, 30.26998484233323], [-97.75012380078459, 30.26998484233323], [-97.7501527345892, 30.269966686274568], [-97.75016378631912, 30.269937309154546], [-97.7501527345892, 30.269907932034524], [-97.75012380078459, 30.269889775975862], [-97.75008803663525, 30.269889775975862], [-97.75005910283065, 30.269907932034524], [-97.75004805110072, 30.269937309154546]]]}}, {"type": "Feature", "properties": {"kind": "street", "radius_m": 7.8, "source": "snapshot"}, "geometry": {"type": "Polygon", "coordinates": [[[-97.74935484624785, 30.270040489939138], [-97.74937043172095, 30.270081918413844], [-97.74941123501928, 30.270107522619316], [-97.7494616706697, 30.270107522619316], [-97.74950247396804, 30.270081918413844], [-97.74951805944113, 30.270040489939138], [-97.74950247396804, 30.269999061464432], [-97.7494616706697, 30.26997345725896], [-97.74941123501928, 30.26997345725896], [-97.74937043172095, 30.269999061464432], [-97.74935484624785, 30.270040489939138]]]}}, {"type": "Feature", "properties": {"kind": "street", "radius_m": 5.4, "source": "snapshot"}, "geometry": {"type": "Polygon", "coordinates": [[[-97.74847310518638, 30.269946319982843], [-97.74848374558385, 30.26997460372085], [-97.74851160250613, 30.269992084032268], [-97.74854603555569, 30.269992084032268], [-97.74857389247796, 30.26997460372085], [-97.74858453287544, 30.269946319982843], [-97.74857389247796, 30.269918036244835], [-97.74854603555569, 30.269900555933418], [-97.74851160250613, 30.269900555933418], [-97.74848374558385, 30.269918036244835], [-97.74847310518638, 30.269946319982843]]]}}, {"type": "Feature", "properties": {"kind": "street", "radius_m": 4.7, "source": "snapshot"}, "geometry": {"type": "Polygon", "coordinates": [[[-97.74830622093883, 30.269952105182334], [-97.74831562363278, 30.26997709892269], [-97.7483402402051, 30.269992545903737], [-97.74837066796186, 30.269992545903737], [-97.74839528453418, 30.26997709892269], [-97.74840468722813, 30.269952105182334], [-97.74839528453418, 30.269927111441977], [-97.74837066796186, 30.26991166446093], [-97.7483402402051, 30.26991166446093], [-97.74831562363278, 30.269927111441977], [-97.74830622093883, 30.269952105182334]]]}}, {"type": "Feature", "properties": {"kind": "street", "radius_m": 7.5, "source": "snapshot"}, "geometry": {"type": "Polygon", "coordinates": [[[-97.74661379273215, 30.269945763765648], [-97.7466286082514, 30.269985145590017], [-97.74666739578436, 30.27000948489601], [-97.74671533981177, 30.27000948489601], [-97.74675412734473, 30.269985145590017], [-97.74676894286398, 30.269945763765648], [-97.74675412734473, 30.26990638194128], [-97.74671533981177, 30.269882042635285], [-97.74666739578436, 30.269882042635285], [-97.7466286082514, 30.26990638194128], [-97.74661379273215, 30.269945763765648]]]}}, {"type": "Feature", "properties": {"kind": "street", "radius_m": 7.6, "source": "snapshot"}, "geometry": {"type": "Polygon", "coordinates": [[[-97.74632973529891, 30.270042000819096], [-97.74634478050588, 30.27008199318711], [-97.74638416936908, 30.270106709829832], [-97.74643285668155, 30.270106709829832], [-97.74647224554475, 30.27008199318711], [-97.74648729075172, 30.270042000819096], [-97.74647224554475, 30.270002008451083], [-97.74643285668155, 30.26997729180836], [-97.74638416936908, 30.26997729180836], [-97.74634478050588, 30.270002008451083], [-97.74632973529891, 30.270042000819096]]]}}, {"type": "Feature", "properties": {"kind": "street", "radius_m": 6.0, "source": "snapshot"}, "geometry": {"type": "Polygon", "coordinates": [[[-97.74617173864402, 30.27004482506787], [-97.74618359406847, 30.270076338525865], [-97.74621463197263, 30.27009581491401], [-97.74625299693207, 30.27009581491401], [-97.74628403483624, 30.270076338525865], [-97.74629589026068, 30.27004482506787], [-97.74628403483624, 30.270013311609876], [-97.74625299693207, 30.26999383522173], [-97.74621463197263, 30.26999383522173], [-97.74618359406847, 30.270013311609876], [-97.74617173864402, 30.27004482506787]]]}}, {"type": "Feature", "properties": {"kind": "street", "radius_m": 7.8, "source": "snapshot"}, "geometry": {"type": "Polygon", "coordinates": [[[-97.74591781649865, 30.26995176456528], [-97.74593326494295, 30.269992828797317], [-97.7459737094952, 30.270018207888437], [-97.74602370171111, 30.270018207888437], [-97.74606414626336, 30.269992828797317], [-97.74607959470767, 30.26995176456528], [-97.74606414626336, 30.269910700333245], [-97.74602370171111, 30.269885321242125], [-97.7459737094952, 30.269885321242125], [-97.74593326494295, 30.269910700333245], [-97.74591781649865, 30.26995176456528]]]}}, {"type": "Feature", "properties": {"kind": "street", "radius_m": 6.4, "source": "snapshot"}, "geometry": {"type": "Polygon", "coordinates": [[[-97.74522315604895, 30.269957029051767], [-97.74523587494953, 30.269990837756023], [-97.74526917346354, 30.27001173268437], [-97.74531033269041, 30.27001173268437], [-97.74534363120442, 30.269990837756023], [-97.745356350105, 30.269957029051767], [-97.74534363120442, 30.26992322034751], [-97.74531033269041, 30.269902325419164], [-97.74526917346354, 30.269902325419164], [-97.74523587494953, 30.26992322034751], [-97.74522315604895, 30.269957029051767]]]}}, {"type": "Feature", "properties": {"kind": "street", "radius_m": 4.8, "source": "snapshot"}, "geometry": {"type": "Polygon", "coordinates": [[[-97.74435789909339, 30.269941103744536], [-97.74436750416176, 30.26996663542584], [-97.74439265055723, 30.269982414872675], [-97.74442373321143, 30.269982414872675], [-97.7444488796069, 30.26996663542584], [-97.74445848467528, 30.269941103744536], [-97.7444488796069, 30.269915572063233], [-97.74442373321143, 30.269899792616396], [-97.74439265055723, 30.269899792616396], [-97.74436750416176, 30.269915572063233], [-97.74435789909339, 30.269941103744536]]]}}, {"type": "Feature", "properties": {"kind": "street", "radius_m": 6.2, "source": "snapshot"}, "geometry": {"type": "Polygon", "coordinates": [[[-97.74348685717514, 30.270054388360034], [-97.74349916718222, 30.27008711016537], [-97.74353139519917, 30.27010733335324], [-97.74357123121888, 30.27010733335324], [-97.74360345923583, 30.27008711016537], [-97.74361576924291, 30.270054388360034], [-97.74360345923583, 30.270021666554698], [-97.74357123121888, 30.270001443366827], [-97.74353139519917, 30.270001443366827], [-97.74349916718222, 30.270021666554698], [-97.74348685717514, 30.270054388360034]]]}}, {"type": "Feature", "properties": {"kind": "street", "radius_m": 5.0, "source": "snapshot"}, "geometry": {"type": "Polygon", "coordinates": [[[-97.74330091773744, 30.270064969133447], [-97.74331093106105, 30.27009158601706], [-97.74333714628258, 30.270108036155804], [-97.74336955007846, 30.270108036155804], [-97.7433957653, 30.27009158601706], [-97.7434057786236, 30.270064969133447], [-97.7433957653, 30.270038352249834], [-97.74336955007846, 30.27002190211109], [-97.74333714628258, 30.27002190211109], [-97.74331093106105, 30.270038352249834], [-97.74330091773744, 30.270064969133447]]]}}, {"type": "Feature", "properties": {"kind": "street", "radius_m": 6.6, "source": "snapshot"}, "geometry": {"type": "Polygon", "coordinates": [[[-97.74322640549701, 30.26995449829002], [-97.74323960909109, 30.26998959538071], [-97.74327417654915, 30.270011286575663], [-97.74331690427711, 30.270011286575663], [-97.74335147173517, 30.26998959538071], [-97.74336467532925, 30.26995449829002], [-97.74335147173517, 30.269919401199328], [-97.74331690427711, 30.269897710004376], [-97.74327417654915, 30.269897710004376], [-97.74323960909109, 30.269919401199328], [-97.74322640549701, 30.26995449829002]]]}}, {"type": "Feature", "properties": {"kind": "street", "radius_m": 7.4, "source": "snapshot"}, "geometry": {"type": "Polygon", "coordinates": [[[-97.74184554784951, 30.270052833938877], [-97.74186017957989, 30.270091727225445], [-97.74189848594733, 30.270115764598483], [-97.74194583522146, 30.270115764598483], [-97.7419841415889, 30.270091727225445], [-97.74199877331928, 30.270052833938877], [-97.7419841415889, 30.27001394065231], [-97.74194583522146, 30.26998990327927], [-97.74189848594733, 30.26998990327927], [-97.74186017957989, 30.27001394065231], [-97.74184554784951, 30.270052833938877]]]}}, {"type": "Feature", "properties": {"kind": "street", "radius_m": 7.6, "source": "snapshot"}, "geometry": {"type": "Polygon", "coordinates": [[[-97.74144559089865, 30.269949805015294], [-97.74146071542636, 30.269990008229477], [-97.74150031195394, 30.2700148551823], [-97.74154925595373, 30.2700148551823], [-97.74158885248131, 30.269990008229477], [-97.74160397700902, 30.269949805015294], [-97.74158885248131, 30.26990960180111], [-97.74154925595373, 30.269884754848288], [-97.74150031195394, 30.269884754848288], [-97.74146071542636, 30.26990960180111], [-97.74144559089865, 30.269949805015294]]]}}, {"type": "Feature", "properties": {"kind": "street", "radius_m": 7.4, "source": "snapshot"}, "geometry": {"type": "Polygon", "coordinates": [[[-97.7408045879018, 30.270059555198067], [-97.74081918994102, 30.27009836956119], [-97.74085741857601, 30.27012235815685], [-97.74090467176754, 30.27012235815685], [-97.74094290040253, 30.27009836956119], [-97.74095750244174, 30.270059555198067], [-97.74094290040253, 30.270020740834944], [-97.74090467176754, 30.269996752239283], [-97.74085741857601, 30.269996752239283], [-97.74081918994102, 30.270020740834944], [-97.7408045879018, 30.270059555198067]]]}}, {"type": "Feature", "properties": {"kind": "street", "radius_m": 5.3, "source": "snapshot"}, "geometry": {"type": "Polygon", "coordinates": [[[-97.74064918644362, 30.270063514603194], [-97.7406597004755, 30.270091462442902], [-97.74068722656835, 30.270108735157756], [-97.74072125069026, 30.270108735157756], [-97.74074877678311, 30.270091462442902], [-97.74075929081499, 30.270063514603194], [-97.74074877678311, 30.270035566763486], [-97.74072125069026, 30.270018294048633], [-97.74068722656835, 30.270018294048633], [-97.7406597004755, 30.270035566763486], [-97.74064918644362, 30.270063514603194]]]}}, {"type": "Feature", "properties": {"kind": "street", "radius_m": 6.9, "source": "snapshot"}, "geometry": {"type": "Polygon", "coordinates": [[[-97.74048273608682, 30.270043933298215], [-97.74049647772536, 30.270080460590076], [-97.74053245380213, 30.27010303569796], [-97.7405769226786, 30.27010303569796], [-97.74061289875537, 30.270080460590076], [-97.74062664039391, 30.270043933298215], [-97.74061289875537, 30.270007406006354], [-97.7405769226786, 30.26998483089847], [-97.74053245380213, 30.26998483089847], [-97.74049647772536, 30.270007406006354], [-97.74048273608682, 30.270043933298215]]]}}, {"type": "Feature", "properties": {"kind": "street", "radius_m": 4.6, "source": "snapshot"}, "geometry": {"type": "Polygon", "coordinates": [[[-97.74028373589854, 30.2699386985544], [-97.74029297028964, 30.26996324492112], [-97.74031714623942, 30.26997841541005], [-97.74034702935677, 30.26997841541005], [-97.74037120530654, 30.26996324492112], [-97.74038043969765, 30.2699386985544], [-97.74037120530654, 30.269914152187685], [-97.74034702935677, 30.269898981698752], [-97.74031714623942, 30.269898981698752], [-97.74029297028964, 30.269914152187685], [-97.74028373589854, 30.2699386985544]]]}}, {"type": "Feature", "properties": {"kind": "street", "radius_m": 4.7, "source": "snapshot"}, "geometry": {"type": "Polygon", "coordinates": [[[-97.74011147695674, 30.269938203687165], [-97.74012082778866, 30.26996305957064], [-97.74014530858443, 30.269978421351446], [-97.74017556851214, 30.269978421351446], [-97.74020004930792, 30.26996305957064], [-97.74020940013983, 30.269938203687165], [-97.74020004930792, 30.26991334780369], [-97.74017556851214, 30.269897986022883], [-97.74014530858443, 30.269897986022883], [-97.74012082778866, 30.26991334780369], [-97.74011147695674, 30.269938203687165]]]}}, {"type": "Feature", "properties": {"kind": "street", "radius_m": 6.8, "source": "snapshot"}, "geometry": {"type": "Polygon", "coordinates": [[[-97.73979086138817, 30.270047242520782], [-97.73980444151063, 30.27008334047915], [-97.73983999473276, 30.270105650244346], [-97.73988394093215, 30.270105650244346], [-97.73991949415428, 30.27008334047915], [-97.73993307427673, 30.270047242520782], [-97.73991949415428, 30.270011144562414], [-97.73988394093215, 30.269988834797218], [-97.73983999473276, 30.269988834797218], [-97.73980444151063, 30.270011144562414], [-97.73979086138817, 30.270047242520782]]]}}, {"type": "Feature", "properties": {"kind": "street", "radius_m": 5.7, "source": "snapshot"}, "geometry": {"type": "Polygon", "coordinates": [[[-97.7389154756028, 30.27006471006649], [-97.73892685840093, 30.27009496721437], [-97.73895665895334, 30.270113667160164], [-97.73899349446187, 30.270113667160164], [-97.73902329501428, 30.27009496721437], [-97.73903467781241, 30.27006471006649], [-97.73902329501428, 30.27003445291861], [-97.73899349446187, 30.270015752972814], [-97.73895665895334, 30.270015752972814], [-97.73892685840093, 30.27003445291861], [-97.7389154756028, 30.27006471006649]]]}}, {"type": "Feature", "properties": {"kind": "street", "radius_m": 7.8, "source": "snapshot"}, "geometry": {"type": "Polygon", "coordinates": [[[-97.73886685414355, 30.269936780591383], [-97.73888238931612, 30.269978075359894], [-97.73892306092594, 30.27000359693039], [-97.73897333380043, 30.27000359693039], [-97.73901400541025, 30.269978075359894], [-97.73902954058282, 30.269936780591383], [-97.73901400541025, 30.26989548582287], [-97.73897333380043, 30.269869964252376], [-97.73892306092594, 30.269869964252376], [-97.73888238931612, 30.26989548582287], [-97.73886685414355, 30.269936780591383]]]}}, {"type": "Feature", "properties": {"kind": "street", "radius_m": 7.0, "source": "snapshot"}, "geometry": {"type": "Polygon", "coordinates": [[[-97.73867848811454, 30.26995524908365], [-97.73869249210843, 30.269992473754492], [-97.73872915504037, 30.270015479866288], [-97.73877447291653, 30.270015479866288], [-97.73881113584848, 30.269992473754492], [-97.73882513984236, 30.26995524908365], [-97.73881113584848, 30.26991802441281], [-97.73877447291653, 30.269895018301014], [-97.73872915504037, 30.269895018301014], [-97.73869249210843, 30.26991802441281], [-97.73867848811454, 30.26995524908365]]]}}, {"type": "Feature", "properties": {"kind": "street", "radius_m": 6.5, "source": "snapshot"}, "geometry": {"type": "Polygon", "coordinates": [[[-97.73839255285907, 30.270055791466685], [-97.7384055110705, 30.270090236294298], [-97.73843943610845, 30.2701115243685], [-97.7384813697615, 30.2701115243685], [-97.73851529479946, 30.270090236294298], [-97.73852825301088, 30.270055791466685], [-97.73851529479946, 30.270021346639073], [-97.7384813697615, 30.27000005856487], [-97.73843943610845, 30.27000005856487], [-97.7384055110705, 30.270021346639073], [-97.73839255285907, 30.270055791466685]]]}}, {"type": "Feature", "properties": {"kind": "street", "radius_m": 5.5, "source": "snapshot"}, "geometry": {"type": "Polygon", "coordinates": [[[-97.73823936027259, 30.27004627195677], [-97.73825025864942, 30.270075241441713], [-97.73827879097036, 30.270093145568044], [-97.73831405885858, 30.270093145568044], [-97.73834259117952, 30.270075241441713], [-97.73835348955635, 30.27004627195677], [-97.73834259117952, 30.270017302471825], [-97.73831405885858, 30.269999398345494], [-97.73827879097036, 30.269999398345494], [-97.73825025864942, 30.270017302471825], [-97.73823936027259, 30.27004627195677]]]}}, {"type": "Feature", "properties": {"kind": "street", "radius_m": 7.0, "source": "snapshot"}, "geometry": {"type": "Polygon", "coordinates": [[[-97.7376309132677, 30.269953808424727], [-97.73764477266562, 30.269990648738315], [-97.73768105704046, 30.270013417304266], [-97.7377259069943, 30.270013417304266], [-97.73776219136914, 30.269990648738315], [-97.73777605076707, 30.269953808424727], [-97.73776219136914, 30.26991696811114], [-97.7377259069943, 30.26989419954519], [-97.73768105704046, 30.26989419954519], [-97.73764477266562, 30.26991696811114], [-97.7376309132677, 30.269953808424727]]]}}, {"type": "Feature", "properties": {"kind": "street", "radius_m": 7.9, "source": "snapshot"}, "geometry": {"type": "Polygon", "coordinates": [[[-97.73732813629971, 30.270056307417477], [-97.73734373373887, 30.270097767699692], [-97.7373845683647, 30.270123391563285], [-97.73743504273808, 30.270123391563285], [-97.73747587736392, 30.270097767699692], [-97.73749147480308, 30.270056307417477], [-97.73747587736392, 30.27001484713526], [-97.73743504273808, 30.26998922327167], [-97.7373845683647, 30.26998922327167], [-97.73734373373887, 30.27001484713526], [-97.73732813629971, 30.270056307417477]]]}}, {"type": "Feature", "properties": {"kind": "street", "radius_m": 5.2, "source": "snapshot"}, "geometry": {"type": "Polygon", "coordinates": [[[-97.73718752000597, 30.270049986229203], [-97.73719794852039, 30.27007770675091], [-97.73722525072557, 30.27009483897551], [-97.73725899810711, 30.27009483897551], [-97.73728630031229, 30.27007770675091], [-97.7372967288267, 30.270049986229203], [-97.73728630031229, 30.270022265707496], [-97.73725899810711, 30.270005133482897], [-97.73722525072557, 30.270005133482897], [-97.73719794852039, 30.270022265707496], [-97.73718752000597, 30.270049986229203]]]}}, {"type": "Feature", "properties": {"kind": "street", "radius_m": 4.9, "source": "snapshot"}, "geometry": {"type": "Polygon", "coordinates": [[[-97.73712402109157, 30.26995653488649], [-97.7371338193114, 30.26998257999269], [-97.73715947138393, 30.269998676753563], [-97.73719117908934, 30.269998676753563], [-97.73721683116187, 30.26998257999269], [-97.7372266293817, 30.26995653488649], [-97.73721683116187, 30.26993048978029], [-97.73719117908934, 30.269914393019416], [-97.73715947138393, 30.269914393019416], [-97.7371338193114, 30.26993048978029], [-97.73712402109157, 30.26995653488649]]]}}, {"type": "Feature", "properties": {"kind": "street", "radius_m": 7.0, "source": "snapshot"}, "geometry": {"type": "Polygon", "coordinates": [[[-97.73692858636385, 30.269955913249103], [-97.73694242472955, 30.269992697655958], [-97.73697865404132, 30.27001543166965], [-97.73702343593347, 30.27001543166965], [-97.73705966524524, 30.269992697655958], [-97.73707350361094, 30.269955913249103], [-97.73705966524524, 30.269919128842247], [-97.73702343593347, 30.269896394828557], [-97.73697865404132, 30.269896394828557], [-97.73694242472955, 30.269919128842247], [-97.73692858636385, 30.269955913249103]]]}}, {"type": "Feature", "properties": {"kind": "street", "radius_m": 5.5, "source": "snapshot"}, "geometry": {"type": "Polygon", "coordinates": [[[-97.73630582922978, 30.270049266494986], [-97.73631673980562, 30.270078268406746], [-97.73634530406405, 30.270096192573952], [-97.73638061142917, 30.270096192573952], [-97.7364091756876, 30.270078268406746], [-97.73642008626344, 30.270049266494986], [-97.7364091756876, 30.270020264583227], [-97.73638061142917, 30.27000234041602], [-97.73634530406405, 30.27000234041602], [-97.73631673980562, 30.270020264583227], [-97.73630582922978, 30.270049266494986]]]}}, {"type": "Feature", "properties": {"kind": "street", "radius_m": 6.4, "source": "snapshot"}, "geometry": {"type": "Polygon", "coordinates": [[[-97.7359157678995, 30.27006673137928], [-97.73592855773924, 30.27010072865027], [-97.73596204197443, 30.27012174011927], [-97.7360034307653, 30.27012174011927], [-97.73603691500048, 30.27010072865027], [-97.73604970484023, 30.27006673137928], [-97.73603691500048, 30.27003273410829], [-97.7360034307653, 30.270011722639293], [-97.73596204197443, 30.270011722639293], [-97.73592855773924, 30.27003273410829], [-97.7359157678995, 30.27006673137928]]]}}, {"type": "Feature", "properties": {"kind": "street", "radius_m": 4.7, "source": "snapshot"}, "geometry": {"type": "Polygon", "coordinates": [[[-97.73575716793766, 30.270063475538993], [-97.73576659068462, 30.270088522583197], [-97.73579125975641, 30.270104002507836], [-97.73582175240608, 30.270104002507836], [-97.73584642147787, 30.270088522583197], [-97.73585584422483, 30.270063475538993], [-97.73584642147787, 30.27003842849479], [-97.73582175240608, 30.27002294857015], [-97.73579125975641, 30.27002294857015], [-97.73576659068462, 30.27003842849479], [-97.73575716793766, 30.270063475538993]]]}}, {"type": "Feature", "properties": {"kind": "street", "radius_m": 4.9, "source": "snapshot"}, "geometry": {"type": "Polygon", "coordinates": [[[-97.73503140018454, 30.2700673389326], [-97.7350410701777, 30.270093043193512], [-97.73506638654848, 30.27010892930041], [-97.73509767930369, 30.27010892930041], [-97.73512299567447, 30.270093043193512], [-97.73513266566763, 30.2700673389326], [-97.73512299567447, 30.270041634671685], [-97.73509767930369, 30.270025748564787], [-97.73506638654848, 30.270025748564787], [-97.7350410701777, 30.270041634671685], [-97.73503140018454, 30.2700673389326]]]}}, {"type": "Feature", "properties": {"kind": "street", "radius_m": 5.0, "source": "snapshot"}, "geometry": {"type": "Polygon", "coordinates": [[[-97.73486062414088, 30.270058171440798], [-97.73487055968556, 30.27008458157662], [-97.73489657127924, 30.270100903938207], [-97.73492872337722, 30.270100903938207], [-97.7349547349709, 30.27008458157662], [-97.73496467051558, 30.270058171440798], [-97.7349547349709, 30.270031761304978], [-97.73492872337722, 30.27001543894339], [-97.73489657127924, 30.27001543894339], [-97.73487055968556, 30.270031761304978], [-97.73486062414088, 30.270058171440798]]]}}, {"type": "Feature", "properties": {"kind": "street", "radius_m": 7.7, "source": "snapshot"}, "geometry": {"type": "Polygon", "coordinates": [[[-97.73448761447273, 30.270056339127713], [-97.734502986255, 30.270097199580828], [-97.73454323010345, 30.270122452729648], [-97.73459297423584, 30.270122452729648], [-97.7346332180843, 30.270097199580828], [-97.73464858986657, 30.270056339127713], [-97.7346332180843, 30.270015478674598], [-97.73459297423584, 30.269990225525778], [-97.73454323010345, 30.269990225525778], [-97.734502986255, 30.270015478674598], [-97.73448761447273, 30.270056339127713]]]}}, {"type": "Feature", "properties": {"kind": "street", "radius_m": 6.6, "source": "snapshot"}, "geometry": {"type": "Polygon", "coordinates": [[[-97.73415430404653, 30.270066705196573], [-97.734167379247, 30.270101460998234], [-97.73420161056625, 30.270122941264965], [-97.7342439228038, 30.270122941264965], [-97.73427815412305, 30.270101460998234], [-97.73429122932352, 30.270066705196573], [-97.73427815412305, 30.270031949394912], [-97.7342439228038, 30.27001046912818], [-97.73420161056625, 30.27001046912818], [-97.734167379247, 30.270031949394912], [-97.73415430404653, 30.270066705196573]]]}}, {"type": "Feature", "properties": {"kind": "street", "radius_m": 5.5, "source": "snapshot"}, "geometry": {"type": "Polygon", "coordinates": [[[-97.73398267902262, 30.26993698951317], [-97.73399355418915, 30.269965897301745], [-97.73402202574475, 30.26998376329762], [-97.73405721852289, 30.26998376329762], [-97.73408569007849, 30.269965897301745], [-97.73409656524503, 30.26993698951317], [-97.73408569007849, 30.269908081724594], [-97.73405721852289, 30.26989021572872], [-97.73402202574475, 30.26989021572872], [-97.73399355418915, 30.269908081724594], [-97.73398267902262, 30.26993698951317]]]}}, {"type": "Feature", "properties": {"kind": "street", "radius_m": 5.9, "source": "snapshot"}, "geometry": {"type": "Polygon", "coordinates": [[[-97.73326006449149, 30.269938299692804], [-97.73327178588431, 30.26996945687507], [-97.73330247288914, 30.269988713072706], [-97.73334040411311, 30.269988713072706], [-97.73337109111793, 30.26996945687507], [-97.73338281251075, 30.269938299692804], [-97.73337109111793, 30.269907142510537], [-97.73334040411311, 30.2698878863129], [-97.73330247288914, 30.2698878863129], [-97.73327178588431, 30.269907142510537], [-97.73326006449149, 30.269938299692804]]]}}, {"type": "Feature", "properties": {"kind": "street", "radius_m": 7.2, "source": "snapshot"}, "geometry": {"type": "Polygon", "coordinates": [[[-97.7323883152837, 30.270053481841337], [-97.73240259351813, 30.270091435483803], [-97.73243997442117, 30.27011489212484], [-97.73248617975838, 30.27011489212484], [-97.73252356066142, 30.270091435483803], [-97.73253783889585, 30.270053481841337], [-97.73252356066142, 30.270015528198872], [-97.73248617975838, 30.269992071557834], [-97.73243997442117, 30.269992071557834], [-97.73240259351813, 30.270015528198872], [-97.7323883152837, 30.270053481841337]]]}}, {"type": "Feature", "properties": {"kind": "street", "radius_m": 6.7, "source": "snapshot"}, "geometry": {"type": "Polygon", "coordinates": [[[-97.73222569476017, 30.270047179927964], [-97.73223900224163, 30.270082553166556], [-97.73227384168038, 30.270104415030296], [-97.73231690559496, 30.270104415030296], [-97.73235174503371, 30.270082553166556], [-97.73236505251516, 30.270047179927964], [-97.73235174503371, 30.27001180668937], [-97.73231690559496, 30.26998994482563], [-97.73227384168038, 30.26998994482563], [-97.73223900224163, 30.27001180668937], [-97.73222569476017, 30.270047179927964]]]}}, {"type": "Feature", "properties": {"kind": "street", "radius_m": 4.7, "source": "snapshot"}, "geometry": {"type": "Polygon", "coordinates": [[[-97.7320758000636, 30.27004310824803], [-97.73208521321288, 30.270068129780213], [-97.73210985715764, 30.270083593937557], [-97.7321403187486, 30.270083593937557], [-97.73216496269336, 30.270068129780213], [-97.73217437584265, 30.27004310824803], [-97.73216496269336, 30.270018086715844], [-97.7321403187486, 30.2700026225585], [-97.73210985715764, 30.2700026225585], [-97.73208521321288, 30.270018086715844], [-97.7320758000636, 30.27004310824803]]]}}, {"type": "Feature", "properties": {"kind": "street", "radius_m": 6.7, "source": "snapshot"}, "geometry": {"type": "Polygon", "coordinates": [[[-97.73151255705938, 30.270058728108932], [-97.7315258200158, 30.270093982993497], [-97.73156054288654, 30.270115771710426], [-97.73160346271516, 30.270115771710426], [-97.7316381855859, 30.270093982993497], [-97.73165144854232, 30.270058728108932], [-97.7316381855859, 30.270023473224366], [-97.73160346271516, 30.270001684507438], [-97.73156054288654, 30.270001684507438], [-97.7315258200158, 30.270023473224366], [-97.73151255705938, 30.270058728108932]]]}}, {"type": "Feature", "properties": {"kind": "street", "radius_m": 7.2, "source": "snapshot"}, "geometry": {"type": "Polygon", "coordinates": [[[-97.73144944545015, 30.26995751390786], [-97.7314637207128, 30.269995459650893], [-97.7315010938356, 30.270018911409817], [-97.73154728955593, 30.270018911409817], [-97.73158466267874, 30.269995459650893], [-97.73159893794138, 30.26995751390786], [-97.73158466267874, 30.269919568164823], [-97.73154728955593, 30.2698961164059], [-97.7315010938356, 30.2698961164059], [-97.7314637207128, 30.269919568164823], [-97.73144944545015, 30.26995751390786]]]}}, {"type": "Feature", "properties": {"kind": "street", "radius_m": 5.4, "source": "snapshot"}, "geometry": {"type": "Polygon", "coordinates": [[[-97.73100120710983, 30.270058266975386], [-97.7310119651072, 30.270086863311146], [-97.73104012990996, 30.270104536818597], [-97.73107494352075, 30.270104536818597], [-97.73110310832351, 30.270086863311146], [-97.73111386632088, 30.270058266975386], [-97.73110310832351, 30.270029670639627], [-97.73107494352075, 30.270011997132176], [-97.73104012990996, 30.270011997132176], [-97.7310119651072, 30.270029670639627], [-97.73100120710983, 30.270058266975386]]]}}, {"type": "Feature", "properties": {"kind": "street", "radius_m": 7.8, "source": "snapshot"}, "geometry": {"type": "Polygon", "coordinates": [[[-97.73094214715053, 30.269936408399783], [-97.73095770866497, 30.26997777318884], [-97.7309984492387, 30.27000333803442], [-97.73104880735725, 30.27000333803442], [-97.73108954793098, 30.26997777318884], [-97.73110510944542, 30.269936408399783], [-97.73108954793098, 30.269895043610724], [-97.73104880735725, 30.269869478765145], [-97.7309984492387, 30.269869478765145], [-97.73095770866497, 30.269895043610724], [-97.73094214715053, 30.269936408399783]]]}}, {"type": "Feature", "properties": {"kind": "street", "radius_m": 5.8, "source": "snapshot"}, "geometry": {"type": "Polygon", "coordinates": [[[-97.7307744645049, 30.269947976830608], [-97.73078607044864, 30.269978827132253], [-97.73081645520382, 30.26999789366723], [-97.7308540128267, 30.26999789366723], [-97.73088439758187, 30.269978827132253], [-97.73089600352561, 30.269947976830608], [-97.73088439758187, 30.269917126528963], [-97.7308540128267, 30.269898059993984], [-97.73081645520382, 30.269898059993984], [-97.73078607044864, 30.269917126528963], [-97.7307744645049, 30.269947976830608]]]}}, {"type": "Feature", "properties": {"kind": "street", "radius_m": 4.6, "source": "snapshot"}, "geometry": {"type": "Polygon", "coordinates": [[[-97.75471345276492, 30.270050566023077], [-97.75472262001573, 30.27007493392101], [-97.7547466201899, 30.270089994110165], [-97.75477628603664, 30.270089994110165], [-97.75480028621082, 30.27007493392101], [-97.75480945346163, 30.270050566023077], [-97.75480028621082, 30.270026198125144], [-97.75477628603664, 30.270011137935988], [-97.7547466201899, 30.270011137935988], [-97.75472262001573, 30.270026198125144], [-97.75471345276492, 30.270050566023077]]]}}, {"type": "Feature", "properties": {"kind": "street", "radius_m": 5.0, "source": "snapshot"}, "geometry": {"type": "Polygon", "coordinates": [[[-97.75415946490406, 30.270059451829063], [-97.7541693387162, 30.27008569787069], [-97.75419518869194, 30.27010191881649], [-97.75422714101919, 30.27010191881649], [-97.75425299099493, 30.27008569787069], [-97.75426286480706, 30.270059451829063], [-97.75425299099493, 30.270033205787435], [-97.75422714101919, 30.270016984841636], [-97.75419518869194, 30.270016984841636], [-97.7541693387162, 30.270033205787435], [-97.75415946490406, 30.270059451829063]]]}}, {"type": "Feature", "properties": {"kind": "street", "radius_m": 6.9, "source": "snapshot"}, "geometry": {"type": "Polygon", "coordinates": [[[-97.7537361128029, 30.269941384533414], [-97.7537498165928, 30.269977811218038], [-97.75378569358055, 30.270000324147233], [-97.75383003997625, 30.270000324147233], [-97.753865916964, 30.269977811218038], [-97.7538796207539, 30.269941384533414], [-97.753865916964, 30.26990495784879], [-97.75383003997625, 30.269882444919595], [-97.75378569358055, 30.269882444919595], [-97.7537498165928, 30.26990495784879], [-97.7537361128029, 30.269941384533414]]]}}, {"type": "Feature", "properties": {"kind": "street", "radius_m": 6.7, "source": "snapshot"}, "geometry": {"type": "Polygon", "coordinates": [[[-97.75301797713699, 30.27074624440001], [-97.75303120514313, 30.270781406381566], [-97.75306583651282, 30.27080313768128], [-97.75310864323991, 30.27080313768128], [-97.7531432746096, 30.270781406381566], [-97.75315650261574, 30.27074624440001], [-97.7531432746096, 30.27071108241845], [-97.75310864323991, 30.270689351118737], [-97.75306583651282, 30.270689351118737], [-97.75303120514313, 30.27071108241845], [-97.75301797713699, 30.27074624440001]]]}}, {"type": "Feature", "properties": {"kind": "street", "radius_m": 4.6, "source": "snapshot"}, "geometry": {"type": "Polygon", "coordinates": [[[-97.75272485753696, 30.27086677460325], [-97.75273399202244, 30.270891055406143], [-97.75275790641588, 30.270906061767604], [-97.75278746623182, 30.270906061767604], [-97.75281138062526, 30.270891055406143], [-97.75282051511074, 30.27086677460325], [-97.75281138062526, 30.270842493800355], [-97.75278746623182, 30.270827487438893], [-97.75275790641588, 30.270827487438893], [-97.75273399202244, 30.270842493800355], [-97.75272485753696, 30.27086677460325]]]}}, {"type": "Feature", "properties": {"kind": "street", "radius_m": 7.1, "source": "snapshot"}, "geometry": {"type": "Polygon", "coordinates": [[[-97.7525282637772, 30.27086297882192], [-97.75254236164962, 30.27090045303567], [-97.75257927035875, 30.27092361337347], [-97.7526248920322, 30.27092361337347], [-97.75266180074134, 30.27090045303567], [-97.75267589861376, 30.27086297882192], [-97.75266180074134, 30.270825504608172], [-97.7526248920322, 30.270802344270372], [-97.75257927035875, 30.270802344270372], [-97.75254236164962, 30.270825504608172], [-97.7525282637772, 30.27086297882192]]]}}, {"type": "Feature", "properties": {"kind": "street", "radius_m": 4.8, "source": "snapshot"}, "geometry": {"type": "Polygon", "coordinates": [[[-97.75237503549093, 30.270864445101253], [-97.75238465110358, 30.2708900048108], [-97.75240982510434, 30.270905801580042], [-97.75244094188054, 30.270905801580042], [-97.75246611588129, 30.2708900048108], [-97.75247573149394, 30.270864445101253], [-97.75246611588129, 30.270838885391708], [-97.75244094188054, 30.270823088622464], [-97.75240982510434, 30.270823088622464], [-97.75238465110358, 30.270838885391708], [-97.75237503549093, 30.270864445101253]]]}}, {"type": "Feature", "properties": {"kind": "street", "radius_m": 6.8, "source": "snapshot"}, "geometry": {"type": "Polygon", "coordinates": [[[-97.75219616963054, 30.270850054781192], [-97.75220970563016, 30.270886035454637], [-97.75224514333728, 30.270908272733767], [-97.75228894675222, 30.270908272733767], [-97.75232438445933, 30.270886035454637], [-97.75233792045896, 30.270850054781192], [-97.75232438445933, 30.270814074107747], [-97.75228894675222, 30.270791836828618], [-97.75224514333728, 30.270791836828618], [-97.75220970563016, 30.270814074107747], [-97.75219616963054, 30.270850054781192]]]}}, {"type": "Feature", "properties": {"kind": "street", "radius_m": 7.7, "source": "snapshot"}, "geometry": {"type": "Polygon", "coordinates": [[[-97.7521370808795, 30.27074211059581], [-97.75215234906204, 30.270782695665623], [-97.75219232168288, 30.270807778618206], [-97.75224173055946, 30.270807778618206], [-97.7522817031803, 30.270782695665623], [-97.75229697136284, 30.27074211059581], [-97.7522817031803, 30.270701525525993], [-97.75224173055946, 30.27067644257341], [-97.75219232168288, 30.27067644257341], [-97.75215234906204, 30.270701525525993], [-97.7521370808795, 30.27074211059581]]]}}, {"type": "Feature", "properties": {"kind": "street", "radius_m": 4.6, "source": "snapshot"}, "geometry": {"type": "Polygon", "coordinates": [[[-97.75187116001699, 30.27084864119088], [-97.75188023585902, 30.270872766110887], [-97.75190399672192, 30.27088767613143], [-97.7519333667637, 30.27088767613143], [-97.7519571276266, 30.270872766110887], [-97.75196620346863, 30.27084864119088], [-97.7519571276266, 30.270824516270874], [-97.7519333667637, 30.27080960625033], [-97.75190399672192, 30.27080960625033], [-97.75188023585902, 30.270824516270874], [-97.75187116001699, 30.27084864119088]]]}}, {"type": "Feature", "properties": {"kind": "street", "radius_m": 6.5, "source": "snapshot"}, "geometry": {"type": "Polygon", "coordinates": [[[-97.75179370281674, 30.270747154795554], [-97.75180659091829, 30.270781413260835], [-97.75184033240622, 30.27080258615678], [-97.75188203917894, 30.27080258615678], [-97.75191578066686, 30.270781413260835], [-97.75192866876841, 30.270747154795554], [-97.75191578066686, 30.270712896330274], [-97.75188203917894, 30.27069172343433], [-97.75184033240622, 30.27069172343433], [-97.75180659091829, 30.270712896330274], [-97.75179370281674, 30.270747154795554]]]}}, {"type": "Feature", "properties": {"kind": "street", "radius_m": 8.0, "source": "snapshot"}, "geometry": {"type": "Polygon", "coordinates": [[[-97.75143583081135, 30.27074082037883], [-97.75145162303613, 30.27078279842984], [-97.75149296761737, 30.27080874229214], [-97.75154407233029, 30.27080874229214], [-97.75158541691152, 30.27078279842984], [-97.75160120913631, 30.27074082037883], [-97.75158541691152, 30.27069884232782], [-97.75154407233029, 30.27067289846552], [-97.75149296761737, 30.27067289846552], [-97.75145162303613, 30.27069884232782], [-97.75143583081135, 30.27074082037883]]]}}, {"type": "Feature", "properties": {"kind": "street", "radius_m": 7.3, "source": "snapshot"}, "geometry": {"type": "Polygon", "coordinates": [[[-97.75125775276986, 30.270749057650278], [-97.7512723113737, 30.270787756555784], [-97.75131042629339, 30.270811673794714], [-97.75135753892506, 30.270811673794714], [-97.75139565384475, 30.270787756555784], [-97.75141021244859, 30.270749057650278], [-97.75139565384475, 30.270710358744772], [-97.75135753892506, 30.27068644150584], [-97.75131042629339, 30.27068644150584], [-97.7512723113737, 30.270710358744772], [-97.75125775276986, 30.270749057650278]]]}}, {"type": "Feature", "properties": {"kind": "street", "radius_m": 6.3, "source": "snapshot"}, "geometry": {"type": "Polygon", "coordinates": [[[-97.75096702397462, 30.270858617803505], [-97.75097945821756, 30.270891669845955], [-97.75101201148817, 30.270912097131585], [-97.75105224954353, 30.270912097131585], [-97.75108480281415, 30.270891669845955], [-97.75109723705708, 30.270858617803505], [-97.75108480281415, 30.270825565761054], [-97.75105224954353, 30.270805138475424], [-97.75101201148817, 30.270805138475424], [-97.75097945821756, 30.270825565761054], [-97.75096702397462, 30.270858617803505]]]}}, {"type": "Feature", "properties": {"kind": "street", "radius_m": 6.0, "source": "snapshot"}, "geometry": {"type": "Polygon", "coordinates": [[[-97.75062133589633, 30.27085699320536], [-97.75063330587632, 30.270888811168774], [-97.75066464369077, 30.270908475751614], [-97.75070337935968, 30.270908475751614], [-97.75073471717413, 30.270888811168774], [-97.75074668715412, 30.27085699320536], [-97.75073471717413, 30.270825175241946], [-97.75070337935968, 30.270805510659105], [-97.75066464369077, 30.270805510659105], [-97.75063330587632, 30.270825175241946], [-97.75062133589633, 30.27085699320536]]]}}, {"type": "Feature", "properties": {"kind": "street", "radius_m": 5.9, "source": "snapshot"}, "geometry": {"type": "Polygon", "coordinates": [[[-97.7494701813512, 30.270758295058542], [-97.7494819152015, 30.270789485354584], [-97.74951263482039, 30.27080876201766], [-97.74955060635757, 30.27080876201766], [-97.74958132597646, 30.270789485354584], [-97.74959305982676, 30.270758295058542], [-97.74958132597646, 30.2707271047625], [-97.74955060635757, 30.270707828099425], [-97.74951263482039, 30.270707828099425], [-97.7494819152015, 30.2707271047625], [-97.7494701813512, 30.270758295058542]]]}}, {"type": "Feature", "properties": {"kind": "street", "radius_m": 7.5, "source": "snapshot"}, "geometry": {"type": "Polygon", "coordinates": [[[-97.74898581375737, 30.27086044434133], [-97.74900062167637, 30.27089980596312], [-97.74903938931162, 30.270924132783236], [-97.74908730874411, 30.270924132783236], [-97.74912607637935, 30.27089980596312], [-97.74914088429836, 30.27086044434133], [-97.74912607637935, 30.270821082719543], [-97.74908730874411, 30.270796755899426], [-97.74903938931162, 30.270796755899426], [-97.74900062167637, 30.270821082719543], [-97.74898581375737, 30.27086044434133]]]}}, {"type": "Feature", "properties": {"kind": "street", "radius_m": 7.3, "source": "snapshot"}, "geometry": {"type": "Polygon", "coordinates": [[[-97.74883338235468, 30.27084950156471], [-97.74884789131217, 30.27088806850293], [-97.74888587625603, 30.27091190418159], [-97.74893282822873, 30.27091190418159], [-97.74897081317259, 30.27088806850293], [-97.74898532213008, 30.27084950156471], [-97.74897081317259, 30.270810934626493], [-97.74893282822873, 30.27078709894783], [-97.74888587625603, 30.27078709894783], [-97.74884789131217, 30.270810934626493], [-97.74883338235468, 30.27084950156471]]]}}, {"type": "Feature", "properties": {"kind": "street", "radius_m": 5.6, "source": "snapshot"}, "geometry": {"type": "Polygon", "coordinates": [[[-97.74864717166234, 30.27073813371139], [-97.74865820901914, 30.270767472625494], [-97.74868710519436, 30.2707856050716], [-97.74872282283124, 30.2707856050716], [-97.74875171900646, 30.270767472625494], [-97.74876275636326, 30.27073813371139], [-97.74875171900646, 30.270708794797287], [-97.74872282283124, 30.27069066235118], [-97.74868710519436, 30.27069066235118], [-97.74865820901914, 30.270708794797287], [-97.74864717166234, 30.27073813371139]]]}}, {"type": "Feature", "properties": {"kind": "street", "radius_m": 5.9, "source": "snapshot"}, "geometry": {"type": "Polygon", "coordinates": [[[-97.74817489879953, 30.270854975231202], [-97.74818663455203, 30.270886170583573], [-97.74821735915094, 30.27090545037163], [-97.74825533684378, 30.27090545037163], [-97.7482860614427, 30.270886170583573], [-97.74829779719519, 30.270854975231202], [-97.7482860614427, 30.27082377987883], [-97.74825533684378, 30.270804500090776], [-97.74821735915094, 30.270804500090776], [-97.74818663455203, 30.27082377987883], [-97.74817489879953, 30.270854975231202]]]}}, {"type": "Feature", "properties": {"kind": "street", "radius_m": 7.5, "source": "snapshot"}, "geometry": {"type": "Polygon", "coordinates": [[[-97.74743584172295, 30.270759074649963], [-97.74745077842066, 30.270798778584478], [-97.74748988320296, 30.270823316965497], [-97.74753821937215, 30.270823316965497], [-97.74757732415445, 30.270798778584478], [-97.74759226085216, 30.270759074649963], [-97.74757732415445, 30.270719370715447], [-97.74753821937215, 30.270694832334428], [-97.74748988320296, 30.270694832334428], [-97.74745077842066, 30.270719370715447], [-97.74743584172295, 30.270759074649963]]]}}, {"type": "Feature", "properties": {"kind": "street", "radius_m": 6.1, "source": "snapshot"}, "geometry": {"type": "Polygon", "coordinates": [[[-97.74714634298901, 30.270733647581533], [-97.7471585306081, 30.27076604406162], [-97.74719043820912, 30.27078606618743], [-97.74722987817296, 30.27078606618743], [-97.74726178577397, 30.27076604406162], [-97.74727397339306, 30.270733647581533], [-97.74726178577397, 30.270701251101446], [-97.74722987817296, 30.270681228975636], [-97.74719043820912, 30.270681228975636], [-97.7471585306081, 30.270701251101446], [-97.74714634298901, 30.270733647581533]]]}}, {"type": "Feature", "properties": {"kind": "street", "radius_m": 6.3, "source": "snapshot"}, "geometry": {"type": "Polygon", "coordinates": [[[-97.74611293781498, 30.27074431953532], [-97.74612550763705, 30.270777731967016], [-97.74615841585845, 30.270798381985447], [-97.74619909265712, 30.270798381985447], [-97.74623200087852, 30.270777731967016], [-97.74624457070058, 30.27074431953532], [-97.74623200087852, 30.270710907103627], [-97.74619909265712, 30.270690257085196], [-97.74615841585845, 30.270690257085196], [-97.74612550763705, 30.270710907103627], [-97.74611293781498, 30.27074431953532]]]}}, {"type": "Feature", "properties": {"kind": "street", "radius_m": 6.9, "source": "snapshot"}, "geometry": {"type": "Polygon", "coordinates": [[[-97.74581969146841, 30.270844405597078], [-97.74583339478883, 30.270880831033708], [-97.74586927054742, 30.2709033431916], [-97.74591361542377, 30.2709033431916], [-97.74594949118236, 30.270880831033708], [-97.74596319450278, 30.270844405597078], [-97.74594949118236, 30.27080798016045], [-97.74591361542377, 30.270785468002558], [-97.74586927054742, 30.270785468002558], [-97.74583339478883, 30.27080798016045], [-97.74581969146841, 30.270844405597078]]]}}, {"type": "Feature", "properties": {"kind": "street", "radius_m": 7.4, "source": "snapshot"}, "geometry": {"type": "Polygon", "coordinates": [[[-97.74563401246587, 30.270852157441183], [-97.74564872324248, 30.27089126084423], [-97.74568723655564, 30.27091542807639], [-97.74573484162873, 30.27091542807639], [-97.74577335494189, 30.27089126084423], [-97.7457880657185, 30.270852157441183], [-97.74577335494189, 30.270813054038136], [-97.74573484162873, 30.270788886805978], [-97.74568723655564, 30.270788886805978], [-97.74564872324248, 30.270813054038136], [-97.74563401246587, 30.270852157441183]]]}}, {"type": "Feature", "properties": {"kind": "street", "radius_m": 7.4, "source": "snapshot"}, "geometry": {"type": "Polygon", "coordinates": [[[-97.74529005440915, 30.27084590975678], [-97.74530471996961, 30.27088489296869], [-97.74534311490538, 30.270908985918645], [-97.74539057365598, 30.270908985918645], [-97.74542896859175, 30.27088489296869], [-97.74544363415221, 30.27084590975678], [-97.74542896859175, 30.270806926544868], [-97.74539057365598, 30.270782833594915], [-97.74534311490538, 30.270782833594915], [-97.74530471996961, 30.270806926544868], [-97.74529005440915, 30.27084590975678]]]}}, {"type": "Feature", "properties": {"kind": "street", "radius_m": 4.9, "source": "snapshot"}, "geometry": {"type": "Polygon", "coordinates": [[[-97.74494349770146, 30.270856626812876], [-97.74495322600224, 30.270882486063986], [-97.74497869502433, 30.270898467960095], [-97.74501017646695, 30.270898467960095], [-97.74503564548904, 30.270882486063986], [-97.74504537378982, 30.270856626812876], [-97.74503564548904, 30.270830767561765], [-97.74501017646695, 30.270814785665657], [-97.74497869502433, 30.270814785665657], [-97.74495322600224, 30.270830767561765], [-97.74494349770146, 30.270856626812876]]]}}, {"type": "Feature", "properties": {"kind": "street", "radius_m": 6.1, "source": "snapshot"}, "geometry": {"type": "Polygon", "coordinates": [[[-97.74487076607119, 30.270752957601246], [-97.74488293189026, 30.27078529613367], [-97.74491478241806, 30.270805282445856], [-97.74495415183556, 30.270805282445856], [-97.74498600236336, 30.27078529613367], [-97.74499816818243, 30.270752957601246], [-97.74498600236336, 30.270720619068822], [-97.74495415183556, 30.270700632756636], [-97.74491478241806, 30.270700632756636], [-97.74488293189026, 30.270720619068822], [-97.74487076607119, 30.270752957601246]]]}}, {"type": "Feature", "properties": {"kind": "street", "radius_m": 5.1, "source": "snapshot"}, "geometry": {"type": "Polygon", "coordinates": [[[-97.74422040478952, 30.270857858122113], [-97.74423045150948, 30.270884563778136], [-97.7442567541638, 30.270901068781246], [-97.74428926603254, 30.270901068781246], [-97.74431556868686, 30.270884563778136], [-97.74432561540682, 30.270857858122113], [-97.74431556868686, 30.27083115246609], [-97.74428926603254, 30.27081464746298], [-97.7442567541638, 30.27081464746298], [-97.74423045150948, 30.27083115246609], [-97.74422040478952, 30.270857858122113]]]}}, {"type": "Feature", "properties": {"kind": "street", "radius_m": 6.8, "source": "snapshot"}, "geometry": {"type": "Polygon", "coordinates": [[[-97.74414408495798, 30.270752612373858], [-97.74415760309486, 30.2707885455655], [-97.7441929940367, 30.270810753499262], [-97.74423673964657, 30.270810753499262], [-97.7442721305884, 30.2707885455655], [-97.74428564872528, 30.270752612373858], [-97.7442721305884, 30.270716679182215], [-97.74423673964657, 30.270694471248454], [-97.7441929940367, 30.270694471248454], [-97.74415760309486, 30.270716679182215], [-97.74414408495798, 30.270752612373858]]]}}, {"type": "Feature", "properties": {"kind": "street", "radius_m": 6.2, "source": "snapshot"}, "geometry": {"type": "Polygon", "coordinates": [[[-97.74398891479784, 30.27073660112242], [-97.74400123136063, 30.270769340353763], [-97.74403347654061, 30.2707895743115], [-97.74407333377502, 30.2707895743115], [-97.744105578955, 30.270769340353763], [-97.74411789551779, 30.27073660112242], [-97.744105578955, 30.270703861891075], [-97.74407333377502, 30.270683627933337], [-97.74403347654061, 30.270683627933337], [-97.74400123136063, 30.270703861891075], [-97.74398891479784, 30.27073660112242]]]}}, {"type": "Feature", "properties": {"kind": "street", "radius_m": 6.6, "source": "snapshot"}, "geometry": {"type": "Polygon", "coordinates": [[[-97.74347195585557, 30.270863589220347], [-97.74348507721238, 30.270898467712335], [-97.7435194293705, 30.27092002380586], [-97.74356189097311, 30.27092002380586], [-97.74359624313122, 30.270898467712335], [-97.74360936448804, 30.270863589220347], [-97.74359624313122, 30.27082871072836], [-97.74356189097311, 30.270807154634834], [-97.7435194293705, 30.270807154634834], [-97.74348507721238, 30.27082871072836], [-97.74347195585557, 30.270863589220347]]]}}, {"type": "Feature", "properties": {"kind": "street", "radius_m": 4.8, "source": "snapshot"}, "geometry": {"type": "Polygon", "coordinates": [[[-97.74306519556983, 30.27074978168581], [-97.74307476221149, 30.270775211223267], [-97.74309980800452, 30.270790927541732], [-97.74313076630726, 30.270790927541732], [-97.74315581210028, 30.270775211223267], [-97.74316537874195, 30.27074978168581], [-97.74315581210028, 30.270724352148356], [-97.74313076630726, 30.27070863582989], [-97.74309980800452, 30.27070863582989], [-97.74307476221149, 30.270724352148356], [-97.74306519556983, 30.27074978168581]]]}}, {"type": "Feature", "properties": {"kind": "street", "radius_m": 7.8, "source": "snapshot"}, "geometry": {"type": "Polygon", "coordinates": [[[-97.74229730851835, 30.270756559494327], [-97.74231273345262, 30.27079756123324], [-97.7423531164548, 30.27082290170149], [-97.74240303259064, 30.27082290170149], [-97.74244341559282, 30.27079756123324], [-97.74245884052709, 30.270756559494327], [-97.74244341559282, 30.270715557755413], [-97.74240303259064, 30.270690217287164], [-97.7423531164548, 30.270690217287164], [-97.74231273345262, 30.270715557755413], [-97.74229730851835, 30.270756559494327]]]}}, {"type": "Feature", "properties": {"kind": "street", "radius_m": 4.9, "source": "snapshot"}, "geometry": {"type": "Polygon", "coordinates": [[[-97.74134100623549, 30.2708642624379], [-97.74135079514905, 30.270890282806686], [-97.74137642285747, 30.270906364278996], [-97.74140810044717, 30.270906364278996], [-97.7414337281556, 30.270890282806686], [-97.74144351706916, 30.2708642624379], [-97.7414337281556, 30.270838242069114], [-97.74140810044717, 30.270822160596804], [-97.74137642285747, 30.270822160596804], [-97.74135079514905, 30.270838242069114], [-97.74134100623549, 30.2708642624379]]]}}, {"type": "Feature", "properties": {"kind": "street", "radius_m": 7.1, "source": "snapshot"}, "geometry": {"type": "Polygon", "coordinates": [[[-97.74098313810242, 30.270856171206088], [-97.74099727989379, 30.270893762162864], [-97.74103430358424, 30.27091699465182], [-97.74108006738241, 30.27091699465182], [-97.74111709107287, 30.270893762162864], [-97.74113123286423, 30.270856171206088], [-97.74111709107287, 30.270818580249312], [-97.74108006738241, 30.270795347760355], [-97.74103430358424, 30.270795347760355], [-97.74099727989379, 30.270818580249312], [-97.74098313810242, 30.270856171206088]]]}}, {"type": "Feature", "properties": {"kind": "street", "radius_m": 5.1, "source": "snapshot"}, "geometry": {"type": "Polygon", "coordinates": [[[-97.74083682084716, 30.270851820041283], [-97.74084697738557, 30.27087881761085], [-97.74087356754832, 30.270895503026455], [-97.74090643479703, 30.270895503026455], [-97.74093302495977, 30.27087881761085], [-97.74094318149818, 30.270851820041283], [-97.74093302495977, 30.270824822471717], [-97.74090643479703, 30.27080813705611], [-97.74087356754832, 30.27080813705611], [-97.74084697738557, 30.270824822471717], [-97.74083682084716, 30.270851820041283]]]}}, {"type": "Feature", "properties": {"kind": "street", "radius_m": 6.2, "source": "snapshot"}, "geometry": {"type": "Polygon", "coordinates": [[[-97.74059563996965, 30.27075272262162], [-97.74060798793374, 30.270785545322227], [-97.74064031532339, 30.270805830866802], [-97.74068027417454, 30.270805830866802], [-97.74071260156418, 30.270785545322227], [-97.74072494952827, 30.27075272262162], [-97.74071260156418, 30.270719899921012], [-97.74068027417454, 30.270699614376436], [-97.74064031532339, 30.270699614376436], [-97.74060798793374, 30.270719899921012], [-97.74059563996965, 30.27075272262162]]]}}, {"type": "Feature", "properties": {"kind": "street", "radius_m": 6.0, "source": "snapshot"}, "geometry": {"type": "Polygon", "coordinates": [[[-97.74029469563342, 30.27086599113069], [-97.74030658072591, 30.2708975834507], [-97.74033769630203, 30.27091710857825], [-97.74037615726927, 30.27091710857825], [-97.74040727284539, 30.2708975834507], [-97.74041915793788, 30.27086599113069], [-97.74040727284539, 30.27083439881068], [-97.74037615726927, 30.270814873683133], [-97.74033769630203, 30.270814873683133], [-97.74030658072591, 30.27083439881068], [-97.74029469563342, 30.27086599113069]]]}}, {"type": "Feature", "properties": {"kind": "street", "radius_m": 4.6, "source": "snapshot"}, "geometry": {"type": "Polygon", "coordinates": [[[-97.73959378597337, 30.270740289133244], [-97.7396028712861, 30.27076443922775], [-97.73962665694361, 30.27077936480699], [-97.7396560576332, 30.27077936480699], [-97.73967984329072, 30.27076443922775], [-97.73968892860344, 30.270740289133244], [-97.73967984329072, 30.270716139038736], [-97.7396560576332, 30.270701213459496], [-97.73962665694361, 30.270701213459496], [-97.7396028712861, 30.270716139038736], [-97.73959378597337, 30.270740289133244]]]}}, {"type": "Feature", "properties": {"kind": "street", "radius_m": 7.9, "source": "snapshot"}, "geometry": {"type": "Polygon", "coordinates": [[[-97.73785425317598, 30.270855319652444], [-97.73786985573125, 30.27089679353401], [-97.73791070375121, 30.27092242580246], [-97.73796119468064, 30.27092242580246], [-97.7380020427006, 30.27089679353401], [-97.73801764525587, 30.270855319652444], [-97.7380020427006, 30.270813845770878], [-97.73796119468064, 30.270788213502428], [-97.73791070375121, 30.270788213502428], [-97.73786985573125, 30.270813845770878], [-97.73785425317598, 30.270855319652444]]]}}, {"type": "Feature", "properties": {"kind": "street", "radius_m": 7.5, "source": "snapshot"}, "geometry": {"type": "Polygon", "coordinates": [[[-97.73767448737173, 30.270862313608486], [-97.73768945356937, 30.270902095958103], [-97.73772863558345, 30.27092668280232], [-97.73777706721636, 30.27092668280232], [-97.73781624923043, 30.270902095958103], [-97.73783121542807, 30.270862313608486], [-97.73781624923043, 30.27082253125887], [-97.73777706721636, 30.270797944414653], [-97.73772863558345, 30.270797944414653], [-97.73768945356937, 30.27082253125887], [-97.73767448737173, 30.270862313608486]]]}}, {"type": "Feature", "properties": {"kind": "street", "radius_m": 7.9, "source": "snapshot"}, "geometry": {"type": "Polygon", "coordinates": [[[-97.73731740168046, 30.270864942214338], [-97.73733313987171, 30.27090677663631], [-97.73737434299134, 30.270932631730986], [-97.73742527284811, 30.270932631730986], [-97.73746647596775, 30.27090677663631], [-97.737482214159, 30.270864942214338], [-97.73746647596775, 30.270823107792367], [-97.73742527284811, 30.27079725269769], [-97.73737434299134, 30.27079725269769], [-97.73733313987171, 30.270823107792367], [-97.73731740168046, 30.270864942214338]]]}}, {"type": "Feature", "properties": {"kind": "street", "radius_m": 5.3, "source": "snapshot"}, "geometry": {"type": "Polygon", "coordinates": [[[-97.73729424453985, 30.27075714381079], [-97.73730482035091, 30.270785255868603], [-97.73733250818373, 30.270802630075824], [-97.73736673222723, 30.270802630075824], [-97.73739442006004, 30.270785255868603], [-97.7374049958711, 30.27075714381079], [-97.73739442006004, 30.27072903175298], [-97.73736673222723, 30.270711657545757], [-97.73733250818373, 30.270711657545757], [-97.73730482035091, 30.27072903175298], [-97.73729424453985, 30.27075714381079]]]}}, {"type": "Feature", "properties": {"kind": "street", "radius_m": 6.7, "source": "snapshot"}, "geometry": {"type": "Polygon", "coordinates": [[[-97.73712979488424, 30.270735584439606], [-97.73714312309546, 30.270771012780983], [-97.73717801680547, 30.270792908700116], [-97.73722114780301, 30.270792908700116], [-97.73725604151302, 30.270771012780983], [-97.73726936972425, 30.270735584439606], [-97.73725604151302, 30.27070015609823], [-97.73722114780301, 30.270678260179096], [-97.73717801680547, 30.270678260179096], [-97.73714312309546, 30.27070015609823], [-97.73712979488424, 30.270735584439606]]]}}, {"type": "Feature", "properties": {"kind": "street", "radius_m": 7.4, "source": "snapshot"}, "geometry": {"type": "Polygon", "coordinates": [[[-97.73639109014846, 30.270758662908342], [-97.73640575214287, 30.270797636641166], [-97.7364441377426, 30.27082172373272], [-97.73649158495321, 30.27082172373272], [-97.73652997055294, 30.270797636641166], [-97.73654463254735, 30.270758662908342], [-97.73652997055294, 30.270719689175518], [-97.73649158495321, 30.270695602083965], [-97.7364441377426, 30.270695602083965], [-97.73640575214287, 30.270719689175518], [-97.73639109014846, 30.270758662908342]]]}}, {"type": "Feature", "properties": {"kind": "street", "radius_m": 7.6, "source": "snapshot"}, "geometry": {"type": "Polygon", "coordinates": [[[-97.73587432968921, 30.27073690720087], [-97.73588936407798, 30.27077687081255], [-97.73592872461879, 30.270801569682884], [-97.73597737692288, 30.270801569682884], [-97.73601673746369, 30.27077687081255], [-97.73603177185245, 30.27073690720087], [-97.73601673746369, 30.27069694358919], [-97.73597737692288, 30.270672244718856], [-97.73592872461879, 30.270672244718856], [-97.73588936407798, 30.27069694358919], [-97.73587432968921, 30.27073690720087]]]}}, {"type": "Feature", "properties": {"kind": "street", "radius_m": 7.1, "source": "snapshot"}, "geometry": {"type": "Polygon", "coordinates": [[[-97.73497192990962, 30.270743349372747], [-97.73498599808407, 30.270780744644977], [-97.73502282904296, 30.270803856194235], [-97.73506835461181, 30.270803856194235], [-97.7351051855707, 30.270780744644977], [-97.73511925374515, 30.270743349372747], [-97.7351051855707, 30.270705954100517], [-97.73506835461181, 30.27068284255126], [-97.73502282904296, 30.27068284255126], [-97.73498599808407, 30.270705954100517], [-97.73497192990962, 30.270743349372747]]]}}, {"type": "Feature", "properties": {"kind": "street", "radius_m": 6.7, "source": "snapshot"}, "geometry": {"type": "Polygon", "coordinates": [[[-97.73444535257117, 30.27075817196848], [-97.73445867246481, 30.270793578200514], [-97.73449354439911, 30.270815460455324], [-97.73453664848041, 30.270815460455324], [-97.73457152041472, 30.270793578200514], [-97.73458484030836, 30.27075817196848], [-97.73457152041472, 30.270722765736448], [-97.73453664848041, 30.270700883481638], [-97.73449354439911, 30.270700883481638], [-97.73445867246481, 30.270722765736448], [-97.73444535257117, 30.27075817196848]]]}}, {"type": "Feature", "properties": {"kind": "street", "radius_m": 5.6, "source": "snapshot"}, "geometry": {"type": "Polygon", "coordinates": [[[-97.73413441460521, 30.27074877842661], [-97.73414553452024, 30.27077833679264], [-97.73417464683575, 30.270796604867503], [-97.73421063163673, 30.270796604867503], [-97.73423974395224, 30.27077833679264], [-97.73425086386727, 30.27074877842661], [-97.73423974395224, 30.27071922006058], [-97.73421063163673, 30.27070095198572], [-97.73417464683575, 30.27070095198572], [-97.73414553452024, 30.27071922006058], [-97.73413441460521, 30.27074877842661]]]}}, {"type": "Feature", "properties": {"kind": "street", "radius_m": 7.9, "source": "snapshot"}, "geometry": {"type": "Polygon", "coordinates": [[[-97.73393629224533, 30.270755322787295], [-97.73395197253517, 30.27079700329878], [-97.7339930240669, 30.27082276327155], [-97.73404376655071, 30.27082276327155], [-97.73408481808245, 30.27079700329878], [-97.73410049837229, 30.270755322787295], [-97.73408481808245, 30.27071364227581], [-97.73404376655071, 30.27068788230304], [-97.7339930240669, 30.27068788230304], [-97.73395197253517, 30.27071364227581], [-97.73393629224533, 30.270755322787295]]]}}, {"type": "Feature", "properties": {"kind": "street", "radius_m": 5.4, "source": "snapshot"}, "geometry": {"type": "Polygon", "coordinates": [[[-97.73253043673692, 30.270746684365434], [-97.73254118788344, 30.270775262490623], [-97.73256933475045, 30.270792924743326], [-97.7326041261914, 30.270792924743326], [-97.73263227305841, 30.270775262490623], [-97.73264302420493, 30.270746684365434], [-97.73263227305841, 30.270718106240246], [-97.7326041261914, 30.270700443987543], [-97.73256933475045, 30.270700443987543], [-97.73254118788344, 30.270718106240246], [-97.73253043673692, 30.270746684365434]]]}}, {"type": "Feature", "properties": {"kind": "street", "radius_m": 7.6, "source": "snapshot"}, "geometry": {"type": "Polygon", "coordinates": [[[-97.7316865548519, 30.270851594405983], [-97.73170158665985, 30.27089155115744], [-97.73174094044396, 30.270916245787923], [-97.7317895843963, 30.270916245787923], [-97.7318289381804, 30.27089155115744], [-97.73184396998835, 30.270851594405983], [-97.7318289381804, 30.270811637654525], [-97.7317895843963, 30.270786943024042], [-97.73174094044396, 30.270786943024042], [-97.73170158665985, 30.270811637654525], [-97.7316865548519, 30.270851594405983]]]}}, {"type": "Feature", "properties": {"kind": "street", "radius_m": 6.8, "source": "snapshot"}, "geometry": {"type": "Polygon", "coordinates": [[[-97.73130602685792, 30.27073402508398], [-97.73131946459712, 30.27076974456678], [-97.73135464505508, 30.270791820421213], [-97.7313981304926, 30.270791820421213], [-97.73143331095055, 30.27076974456678], [-97.73144674868975, 30.27073402508398], [-97.73143331095055, 30.270698305601176], [-97.7313981304926, 30.270676229746744], [-97.73135464505508, 30.270676229746744], [-97.73131946459712, 30.270698305601176], [-97.73130602685792, 30.27073402508398]]]}}, {"type": "Feature", "properties": {"kind": "street", "radius_m": 5.9, "source": "snapshot"}, "geometry": {"type": "Polygon", "coordinates": [[[-97.75468991145824, 30.270859322524817], [-97.75470163840869, 30.27089049448006], [-97.75473233996355, 30.270909759807896], [-97.75477028917238, 30.270909759807896], [-97.75480099072725, 30.27089049448006], [-97.7548127176777, 30.270859322524817], [-97.75480099072725, 30.270828150569574], [-97.75477028917238, 30.27080888524174], [-97.75473233996355, 30.27080888524174], [-97.75470163840869, 30.270828150569574], [-97.75468991145824, 30.270859322524817]]]}}, {"type": "Feature", "properties": {"kind": "street", "radius_m": 5.8, "source": "snapshot"}, "geometry": {"type": "Polygon", "coordinates": [[[-97.75452488058662, 30.270847435082107], [-97.75453637731012, 30.270877995060346], [-97.75456647612302, 30.27089688216559], [-97.75460368030178, 30.27089688216559], [-97.75463377911468, 30.270877995060346], [-97.75464527583819, 30.270847435082107], [-97.75463377911468, 30.27081687510387], [-97.75460368030178, 30.270797987998623], [-97.75456647612302, 30.270797987998623], [-97.75453637731012, 30.27081687510387], [-97.75452488058662, 30.270847435082107]]]}}, {"type": "Feature", "properties": {"kind": "street", "radius_m": 7.7, "source": "snapshot"}, "geometry": {"type": "Polygon", "coordinates": [[[-97.75413047935156, 30.27085978934847], [-97.75414581427732, 30.27090055183157], [-97.75418596163419, 30.27092574443159], [-97.75423558649638, 30.27092574443159], [-97.75427573385325, 30.27090055183157], [-97.75429106877901, 30.27085978934847], [-97.75427573385325, 30.27081902686537], [-97.75423558649638, 30.27079383426535], [-97.75418596163419, 30.27079383426535], [-97.75414581427732, 30.27081902686537], [-97.75413047935156, 30.27085978934847]]]}}, {"type": "Feature", "properties": {"kind": "street", "radius_m": 7.5, "source": "snapshot"}, "geometry": {"type": "Polygon", "coordinates": [[[-97.75359274927226, 30.27085965407057], [-97.7536076805952, 30.270899343718142], [-97.75364677130615, 30.270923873269343], [-97.75369509008219, 30.270923873269343], [-97.75373418079315, 30.270899343718142], [-97.75374911211608, 30.27085965407057], [-97.75373418079315, 30.270819964422998], [-97.75369509008219, 30.270795434871797], [-97.75364677130615, 30.270795434871797], [-97.7536076805952, 30.270819964422998], [-97.75359274927226, 30.27085965407057]]]}}, {"type": "Feature", "properties": {"kind": "street", "radius_m": 7.5, "source": "snapshot"}, "geometry": {"type": "Polygon", "coordinates": [[[-97.75323979884146, 30.27085374150623], [-97.75325469123796, 30.270893327681588], [-97.75329368003815, 30.270917793283445], [-97.75334187284554, 30.270917793283445], [-97.75338086164574, 30.270893327681588], [-97.75339575404223, 30.27085374150623], [-97.75338086164574, 30.27081415533087], [-97.75334187284554, 30.270789689729014], [-97.75329368003815, 30.270789689729014], [-97.75325469123796, 30.27081415533087], [-97.75323979884146, 30.27085374150623]]]}}, {"type": "Feature", "properties": {"kind": "street", "radius_m": 5.3, "source": "snapshot"}, "geometry": {"type": "Polygon", "coordinates": [[[-97.75287676349673, 30.271758673786863], [-97.75288732527707, 30.27178674854899], [-97.75291497637701, 30.27180409970621], [-97.75294915501618, 30.27180409970621], [-97.75297680611612, 30.27178674854899], [-97.75298736789647, 30.271758673786863], [-97.75297680611612, 30.271730599024735], [-97.75294915501618, 30.271713247867517], [-97.75291497637701, 30.271713247867517], [-97.75288732527707, 30.271730599024735], [-97.75287676349673, 30.271758673786863]]]}}, {"type": "Feature", "properties": {"kind": "street", "radius_m": 5.7, "source": "snapshot"}, "geometry": {"type": "Polygon", "coordinates": [[[-97.7526844879988, 30.27174824451028], [-97.75269588071433, 30.271778528020043], [-97.7527257072308, 30.271797244258376], [-97.75276257483269, 30.271797244258376], [-97.75279240134915, 30.271778528020043], [-97.75280379406468, 30.27174824451028], [-97.75279240134915, 30.27171796100052], [-97.75276257483269, 30.271699244762186], [-97.7527257072308, 30.271699244762186], [-97.75269588071433, 30.27171796100052], [-97.7526844879988, 30.27174824451028]]]}}, {"type": "Feature", "properties": {"kind": "street", "radius_m": 5.9, "source": "snapshot"}, "geometry": {"type": "Polygon", "coordinates": [[[-97.75168781917925, 30.27174401378735], [-97.75169951121859, 30.271775092943738], [-97.75173012137498, 30.271794300918728], [-97.75176795760908, 30.271794300918728], [-97.75179856776546, 30.271775092943738], [-97.7518102598048, 30.27174401378735], [-97.75179856776546, 30.271712934630965], [-97.75176795760908, 30.271693726655975], [-97.75173012137498, 30.271693726655975], [-97.75169951121859, 30.271712934630965], [-97.75168781917925, 30.27174401378735]]]}}, {"type": "Feature", "properties": {"kind": "street", "radius_m": 5.2, "source": "snapshot"}, "geometry": {"type": "Polygon", "coordinates": [[[-97.75069649457288, 30.27174299171996], [-97.7507067557651, 30.27177026747472], [-97.7507336199151, 30.271787124818236], [-97.75076682583064, 30.271787124818236], [-97.75079368998064, 30.27177026747472], [-97.75080395117286, 30.27174299171996], [-97.75079368998064, 30.2717157159652], [-97.75076682583064, 30.271698858621686], [-97.7507336199151, 30.271698858621686], [-97.7507067557651, 30.2717157159652], [-97.75069649457288, 30.27174299171996]]]}}, {"type": "Feature", "properties": {"kind": "street", "radius_m": 6.4, "source": "snapshot"}, "geometry": {"type": "Polygon", "coordinates": [[[-97.75060879955106, 30.271635099895686], [-97.75062147008423, 30.27166878003225], [-97.7506546419707, 30.271689595501396], [-97.75069564467734, 30.271689595501396], [-97.75072881656381, 30.27166878003225], [-97.75074148709697, 30.271635099895686], [-97.75072881656381, 30.271601419759122], [-97.75069564467734, 30.271580604289976], [-97.7506546419707, 30.271580604289976], [-97.75062147008423, 30.271601419759122], [-97.75060879955106, 30.271635099895686]]]}}, {"type": "Feature", "properties": {"kind": "street", "radius_m": 5.1, "source": "snapshot"}, "geometry": {"type": "Polygon", "coordinates": [[[-97.74952162208544, 30.27165274011275], [-97.74953176268262, 30.271679695308222], [-97.74955831111073, 30.271696354535198], [-97.74959112677256, 30.271696354535198], [-97.74961767520067, 30.271679695308222], [-97.74962781579785, 30.27165274011275], [-97.74961767520067, 30.271625784917276], [-97.74959112677256, 30.2716091256903], [-97.74955831111073, 30.2716091256903], [-97.74953176268262, 30.271625784917276], [-97.74952162208544, 30.27165274011275]]]}}, {"type": "Feature", "properties": {"kind": "street", "radius_m": 6.3, "source": "snapshot"}, "geometry": {"type": "Polygon", "coordinates": [[[-97.74817245641998, 30.271646000357837], [-97.74818488292324, 30.27167903182714], [-97.74821741593118, 30.27169944639787], [-97.74825762894048, 30.27169944639787], [-97.74829016194842, 30.27167903182714], [-97.74830258845168, 30.271646000357837], [-97.74829016194842, 30.271612968888533], [-97.74825762894048, 30.271592554317802], [-97.74821741593118, 30.271592554317802], [-97.74818488292324, 30.271612968888533], [-97.74817245641998, 30.271646000357837]]]}}, {"type": "Feature", "properties": {"kind": "street", "radius_m": 4.8, "source": "snapshot"}, "geometry": {"type": "Polygon", "coordinates": [[[-97.74799445156695, 30.271651024504486], [-97.74800395368926, 30.27167628254004], [-97.74802883056843, 30.271691892864503], [-97.74805958008217, 30.271691892864503], [-97.74808445696134, 30.27167628254004], [-97.74809395908365, 30.271651024504486], [-97.74808445696134, 30.271625766468933], [-97.74805958008217, 30.27161015614447], [-97.74802883056843, 30.27161015614447], [-97.74800395368926, 30.271625766468933], [-97.74799445156695, 30.271651024504486]]]}}, {"type": "Feature", "properties": {"kind": "street", "radius_m": 6.2, "source": "snapshot"}, "geometry": {"type": "Polygon", "coordinates": [[[-97.74748688118589, 30.271741614143767], [-97.74749928298951, 30.271774579957768], [-97.7475317513329, 30.271794953951286], [-97.74757188441245, 30.271794953951286], [-97.74760435275584, 30.271774579957768], [-97.74761675455946, 30.271741614143767], [-97.74760435275584, 30.271708648329767], [-97.74757188441245, 30.27168827433625], [-97.7475317513329, 30.27168827433625], [-97.74749928298951, 30.271708648329767], [-97.74748688118589, 30.271741614143767]]]}}, {"type": "Feature", "properties": {"kind": "street", "radius_m": 6.0, "source": "snapshot"}, "geometry": {"type": "Polygon", "coordinates": [[[-97.74661152090621, 30.271635943144478], [-97.7466234852426, 30.271667746106353], [-97.74665480828187, 30.271687401417733], [-97.7466935256877, 30.271687401417733], [-97.74672484872698, 30.271667746106353], [-97.74673681306336, 30.271635943144478], [-97.74672484872698, 30.271604140182603], [-97.7466935256877, 30.271584484871223], [-97.74665480828187, 30.271584484871223], [-97.7466234852426, 30.271604140182603], [-97.74661152090621, 30.271635943144478]]]}}, {"type": "Feature", "properties": {"kind": "street", "radius_m": 5.1, "source": "snapshot"}, "geometry": {"type": "Polygon", "coordinates": [[[-97.74640320291284, 30.271651140577184], [-97.7464133952977, 30.271678233431878], [-97.74644007930767, 30.271694977736928], [-97.74647306255791, 30.271694977736928], [-97.74649974656789, 30.271678233431878], [-97.74650993895274, 30.271651140577184], [-97.74649974656789, 30.27162404772249], [-97.74647306255791, 30.27160730341744], [-97.74644007930767, 30.27160730341744], [-97.7464133952977, 30.27162404772249], [-97.74640320291284, 30.271651140577184]]]}}, {"type": "Feature", "properties": {"kind": "street", "radius_m": 6.1, "source": "snapshot"}, "geometry": {"type": "Polygon", "coordinates": [[[-97.74581001255731, 30.271636587307007], [-97.74582212252164, 30.271668777369342], [-97.74585382681985, 30.27168867192196], [-97.74589301548761, 30.27168867192196], [-97.74592471978582, 30.271668777369342], [-97.74593682975015, 30.271636587307007], [-97.74592471978582, 30.271604397244673], [-97.74589301548761, 30.271584502692054], [-97.74585382681985, 30.271584502692054], [-97.74582212252164, 30.271604397244673], [-97.74581001255731, 30.271636587307007]]]}}, {"type": "Feature", "properties": {"kind": "street", "radius_m": 4.6, "source": "snapshot"}, "geometry": {"type": "Polygon", "coordinates": [[[-97.74527600832756, 30.27174442923483], [-97.7452850895975, 30.27176856858298], [-97.74530886467082, 30.271783487520608], [-97.74533825227763, 30.271783487520608], [-97.74536202735095, 30.27176856858298], [-97.74537110862089, 30.27174442923483], [-97.74536202735095, 30.271720289886677], [-97.74533825227763, 30.27170537094905], [-97.74530886467082, 30.27170537094905], [-97.7452850895975, 30.271720289886677], [-97.74527600832756, 30.27174442923483]]]}}, {"type": "Feature", "properties": {"kind": "street", "radius_m": 6.5, "source": "snapshot"}, "geometry": {"type": "Polygon", "coordinates": [[[-97.74501366168585, 30.271759449232732], [-97.7450265542182, 30.271793719475735], [-97.74506030730612, 30.27181489965071], [-97.74510202841722, 30.27181489965071], [-97.74513578150514, 30.271793719475735], [-97.7451486740375, 30.271759449232732], [-97.74513578150514, 30.27172517898973], [-97.74510202841722, 30.271703998814754], [-97.74506030730612, 30.271703998814754], [-97.7450265542182, 30.27172517898973], [-97.74501366168585, 30.271759449232732]]]}}, {"type": "Feature", "properties": {"kind": "street", "radius_m": 5.5, "source": "snapshot"}, "geometry": {"type": "Polygon", "coordinates": [[[-97.74447603136908, 30.271649968016987], [-97.74448689776538, 30.271678852493032], [-97.74451534636025, 30.271696704080977], [-97.74455051075738, 30.271696704080977], [-97.74457895935224, 30.271678852493032], [-97.74458982574855, 30.271649968016987], [-97.74457895935224, 30.271621083540943], [-97.74455051075738, 30.271603231952998], [-97.74451534636025, 30.271603231952998], [-97.74448689776538, 30.271621083540943], [-97.74447603136908, 30.271649968016987]]]}}, {"type": "Feature", "properties": {"kind": "street", "radius_m": 4.9, "source": "snapshot"}, "geometry": {"type": "Polygon", "coordinates": [[[-97.74336582859897, 30.271657054135513], [-97.74337548510117, 30.271682722535466], [-97.74340076615215, 30.271698586479072], [-97.74343201524968, 30.271698586479072], [-97.74345729630066, 30.271682722535466], [-97.74346695280286, 30.271657054135513], [-97.74345729630066, 30.27163138573556], [-97.74343201524968, 30.271615521791954], [-97.74340076615215, 30.271615521791954], [-97.74337548510117, 30.27163138573556], [-97.74336582859897, 30.271657054135513]]]}}, {"type": "Feature", "properties": {"kind": "street", "radius_m": 6.3, "source": "snapshot"}, "geometry": {"type": "Polygon", "coordinates": [[[-97.74302198543644, 30.27175413414743], [-97.74303446357723, 30.27178730287684], [-97.74306713177394, 30.271807802278985], [-97.74310751188578, 30.271807802278985], [-97.74314018008249, 30.27178730287684], [-97.74315265822328, 30.27175413414743], [-97.74314018008249, 30.271720965418016], [-97.74310751188578, 30.271700466015872], [-97.74306713177394, 30.271700466015872], [-97.74303446357723, 30.271720965418016], [-97.74302198543644, 30.27175413414743]]]}}, {"type": "Feature", "properties": {"kind": "street", "radius_m": 6.3, "source": "snapshot"}, "geometry": {"type": "Polygon", "coordinates": [[[-97.74153676274712, 30.271638872077965], [-97.74154922687656, 30.271672003563122], [-97.74158185839104, 30.27169247994705], [-97.74162219316116, 30.27169247994705], [-97.74165482467565, 30.271672003563122], [-97.74166728880509, 30.271638872077965], [-97.74165482467565, 30.271605740592808], [-97.74162219316116, 30.27158526420888], [-97.74158185839104, 30.27158526420888], [-97.74154922687656, 30.271605740592808], [-97.74153676274712, 30.271638872077965]]]}}, {"type": "Feature", "properties": {"kind": "street", "radius_m": 5.3, "source": "snapshot"}, "geometry": {"type": "Polygon", "coordinates": [[[-97.74135055937003, 30.271641215082333], [-97.74136106412365, 30.271669138259025], [-97.74138856592565, 30.271686395731294], [-97.74142256002243, 30.271686395731294], [-97.74145006182442, 30.271669138259025], [-97.74146056657804, 30.271641215082333], [-97.74145006182442, 30.27161329190564], [-97.74142256002243, 30.271596034433372], [-97.74138856592565, 30.271596034433372], [-97.74136106412365, 30.27161329190564], [-97.74135055937003, 30.271641215082333]]]}}, {"type": "Feature", "properties": {"kind": "street", "radius_m": 5.8, "source": "snapshot"}, "geometry": {"type": "Polygon", "coordinates": [[[-97.74055130976386, 30.271657391396783], [-97.74056286877709, 30.271688116950234], [-97.74059313066658, 30.27170710638659], [-97.74063053641913, 30.27170710638659], [-97.74066079830862, 30.271688116950234], [-97.74067235732186, 30.271657391396783], [-97.74066079830862, 30.271626665843332], [-97.74063053641913, 30.271607676406976], [-97.74059313066658, 30.271607676406976], [-97.74056286877709, 30.271626665843332], [-97.74055130976386, 30.271657391396783]]]}}, {"type": "Feature", "properties": {"kind": "street", "radius_m": 6.4, "source": "snapshot"}, "geometry": {"type": "Polygon", "coordinates": [[[-97.7397979791321, 30.271633441326433], [-97.73981069564655, 30.271667243687993], [-97.73984398791359, 30.271688134696337], [-97.73988513941876, 30.271688134696337], [-97.7399184316858, 30.271667243687993], [-97.73993114820024, 30.271633441326433], [-97.7399184316858, 30.271599638964872], [-97.73988513941876, 30.27157874795653], [-97.73984398791359, 30.27157874795653], [-97.73981069564655, 30.271599638964872], [-97.7397979791321, 30.271633441326433]]]}}, {"type": "Feature", "properties": {"kind": "street", "radius_m": 6.4, "source": "snapshot"}, "geometry": {"type": "Polygon", "coordinates": [[[-97.73959666049078, 30.27163986133981], [-97.73960940285546, 30.27167373241512], [-97.73964276279932, 30.271694665890898], [-97.73968399795766, 30.271694665890898], [-97.73971735790151, 30.27167373241512], [-97.7397301002662, 30.27163986133981], [-97.73971735790151, 30.2716059902645], [-97.73968399795766, 30.271585056788723], [-97.73964276279932, 30.271585056788723], [-97.73960940285546, 30.2716059902645], [-97.73959666049078, 30.27163986133981]]]}}, {"type": "Feature", "properties": {"kind": "street", "radius_m": 5.1, "source": "snapshot"}, "geometry": {"type": "Polygon", "coordinates": [[[-97.73899479647163, 30.271658264042888], [-97.7390050191607, 30.271685437450635], [-97.73903178250815, 30.271702231540214], [-97.73906486382491, 30.271702231540214], [-97.73909162717236, 30.271685437450635], [-97.73910184986143, 30.271658264042888], [-97.73909162717236, 30.27163109063514], [-97.73906486382491, 30.27161429654556], [-97.73903178250815, 30.27161429654556], [-97.7390050191607, 30.27163109063514], [-97.73899479647163, 30.271658264042888]]]}}, {"type": "Feature", "properties": {"kind": "street", "radius_m": 5.3, "source": "snapshot"}, "geometry": {"type": "Polygon", "coordinates": [[[-97.73879427315296, 30.27165767002994], [-97.73880472713869, 30.271685458258137], [-97.73883209602864, 30.271702632327653], [-97.73886592583709, 30.271702632327653], [-97.73889329472705, 30.271685458258137], [-97.73890374871277, 30.27165767002994], [-97.73889329472705, 30.27162988180174], [-97.73886592583709, 30.271612707732224], [-97.73883209602864, 30.271612707732224], [-97.73880472713869, 30.27162988180174], [-97.73879427315296, 30.27165767002994]]]}}, {"type": "Feature", "properties": {"kind": "street", "radius_m": 4.7, "source": "snapshot"}, "geometry": {"type": "Polygon", "coordinates": [[[-97.7384282569246, 30.271633568559743], [-97.73843755004822, 30.271658271046082], [-97.7384618797617, 30.271673538022245], [-97.73849195294142, 30.271673538022245], [-97.7385162826549, 30.271658271046082], [-97.73852557577851, 30.271633568559743], [-97.7385162826549, 30.271608866073404], [-97.73849195294142, 30.27159359909724], [-97.7384618797617, 30.27159359909724], [-97.73843755004822, 30.271608866073404], [-97.7384282569246, 30.271633568559743]]]}}, {"type": "Feature", "properties": {"kind": "street", "radius_m": 6.0, "source": "snapshot"}, "geometry": {"type": "Polygon", "coordinates": [[[-97.7378664147817, 30.271761430808798], [-97.73787834334163, 30.271793138671615], [-97.73790957271696, 30.271812735208545], [-97.73794817434775, 30.271812735208545], [-97.73797940372307, 30.271793138671615], [-97.737991332283, 30.271761430808798], [-97.73797940372307, 30.27172972294598], [-97.73794817434775, 30.27171012640905], [-97.73790957271696, 30.27171012640905], [-97.73787834334163, 30.27172972294598], [-97.7378664147817, 30.271761430808798]]]}}, {"type": "Feature", "properties": {"kind": "street", "radius_m": 6.1, "source": "snapshot"}, "geometry": {"type": "Polygon", "coordinates": [[[-97.73747430235244, 30.271753651951965], [-97.73748644462758, 30.2717859279012], [-97.73751823351661, 30.271805875534845], [-97.7375575267444, 30.271805875534845], [-97.73758931563343, 30.2717859279012], [-97.73760145790857, 30.271753651951965], [-97.73758931563343, 30.27172137600273], [-97.7375575267444, 30.271701428369084], [-97.73751823351661, 30.271701428369084], [-97.73748644462758, 30.27172137600273], [-97.73747430235244, 30.271753651951965]]]}}, {"type": "Feature", "properties": {"kind": "street", "radius_m": 5.8, "source": "snapshot"}, "geometry": {"type": "Polygon", "coordinates": [[[-97.73727117495419, 30.27175888327188], [-97.73728275772861, 30.271789671986088], [-97.73731308182573, 30.27180870045794], [-97.73735056447114, 30.27180870045794], [-97.73738088856827, 30.271789671986088], [-97.73739247134269, 30.27175888327188], [-97.73738088856827, 30.27172809455767], [-97.73735056447114, 30.27170906608582], [-97.73731308182573, 30.27170906608582], [-97.73728275772861, 30.27172809455767], [-97.73727117495419, 30.27175888327188]]]}}, {"type": "Feature", "properties": {"kind": "street", "radius_m": 4.9, "source": "snapshot"}, "geometry": {"type": "Polygon", "coordinates": [[[-97.73429106392301, 30.271749633799335], [-97.73430089354089, 30.27177576236616], [-97.73432662781458, 30.271791910708536], [-97.73435843712623, 30.271791910708536], [-97.73438417139992, 30.27177576236616], [-97.7343940010178, 30.271749633799335], [-97.73438417139992, 30.271723505232508], [-97.73435843712623, 30.271707356890133], [-97.73432662781458, 30.271707356890133], [-97.73430089354089, 30.271723505232508], [-97.73429106392301, 30.271749633799335]]]}}, {"type": "Feature", "properties": {"kind": "street", "radius_m": 5.5, "source": "snapshot"}, "geometry": {"type": "Polygon", "coordinates": [[[-97.73400454115867, 30.271646227391653], [-97.73401556439418, 30.271675528769325], [-97.73404442359943, 30.271693638016643], [-97.73408009553889, 30.271693638016643], [-97.73410895474413, 30.271675528769325], [-97.73411997797965, 30.271646227391653], [-97.73410895474413, 30.27161692601398], [-97.73408009553889, 30.271598816766662], [-97.73404442359943, 30.271598816766662], [-97.73401556439418, 30.27161692601398], [-97.73400454115867, 30.271646227391653]]]}}, {"type": "Feature", "properties": {"kind": "street", "radius_m": 5.5, "source": "snapshot"}, "geometry": {"type": "Polygon", "coordinates": [[[-97.73358371150455, 30.27164778955662], [-97.73359454775468, 30.271676593899677], [-97.7336229174258, 30.271694395962708], [-97.73365798426781, 30.271694395962708], [-97.73368635393894, 30.271676593899677], [-97.73369719018906, 30.27164778955662], [-97.73368635393894, 30.271618985213564], [-97.73365798426781, 30.271601183150533], [-97.7336229174258, 30.271601183150533], [-97.73359454775468, 30.271618985213564], [-97.73358371150455, 30.27164778955662]]]}}, {"type": "Feature", "properties": {"kind": "street", "radius_m": 6.2, "source": "snapshot"}, "geometry": {"type": "Polygon", "coordinates": [[[-97.73334648185329, 30.271656132148355], [-97.73335876391039, 30.271688779658533], [-97.73339091875332, 30.27170895692947], [-97.733430664325, 30.27170895692947], [-97.73346281916793, 30.271688779658533], [-97.73347510122503, 30.271656132148355], [-97.73346281916793, 30.271623484638177], [-97.733430664325, 30.27160330736724], [-97.73339091875332, 30.27160330736724], [-97.73335876391039, 30.271623484638177], [-97.73334648185329, 30.271656132148355]]]}}, {"type": "Feature", "properties": {"kind": "street", "radius_m": 4.6, "source": "snapshot"}, "geometry": {"type": "Polygon", "coordinates": [[[-97.7328239643972, 30.27174171024814], [-97.73283308234662, 30.271765947095734], [-97.73285695344806, 30.271780926291324], [-97.73288645975215, 30.271780926291324], [-97.7329103308536, 30.271765947095734], [-97.73291944880302, 30.27174171024814], [-97.7329103308536, 30.271717473400546], [-97.73288645975215, 30.271702494204956], [-97.73285695344806, 30.271702494204956], [-97.73283308234662, 30.271717473400546], [-97.7328239643972, 30.27174171024814]]]}}, {"type": "Feature", "properties": {"kind": "street", "radius_m": 5.8, "source": "snapshot"}, "geometry": {"type": "Polygon", "coordinates": [[[-97.73238847713422, 30.27175187513981], [-97.73240004137539, 30.27178261458986], [-97.73243031695176, 30.271801612614787], [-97.73246773962225, 30.271801612614787], [-97.73249801519863, 30.27178261458986], [-97.73250957943979, 30.27175187513981], [-97.73249801519863, 30.27172113568976], [-97.73246773962225, 30.271702137664832], [-97.73243031695176, 30.271702137664832], [-97.73240004137539, 30.27172113568976], [-97.73238847713422, 30.27175187513981]]]}}, {"type": "Feature", "properties": {"kind": "street", "radius_m": 5.5, "source": "snapshot"}, "geometry": {"type": "Polygon", "coordinates": [[[-97.73201523951822, 30.27174729231596], [-97.73202617839844, 30.271776369464895], [-97.73205481675868, 30.271794340131233], [-97.73209021571867, 30.271794340131233], [-97.7321188540789, 30.271776369464895], [-97.73212979295913, 30.27174729231596], [-97.7321188540789, 30.271718215167027], [-97.73209021571867, 30.27170024450069], [-97.73205481675868, 30.27170024450069], [-97.73202617839844, 30.271718215167027], [-97.73201523951822, 30.27174729231596]]]}}, {"type": "Feature", "properties": {"kind": "street", "radius_m": 4.9, "source": "snapshot"}, "geometry": {"type": "Polygon", "coordinates": [[[-97.73181832200758, 30.271758253098906], [-97.73182798468022, 30.271783937900775], [-97.73185328188559, 30.271799811981325], [-97.73188455095108, 30.271799811981325], [-97.73190984815645, 30.271783937900775], [-97.73191951082909, 30.271758253098906], [-97.73190984815645, 30.271732568297036], [-97.73188455095108, 30.271716694216487], [-97.73185328188559, 30.271716694216487], [-97.73182798468022, 30.271732568297036], [-97.73181832200758, 30.271758253098906]]]}}, {"type": "Feature", "properties": {"kind": "street", "radius_m": 5.7, "source": "snapshot"}, "geometry": {"type": "Polygon", "coordinates": [[[-97.73142136495639, 30.271764051976657], [-97.73143263661339, 30.271794013695096], [-97.73146214619452, 30.27181253105545], [-97.73149862204279, 30.27181253105545], [-97.73152813162392, 30.271794013695096], [-97.73153940328092, 30.271764051976657], [-97.73152813162392, 30.271734090258217], [-97.73149862204279, 30.271715572897865], [-97.73146214619452, 30.271715572897865], [-97.73143263661339, 30.271734090258217], [-97.73142136495639, 30.271764051976657]]]}}, {"type": "Feature", "properties": {"kind": "street", "radius_m": 4.9, "source": "snapshot"}, "geometry": {"type": "Polygon", "coordinates": [[[-97.73081717948217, 30.27163352354581], [-97.73082686195364, 30.271659260975888], [-97.73085221099304, 30.27167516758246], [-97.7308835441289, 30.27167516758246], [-97.73090889316829, 30.271659260975888], [-97.73091857563976, 30.27163352354581], [-97.73090889316829, 30.27160778611573], [-97.7308835441289, 30.27159187950916], [-97.73085221099304, 30.27159187950916], [-97.73082686195364, 30.27160778611573], [-97.73081717948217, 30.27163352354581]]]}}, {"type": "Feature", "properties": {"kind": "street", "radius_m": 6.2, "source": "snapshot"}, "geometry": {"type": "Polygon", "coordinates": [[[-97.7548051781649, 30.27163944405356], [-97.7548175797152, 30.27167240919419], [-97.75485004739538, 30.271692782771545], [-97.75489017965516, 30.271692782771545], [-97.75492264733535, 30.27167240919419], [-97.75493504888564, 30.27163944405356], [-97.75492264733535, 30.27160647891293], [-97.75489017965516, 30.271586105335572], [-97.75485004739538, 30.271586105335572], [-97.7548175797152, 30.27160647891293], [-97.7548051781649, 30.27163944405356]]]}}, {"type": "Feature", "properties": {"kind": "street", "radius_m": 4.7, "source": "snapshot"}, "geometry": {"type": "Polygon", "coordinates": [[[-97.75448729057732, 30.271754825080926], [-97.75449669291297, 30.271779817868897], [-97.75452130854728, 30.271795264261332], [-97.75455173514459, 30.271795264261332], [-97.7545763507789, 30.271779817868897], [-97.75458575311455, 30.271754825080926], [-97.7545763507789, 30.271729832292955], [-97.75455173514459, 30.27171438590052], [-97.75452130854728, 30.27171438590052], [-97.75449669291297, 30.271729832292955], [-97.75448729057732, 30.271754825080926]]]}}, {"type": "Feature", "properties": {"kind": "street", "radius_m": 6.2, "source": "snapshot"}, "geometry": {"type": "Polygon", "coordinates": [[[-97.75439681522313, 30.271646717933688], [-97.75440920550946, 30.27167965313303], [-97.75444164370019, 30.27170000820565], [-97.75448173950899, 30.27170000820565], [-97.75451417769972, 30.27167965313303], [-97.75452656798605, 30.271646717933688], [-97.75451417769972, 30.271613782734345], [-97.75448173950899, 30.271593427661728], [-97.75444164370019, 30.271593427661728], [-97.75440920550946, 30.271613782734345], [-97.75439681522313, 30.271646717933688]]]}}, {"type": "Feature", "properties": {"kind": "street", "radius_m": 4.7, "source": "snapshot"}, "geometry": {"type": "Polygon", "coordinates": [[[-97.75250016058429, 30.272643795081475], [-97.75250954398655, 30.2726687375417], [-97.75253411005258, 30.272684152829882], [-97.75256447538015, 30.272684152829882], [-97.75258904144619, 30.2726687375417], [-97.75259842484844, 30.272643795081475], [-97.75258904144619, 30.27261885262125], [-97.75256447538015, 30.272603437333068], [-97.75253411005258, 30.272603437333068], [-97.75250954398655, 30.27261885262125], [-97.75250016058429, 30.272643795081475]]]}}, {"type": "Feature", "properties": {"kind": "street", "radius_m": 4.9, "source": "snapshot"}, "geometry": {"type": "Polygon", "coordinates": [[[-97.75242593055904, 30.272533421118478], [-97.75243570058203, 30.272559391273358], [-97.75246127883429, 30.272575441711766], [-97.75249289529285, 30.272575441711766], [-97.75251847354511, 30.272559391273358], [-97.7525282435681, 30.272533421118478], [-97.75251847354511, 30.272507450963598], [-97.75249289529285, 30.27249140052519], [-97.75246127883429, 30.27249140052519], [-97.75243570058203, 30.272507450963598], [-97.75242593055904, 30.272533421118478]]]}}, {"type": "Feature", "properties": {"kind": "street", "radius_m": 5.4, "source": "snapshot"}, "geometry": {"type": "Polygon", "coordinates": [[[-97.75108714239275, 30.272648533539424], [-97.75109796425228, 30.27267729963021], [-97.75112629624839, 30.27269507805204], [-97.7511613165215, 30.27269507805204], [-97.75118964851761, 30.27267729963021], [-97.75120047037714, 30.272648533539424], [-97.75118964851761, 30.27261976744864], [-97.7511613165215, 30.27260198902681], [-97.75112629624839, 30.27260198902681], [-97.75109796425228, 30.27261976744864], [-97.75108714239275, 30.272648533539424]]]}}, {"type": "Feature", "properties": {"kind": "street", "radius_m": 5.9, "source": "snapshot"}, "geometry": {"type": "Polygon", "coordinates": [[[-97.75088659342269, 30.2726449004355], [-97.75089832349978, 30.272676080701803], [-97.75092903324028, 30.272695351166156], [-97.75096699256713, 30.272695351166156], [-97.75099770230763, 30.272676080701803], [-97.75100943238472, 30.2726449004355], [-97.75099770230763, 30.272613720169193], [-97.75096699256713, 30.27259444970484], [-97.75092903324028, 30.27259444970484], [-97.75089832349978, 30.272613720169193], [-97.75088659342269, 30.2726449004355]]]}}, {"type": "Feature", "properties": {"kind": "street", "radius_m": 4.6, "source": "snapshot"}, "geometry": {"type": "Polygon", "coordinates": [[[-97.74975670852908, 30.27254423022471], [-97.74976584962907, 30.27256852860998], [-97.74978978133957, 30.27258354583795], [-97.74981936256056, 30.27258354583795], [-97.74984329427106, 30.27256852860998], [-97.74985243537105, 30.27254423022471], [-97.74984329427106, 30.27251993183944], [-97.74981936256056, 30.27250491461147], [-97.74978978133957, 30.27250491461147], [-97.74976584962907, 30.27251993183944], [-97.74975670852908, 30.27254423022471]]]}}, {"type": "Feature", "properties": {"kind": "street", "radius_m": 6.5, "source": "snapshot"}, "geometry": {"type": "Polygon", "coordinates": [[[-97.74951929539755, 30.272542586869918], [-97.74953212549815, 30.272576691160154], [-97.7495657151376, 30.272597768770684], [-97.74960723421532, 30.272597768770684], [-97.74964082385478, 30.272576691160154], [-97.74965365395538, 30.272542586869918], [-97.74964082385478, 30.27250848257968], [-97.74960723421532, 30.27248740496915], [-97.7495657151376, 30.27248740496915], [-97.74953212549815, 30.27250848257968], [-97.74951929539755, 30.272542586869918]]]}}, {"type": "Feature", "properties": {"kind": "street", "radius_m": 5.7, "source": "snapshot"}, "geometry": {"type": "Polygon", "coordinates": [[[-97.7482413857638, 30.27265356170984], [-97.74825267264015, 30.27268356388353], [-97.74828222206605, 30.2727021062466], [-97.74831874716514, 30.2727021062466], [-97.74834829659105, 30.27268356388353], [-97.74835958346739, 30.27265356170984], [-97.74834829659105, 30.272623559536154], [-97.74831874716514, 30.27260501717308], [-97.74828222206605, 30.27260501717308], [-97.74825267264015, 30.272623559536154], [-97.7482413857638, 30.27265356170984]]]}}, {"type": "Feature", "properties": {"kind": "street", "radius_m": 5.3, "source": "snapshot"}, "geometry": {"type": "Polygon", "coordinates": [[[-97.74639330447755, 30.272557864429512], [-97.74640390047702, 30.272586030151103], [-97.7464316411638, 30.272603437524364], [-97.7464659305384, 30.272603437524364], [-97.74649367122518, 30.272586030151103], [-97.74650426722465, 30.272557864429512], [-97.74649367122518, 30.27252969870792], [-97.7464659305384, 30.27251229133466], [-97.7464316411638, 30.27251229133466], [-97.74640390047702, 30.27252969870792], [-97.74639330447755, 30.272557864429512]]]}}, {"type": "Feature", "properties": {"kind": "street", "radius_m": 5.1, "source": "snapshot"}, "geometry": {"type": "Polygon", "coordinates": [[[-97.74525363617504, 30.272659221553372], [-97.74526371918026, 30.272686023660945], [-97.74529011683065, 30.272702588274395], [-97.74532274612095, 30.272702588274395], [-97.74534914377134, 30.272686023660945], [-97.74535922677656, 30.272659221553372], [-97.74534914377134, 30.2726324194458], [-97.74532274612095, 30.27261585483235], [-97.74529011683065, 30.27261585483235], [-97.74526371918026, 30.2726324194458], [-97.74525363617504, 30.272659221553372]]]}}, {"type": "Feature", "properties": {"kind": "street", "radius_m": 4.9, "source": "snapshot"}, "geometry": {"type": "Polygon", "coordinates": [[[-97.74504109250586, 30.272649690461456], [-97.74505090413544, 30.272675771212732], [-97.74507659131514, 30.272691890003472], [-97.7451083424154, 30.272691890003472], [-97.7451340295951, 30.272675771212732], [-97.74514384122469, 30.272649690461456], [-97.7451340295951, 30.27262360971018], [-97.7451083424154, 30.27260749091944], [-97.74507659131514, 30.27260749091944], [-97.74505090413544, 30.27262360971018], [-97.74504109250586, 30.272649690461456]]]}}, {"type": "Feature", "properties": {"kind": "street", "radius_m": 5.8, "source": "snapshot"}, "geometry": {"type": "Polygon", "coordinates": [[[-97.74448012124853, 30.27254334979879], [-97.74449167000722, 30.272574048094185], [-97.74452190505, 30.272593020684138], [-97.74455927761818, 30.272593020684138], [-97.74458951266095, 30.272574048094185], [-97.74460106141964, 30.27254334979879], [-97.74458951266095, 30.272512651503398], [-97.74455927761818, 30.272493678913445], [-97.74452190505, 30.272493678913445], [-97.74449167000722, 30.272512651503398], [-97.74448012124853, 30.27254334979879]]]}}, {"type": "Feature", "properties": {"kind": "street", "radius_m": 6.4, "source": "snapshot"}, "geometry": {"type": "Polygon", "coordinates": [[[-97.74423918902643, 30.27255166922273], [-97.74425194092818, 30.272585565648935], [-97.74428532584038, 30.27260651479243], [-97.74432659186128, 30.27260651479243], [-97.74435997677348, 30.272585565648935], [-97.74437272867523, 30.27255166922273], [-97.74435997677348, 30.272517772796522], [-97.74432659186128, 30.27249682365303], [-97.74428532584038, 30.27249682365303], [-97.74425194092818, 30.272517772796522], [-97.74423918902643, 30.27255166922273]]]}}, {"type": "Feature", "properties": {"kind": "street", "radius_m": 4.8, "source": "snapshot"}, "geometry": {"type": "Polygon", "coordinates": [[[-97.74213319335887, 30.272539384091758], [-97.7421426450299, 30.272564508020398], [-97.74216738982591, 30.27258003546223], [-97.74219797607586, 30.27258003546223], [-97.74222272087187, 30.272564508020398], [-97.7422321725429, 30.272539384091758], [-97.74222272087187, 30.272514260163117], [-97.74219797607586, 30.272498732721285], [-97.74216738982591, 30.272498732721285], [-97.7421426450299, 30.272514260163117], [-97.74213319335887, 30.272539384091758]]]}}, {"type": "Feature", "properties": {"kind": "street", "radius_m": 5.3, "source": "snapshot"}, "geometry": {"type": "Polygon", "coordinates": [[[-97.74179758742392, 30.272656748535947], [-97.74180817884238, 30.272684902080517], [-97.7418359075359, 30.272702301927968], [-97.741870182086, 30.272702301927968], [-97.74189791077953, 30.272684902080517], [-97.74190850219799, 30.272656748535947], [-97.74189791077953, 30.272628594991378], [-97.741870182086, 30.272611195143927], [-97.7418359075359, 30.272611195143927], [-97.74180817884238, 30.272628594991378], [-97.74179758742392, 30.272656748535947]]]}}, {"type": "Feature", "properties": {"kind": "street", "radius_m": 4.5, "source": "snapshot"}, "geometry": {"type": "Polygon", "coordinates": [[[-97.74143072967196, 30.272646068081425], [-97.74143974049761, 30.272670020178342], [-97.74146333114541, 30.27268482338834], [-97.74149249078974, 30.27268482338834], [-97.74151608143754, 30.272670020178342], [-97.74152509226319, 30.272646068081425], [-97.74151608143754, 30.272622115984507], [-97.74149249078974, 30.27260731277451], [-97.74146333114541, 30.27260731277451], [-97.74143974049761, 30.272622115984507], [-97.74143072967196, 30.272646068081425]]]}}, {"type": "Feature", "properties": {"kind": "street", "radius_m": 4.6, "source": "snapshot"}, "geometry": {"type": "Polygon", "coordinates": [[[-97.74097516925235, 30.272537263330353], [-97.74098423505919, 30.272561361575352], [-97.74100796964963, 30.272576255109833], [-97.74103730721684, 30.272576255109833], [-97.74106104180728, 30.272561361575352], [-97.74107010761412, 30.272537263330353], [-97.74106104180728, 30.272513165085353], [-97.74103730721684, 30.272498271550873], [-97.74100796964963, 30.272498271550873], [-97.74098423505919, 30.272513165085353], [-97.74097516925235, 30.272537263330353]]]}}, {"type": "Feature", "properties": {"kind": "street", "radius_m": 4.7, "source": "snapshot"}, "geometry": {"type": "Polygon", "coordinates": [[[-97.74076717601515, 30.272547971061915], [-97.74077659428082, 30.272573006194207], [-97.74080125162045, 30.27258847875688], [-97.7408317297684, 30.27258847875688], [-97.74085638710804, 30.272573006194207], [-97.7408658053737, 30.272547971061915], [-97.74085638710804, 30.272522935929622], [-97.7408317297684, 30.27250746336695], [-97.74080125162045, 30.27250746336695], [-97.74077659428082, 30.272522935929622], [-97.74076717601515, 30.272547971061915]]]}}, {"type": "Feature", "properties": {"kind": "street", "radius_m": 5.2, "source": "snapshot"}, "geometry": {"type": "Polygon", "coordinates": [[[-97.74045345727812, 30.272647372138188], [-97.74046380737535, 30.272674884215526], [-97.7404909042817, 30.272691887614425], [-97.74052439789992, 30.272691887614425], [-97.74055149480627, 30.272674884215526], [-97.7405618449035, 30.272647372138188], [-97.74055149480627, 30.27261986006085], [-97.74052439789992, 30.27260285666195], [-97.7404909042817, 30.27260285666195], [-97.74046380737535, 30.27261986006085], [-97.74045345727812, 30.272647372138188]]]}}, {"type": "Feature", "properties": {"kind": "street", "radius_m": 4.8, "source": "snapshot"}, "geometry": {"type": "Polygon", "coordinates": [[[-97.74024460982795, 30.272664077802204], [-97.74025414922559, 30.272689434921073], [-97.74027912369287, 30.27270510648239], [-97.74030999383213, 30.27270510648239], [-97.74033496829941, 30.272689434921073], [-97.74034450769705, 30.272664077802204], [-97.74033496829941, 30.272638720683336], [-97.74030999383213, 30.272623049122018], [-97.74027912369287, 30.272623049122018], [-97.74025414922559, 30.272638720683336], [-97.74024460982795, 30.272664077802204]]]}}, {"type": "Feature", "properties": {"kind": "street", "radius_m": 6.1, "source": "snapshot"}, "geometry": {"type": "Polygon", "coordinates": [[[-97.73838703382734, 30.27255672228191], [-97.73839907997292, 30.27258874270467], [-97.73843061719151, 30.272608532414274], [-97.73846959933749, 30.272608532414274], [-97.73850113655608, 30.27258874270467], [-97.73851318270167, 30.27255672228191], [-97.73850113655608, 30.272524701859147], [-97.73846959933749, 30.272504912149543], [-97.73843061719151, 30.272504912149543], [-97.73839907997292, 30.272524701859147], [-97.73838703382734, 30.27255672228191]]]}}, {"type": "Feature", "properties": {"kind": "street", "radius_m": 6.2, "source": "snapshot"}, "geometry": {"type": "Polygon", "coordinates": [[[-97.73778517342744, 30.272556735238492], [-97.73779757201275, 30.272589692497768], [-97.73783003193051, 30.272610061204176], [-97.73787015459541, 30.272610061204176], [-97.73790261451317, 30.272589692497768], [-97.73791501309849, 30.272556735238492], [-97.73790261451317, 30.272523777979217], [-97.73787015459541, 30.272503409272808], [-97.73783003193051, 30.272503409272808], [-97.73779757201275, 30.272523777979217], [-97.73778517342744, 30.272556735238492]]]}}, {"type": "Feature", "properties": {"kind": "street", "radius_m": 5.5, "source": "snapshot"}, "geometry": {"type": "Polygon", "coordinates": [[[-97.73728675308196, 30.272648296523204], [-97.73729770170368, 30.27267739956647], [-97.73732636556748, 30.272695386236382], [-97.73736179605164, 30.272695386236382], [-97.73739045991545, 30.27267739956647], [-97.73740140853717, 30.272648296523204], [-97.73739045991545, 30.27261919347994], [-97.73736179605164, 30.272601206810027], [-97.73732636556748, 30.272601206810027], [-97.73729770170368, 30.27261919347994], [-97.73728675308196, 30.272648296523204]]]}}, {"type": "Feature", "properties": {"kind": "street", "radius_m": 4.8, "source": "snapshot"}, "geometry": {"type": "Polygon", "coordinates": [[[-97.73688333469808, 30.272657862728288], [-97.73689282083676, 30.27268307827698], [-97.73691765587022, 30.272698662343117], [-97.7369483536598, 30.272698662343117], [-97.73697318869326, 30.27268307827698], [-97.73698267483194, 30.272657862728288], [-97.73697318869326, 30.272632647179595], [-97.7369483536598, 30.272617063113458], [-97.73691765587022, 30.272617063113458], [-97.73689282083676, 30.272632647179595], [-97.73688333469808, 30.272657862728288]]]}}, {"type": "Feature", "properties": {"kind": "street", "radius_m": 5.5, "source": "snapshot"}, "geometry": {"type": "Polygon", "coordinates": [[[-97.73567063873797, 30.27266222992856], [-97.73568158388791, 30.272691323743317], [-97.73571023866246, 30.2727093047097], [-97.73574565791169, 30.2727093047097], [-97.73577431268625, 30.272691323743317], [-97.73578525783618, 30.27266222992856], [-97.73577431268625, 30.272633136113804], [-97.73574565791169, 30.27261515514742], [-97.73571023866246, 30.27261515514742], [-97.73568158388791, 30.272633136113804], [-97.73567063873797, 30.27266222992856]]]}}, {"type": "Feature", "properties": {"kind": "street", "radius_m": 5.2, "source": "snapshot"}, "geometry": {"type": "Polygon", "coordinates": [[[-97.73560411899636, 30.27254953908487], [-97.73561449055636, 30.272577108213387], [-97.73564164365295, 30.272594146871853], [-97.73567520672613, 30.272594146871853], [-97.73570235982272, 30.272577108213387], [-97.73571273138272, 30.27254953908487], [-97.73570235982272, 30.272521969956355], [-97.73567520672613, 30.272504931297888], [-97.73564164365295, 30.272504931297888], [-97.73561449055636, 30.272521969956355], [-97.73560411899636, 30.27254953908487]]]}}, {"type": "Feature", "properties": {"kind": "street", "radius_m": 5.0, "source": "snapshot"}, "geometry": {"type": "Polygon", "coordinates": [[[-97.7350781335959, 30.27266073052024], [-97.73508797891346, 30.272686900819096], [-97.73511375428943, 30.272703074953288], [-97.73514561440628, 30.272703074953288], [-97.73517138978225, 30.272686900819096], [-97.7351812350998, 30.27266073052024], [-97.73517138978225, 30.272634560221384], [-97.73514561440628, 30.272618386087192], [-97.73511375428943, 30.272618386087192], [-97.73508797891346, 30.272634560221384], [-97.7350781335959, 30.27266073052024]]]}}, {"type": "Feature", "properties": {"kind": "street", "radius_m": 6.1, "source": "snapshot"}, "geometry": {"type": "Polygon", "coordinates": [[[-97.73302507765526, 30.27264434740314], [-97.73303721950798, 30.272676622229497], [-97.73306900729108, 30.272696569169167], [-97.73310829915184, 30.272696569169167], [-97.73314008693494, 30.272676622229497], [-97.73315222878766, 30.27264434740314], [-97.73314008693494, 30.272612072576784], [-97.73310829915184, 30.272592125637114], [-97.73306900729108, 30.272592125637114], [-97.73303721950798, 30.272612072576784], [-97.73302507765526, 30.27264434740314]]]}}, {"type": "Feature", "properties": {"kind": "street", "radius_m": 4.8, "source": "snapshot"}, "geometry": {"type": "Polygon", "coordinates": [[[-97.73251549542564, 30.272551092223182], [-97.73252508705093, 30.27257658817076], [-97.73255019825191, 30.27259234553294], [-97.73258123740334, 30.27259234553294], [-97.73260634860432, 30.27257658817076], [-97.7326159402296, 30.272551092223182], [-97.73260634860432, 30.272525596275603], [-97.73258123740334, 30.272509838913425], [-97.73255019825191, 30.272509838913425], [-97.73252508705093, 30.272525596275603], [-97.73251549542564, 30.272551092223182]]]}}, {"type": "Feature", "properties": {"kind": "street", "radius_m": 5.8, "source": "snapshot"}, "geometry": {"type": "Polygon", "coordinates": [[[-97.73232852704925, 30.272539116267023], [-97.73234001425982, 30.272569650958506], [-97.73237008816756, 30.27258852243568], [-97.73240726156186, 30.27258852243568], [-97.7324373354696, 30.272569650958506], [-97.73244882268017, 30.272539116267023], [-97.7324373354696, 30.27250858157554], [-97.73240726156186, 30.272489710098366], [-97.73237008816756, 30.272489710098366], [-97.73234001425982, 30.27250858157554], [-97.73232852704925, 30.272539116267023]]]}}, {"type": "Feature", "properties": {"kind": "street", "radius_m": 5.8, "source": "snapshot"}, "geometry": {"type": "Polygon", "coordinates": [[[-97.73194233479927, 30.272542554593187], [-97.73195389707936, 30.27257328883045], [-97.73198416752163, 30.272592283633696], [-97.73202158384598, 30.272592283633696], [-97.73205185428824, 30.27257328883045], [-97.73206341656834, 30.272542554593187], [-97.73205185428824, 30.272511820355923], [-97.73202158384598, 30.27249282555268], [-97.73198416752163, 30.27249282555268], [-97.73195389707936, 30.272511820355923], [-97.73194233479927, 30.272542554593187]]]}}, {"type": "Feature", "properties": {"kind": "street", "radius_m": 5.6, "source": "snapshot"}, "geometry": {"type": "Polygon", "coordinates": [[[-97.73155557293657, 30.27254874228841], [-97.73156671111565, 30.272578349202945], [-97.73159587124705, 30.272596647282427], [-97.73163191515168, 30.272596647282427], [-97.73166107528309, 30.272578349202945], [-97.73167221346216, 30.27254874228841], [-97.73166107528309, 30.272519135373877], [-97.73163191515168, 30.272500837294395], [-97.73159587124705, 30.272500837294395], [-97.73156671111565, 30.272519135373877], [-97.73155557293657, 30.27254874228841]]]}}, {"type": "Feature", "properties": {"kind": "street", "radius_m": 4.5, "source": "snapshot"}, "geometry": {"type": "Polygon", "coordinates": [[[-97.7313866461974, 30.272539560793156], [-97.73139561638781, 30.272563404875694], [-97.73141910065124, 30.27257814132913], [-97.73144812879721, 30.27257814132913], [-97.73147161306063, 30.272563404875694], [-97.73148058325106, 30.272539560793156], [-97.73147161306063, 30.27251571671062], [-97.73144812879721, 30.27250098025718], [-97.73141910065124, 30.27250098025718], [-97.73139561638781, 30.27251571671062], [-97.7313866461974, 30.272539560793156]]]}}, {"type": "Feature", "properties": {"kind": "street", "radius_m": 5.9, "source": "snapshot"}, "geometry": {"type": "Polygon", "coordinates": [[[-97.73117462840594, 30.2725453523607], [-97.7311863493335, 30.272576508306237], [-97.73121703512025, 30.272595763739528], [-97.73125496483861, 30.272595763739528], [-97.73128565062537, 30.272576508306237], [-97.73129737155293, 30.2725453523607], [-97.73128565062537, 30.272514196415166], [-97.73125496483861, 30.272494940981876], [-97.73121703512025, 30.272494940981876], [-97.7311863493335, 30.272514196415166], [-97.73117462840594, 30.2725453523607]]]}}, {"type": "Feature", "properties": {"kind": "street", "radius_m": 5.8, "source": "snapshot"}, "geometry": {"type": "Polygon", "coordinates": [[[-97.73079433309186, 30.27254490409744], [-97.73080586230022, 30.272575550425174], [-97.73083604615954, 30.27259449089734], [-97.73087335546151, 30.27259449089734], [-97.73090353932083, 30.272575550425174], [-97.73091506852919, 30.27254490409744], [-97.73090353932083, 30.272514257769707], [-97.73087335546151, 30.27249531729754], [-97.73083604615954, 30.27249531729754], [-97.73080586230022, 30.272514257769707], [-97.73079433309186, 30.27254490409744]]]}}, {"type": "Feature", "properties": {"kind": "street", "radius_m": 5.2, "source": "snapshot"}, "geometry": {"type": "Polygon", "coordinates": [[[-97.75389002502575, 30.272648550073995], [-97.75390029269515, 30.272675843046073], [-97.75392717380265, 30.27269271103047], [-97.7539604006788, 30.27269271103047], [-97.75398728178631, 30.272675843046073], [-97.7539975494557, 30.272648550073995], [-97.75398728178631, 30.272621257101918], [-97.7539604006788, 30.27260438911752], [-97.75392717380265, 30.27260438911752], [-97.75390029269515, 30.272621257101918], [-97.75389002502575, 30.272648550073995]]]}}, {"type": "Feature", "properties": {"kind": "street", "radius_m": 4.7, "source": "snapshot"}, "geometry": {"type": "Polygon", "coordinates": [[[-97.75327351012092, 30.272667155694474], [-97.7532828176708, 30.27269189652794], [-97.75330718515272, 30.272707187203935], [-97.75333730501683, 30.272707187203935], [-97.75336167249876, 30.27269189652794], [-97.75337098004863, 30.272667155694474], [-97.75336167249876, 30.272642414861007], [-97.75333730501683, 30.272627124185014], [-97.75330718515272, 30.272627124185014], [-97.7532828176708, 30.272642414861007], [-97.75327351012092, 30.272667155694474]]]}}, {"type": "Feature", "properties": {"kind": "street", "radius_m": 6.6, "source": "snapshot"}, "geometry": {"type": "Polygon", "coordinates": [[[-97.75282930124168, 30.27335882434714], [-97.75284235935852, 30.273393534738016], [-97.75287654595225, 30.273414986939336], [-97.75291880290602, 30.273414986939336], [-97.75295298949975, 30.273393534738016], [-97.7529660476166, 30.27335882434714], [-97.75295298949975, 30.273324113956267], [-97.75291880290602, 30.273302661754947], [-97.75287654595225, 30.273302661754947], [-97.75284235935852, 30.273324113956267], [-97.75282930124168, 30.27335882434714]]]}}, {"type": "Feature", "properties": {"kind": "street", "radius_m": 8.0, "source": "snapshot"}, "geometry": {"type": "Polygon", "coordinates": [[[-97.75266322752911, 30.273338712959383], [-97.75267902802668, 30.273380713000673], [-97.75272039426636, 30.27340667045372], [-97.75277152575057, 30.27340667045372], [-97.75281289199026, 30.273380713000673], [-97.75282869248782, 30.273338712959383], [-97.75281289199026, 30.273296712918093], [-97.75277152575057, 30.273270755465045], [-97.75272039426636, 30.273270755465045], [-97.75267902802668, 30.273296712918093], [-97.75266322752911, 30.273338712959383]]]}}, {"type": "Feature", "properties": {"kind": "street", "radius_m": 6.7, "source": "snapshot"}, "geometry": {"type": "Polygon", "coordinates": [[[-97.75238169679493, 30.27344203950068], [-97.75239499467166, 30.27347738720852], [-97.75242980896492, 30.27349923329339], [-97.752472841798, 30.27349923329339], [-97.75250765609125, 30.27347738720852], [-97.75252095396799, 30.27344203950068], [-97.75250765609125, 30.27340669179284], [-97.752472841798, 30.27338484570797], [-97.75242980896492, 30.27338484570797], [-97.75239499467166, 30.27340669179284], [-97.75238169679493, 30.27344203950068]]]}}, {"type": "Feature", "properties": {"kind": "street", "radius_m": 4.9, "source": "snapshot"}, "geometry": {"type": "Polygon", "coordinates": [[[-97.75232194810238, 30.27335828962793], [-97.75233175420902, 30.273384355698454], [-97.75235742692952, 30.27340046541599], [-97.75238916015722, 30.27340046541599], [-97.75241483287772, 30.273384355698454], [-97.75242463898437, 30.27335828962793], [-97.75241483287772, 30.273332223557404], [-97.75238916015722, 30.27331611383987], [-97.75235742692952, 30.27331611383987], [-97.75233175420902, 30.273332223557404], [-97.75232194810238, 30.27335828962793]]]}}, {"type": "Feature", "properties": {"kind": "street", "radius_m": 7.9, "source": "snapshot"}, "geometry": {"type": "Polygon", "coordinates": [[[-97.75199761711046, 30.2734602818549], [-97.75201338976967, 30.273502207897753], [-97.7520546831276, 30.27352811961725], [-97.752105724525, 30.27352811961725], [-97.75214701788292, 30.273502207897753], [-97.75216279054213, 30.2734602818549], [-97.75214701788292, 30.273418355812044], [-97.752105724525, 30.273392444092547], [-97.7520546831276, 30.273392444092547], [-97.75201338976967, 30.273418355812044], [-97.75199761711046, 30.2734602818549]]]}}, {"type": "Feature", "properties": {"kind": "street", "radius_m": 7.0, "source": "snapshot"}, "geometry": {"type": "Polygon", "coordinates": [[[-97.75073285528616, 30.27335190795468], [-97.75074676403483, 30.273388879449776], [-97.75078317761158, 30.273411729090363], [-97.75082818726777, 30.273411729090363], [-97.75086460084452, 30.273388879449776], [-97.75087850959319, 30.27335190795468], [-97.75086460084452, 30.273314936459585], [-97.75082818726777, 30.273292086818998], [-97.75078317761158, 30.273292086818998], [-97.75074676403483, 30.273314936459585], [-97.75073285528616, 30.27335190795468]]]}}, {"type": "Feature", "properties": {"kind": "street", "radius_m": 7.4, "source": "snapshot"}, "geometry": {"type": "Polygon", "coordinates": [[[-97.749830275603, 30.273350740739406], [-97.74984493512892, 30.273389707910596], [-97.74988331426601, 30.273413790946833], [-97.7499307534884, 30.273413790946833], [-97.7499691326255, 30.273389707910596], [-97.74998379215141, 30.273350740739406], [-97.7499691326255, 30.273311773568217], [-97.7499307534884, 30.27328769053198], [-97.74988331426601, 30.27328769053198], [-97.74984493512892, 30.273311773568217], [-97.749830275603, 30.273350740739406]]]}}, {"type": "Feature", "properties": {"kind": "street", "radius_m": 7.4, "source": "snapshot"}, "geometry": {"type": "Polygon", "coordinates": [[[-97.74963956635682, 30.273356935290195], [-97.74965426478074, 30.273396005858007], [-97.74969274575417, 30.273420152796877], [-97.74974031085316, 30.273420152796877], [-97.74977879182659, 30.273396005858007], [-97.74979349025051, 30.273356935290195], [-97.74977879182659, 30.273317864722383], [-97.74974031085316, 30.273293717783513], [-97.74969274575417, 30.273293717783513], [-97.74965426478074, 30.273317864722383], [-97.74963956635682, 30.273356935290195]]]}}, {"type": "Feature", "properties": {"kind": "street", "radius_m": 6.2, "source": "snapshot"}, "geometry": {"type": "Polygon", "coordinates": [[[-97.74946793680031, 30.27335789991899], [-97.7494801866973, 30.273390461942856], [-97.74951225734395, 30.273410586380347], [-97.7495518988433, 30.273410586380347], [-97.74958396948995, 30.273390461942856], [-97.74959621938693, 30.27335789991899], [-97.74958396948995, 30.273325337895127], [-97.7495518988433, 30.273305213457636], [-97.74951225734395, 30.273305213457636], [-97.7494801866973, 30.273325337895127], [-97.74946793680031, 30.27335789991899]]]}}, {"type": "Feature", "properties": {"kind": "street", "radius_m": 6.6, "source": "snapshot"}, "geometry": {"type": "Polygon", "coordinates": [[[-97.74912344252051, 30.273349623763483], [-97.74913647099133, 30.27338425535088], [-97.74917057997077, 30.273405658848976], [-97.749212740988, 30.273405658848976], [-97.74924684996743, 30.27338425535088], [-97.74925987843825, 30.273349623763483], [-97.74924684996743, 30.273314992176086], [-97.749212740988, 30.27329358867799], [-97.74917057997077, 30.27329358867799], [-97.74913647099133, 30.273314992176086], [-97.74912344252051, 30.273349623763483]]]}}, {"type": "Feature", "properties": {"kind": "street", "radius_m": 6.0, "source": "snapshot"}, "geometry": {"type": "Polygon", "coordinates": [[[-97.74868274980258, 30.273447530373055], [-97.74869463239833, 30.273479116056322], [-97.74872574143785, 30.273498637082138], [-97.74876419432542, 30.273498637082138], [-97.74879530336494, 30.273479116056322], [-97.74880718596069, 30.273447530373055], [-97.74879530336494, 30.273415944689788], [-97.74876419432542, 30.27339642366397], [-97.74872574143785, 30.27339642366397], [-97.74869463239833, 30.273415944689788], [-97.74868274980258, 30.273447530373055]]]}}, {"type": "Feature", "properties": {"kind": "street", "radius_m": 7.9, "source": "snapshot"}, "geometry": {"type": "Polygon", "coordinates": [[[-97.74847524390074, 30.273465514793592], [-97.7484909492741, 30.27350726198078], [-97.74853206647538, 30.273533063161395], [-97.74858289013119, 30.273533063161395], [-97.74862400733247, 30.27350726198078], [-97.74863971270582, 30.273465514793592], [-97.74862400733247, 30.273423767606406], [-97.74858289013119, 30.27339796642579], [-97.74853206647538, 30.27339796642579], [-97.7484909492741, 30.273423767606406], [-97.74847524390074, 30.273465514793592]]]}}, {"type": "Feature", "properties": {"kind": "street", "radius_m": 5.0, "source": "snapshot"}, "geometry": {"type": "Polygon", "coordinates": [[[-97.74829925658142, 30.273356150090425], [-97.74830909491509, 30.2733823018251], [-97.74833485200702, 30.273398464485997], [-97.74836668952355, 30.273398464485997], [-97.74839244661548, 30.2733823018251], [-97.74840228494915, 30.273356150090425], [-97.74839244661548, 30.27332999835575], [-97.74836668952355, 30.273313835694854], [-97.74833485200702, 30.273313835694854], [-97.74830909491509, 30.27332999835575], [-97.74829925658142, 30.273356150090425]]]}}, {"type": "Feature", "properties": {"kind": "street", "radius_m": 7.1, "source": "snapshot"}, "geometry": {"type": "Polygon", "coordinates": [[[-97.74750591513413, 30.273446154577943], [-97.74752004386943, 30.273483710829776], [-97.74755703337865, 30.273506921869895], [-97.7476027549265, 30.273506921869895], [-97.74763974443573, 30.273483710829776], [-97.74765387317103, 30.273446154577943], [-97.74763974443573, 30.27340859832611], [-97.7476027549265, 30.27338538728599], [-97.74755703337865, 30.27338538728599], [-97.74752004386943, 30.27340859832611], [-97.74750591513413, 30.273446154577943]]]}}, {"type": "Feature", "properties": {"kind": "street", "radius_m": 5.9, "source": "snapshot"}, "geometry": {"type": "Polygon", "coordinates": [[[-97.74731482438892, 30.27333392503361], [-97.74732660407294, 30.273365237162427], [-97.74735744368608, 30.273384589122298], [-97.74739556354434, 30.273384589122298], [-97.74742640315749, 30.273365237162427], [-97.7474381828415, 30.27333392503361], [-97.74742640315749, 30.273302612904796], [-97.74739556354434, 30.273283260944925], [-97.74735744368608, 30.273283260944925], [-97.74732660407294, 30.273302612904796], [-97.74731482438892, 30.27333392503361]]]}}, {"type": "Feature", "properties": {"kind": "street", "radius_m": 5.0, "source": "snapshot"}, "geometry": {"type": "Polygon", "coordinates": [[[-97.74701630362254, 30.273455832682924], [-97.74702630825286, 30.273482426458454], [-97.74705250071501, 30.27349886231562], [-97.74708487637876, 30.27349886231562], [-97.74711106884092, 30.273482426458454], [-97.74712107347123, 30.273455832682924], [-97.74711106884092, 30.273429238907394], [-97.74708487637876, 30.273412803050228], [-97.74705250071501, 30.273412803050228], [-97.74702630825286, 30.273429238907394], [-97.74701630362254, 30.273455832682924]]]}}, {"type": "Feature", "properties": {"kind": "street", "radius_m": 6.2, "source": "snapshot"}, "geometry": {"type": "Polygon", "coordinates": [[[-97.74682444655228, 30.273467131335817], [-97.74683676369611, 30.273499872111667], [-97.74686901039729, 30.273520107023963], [-97.746908869512, 30.273520107023963], [-97.74694111621318, 30.273499872111667], [-97.746953433357, 30.273467131335817], [-97.74694111621318, 30.273434390559967], [-97.746908869512, 30.27341415564767], [-97.74686901039729, 30.27341415564767], [-97.74683676369611, 30.273434390559967], [-97.74682444655228, 30.273467131335817]]]}}, {"type": "Feature", "properties": {"kind": "street", "radius_m": 7.6, "source": "snapshot"}, "geometry": {"type": "Polygon", "coordinates": [[[-97.74631258296931, 30.2734563139843], [-97.74632773896734, 30.273496600851228], [-97.74636741788531, 30.273521499504287], [-97.7464164637252, 30.273521499504287], [-97.74645614264317, 30.273496600851228], [-97.7464712986412, 30.2734563139843], [-97.74645614264317, 30.273416027117374], [-97.7464164637252, 30.273391128464315], [-97.74636741788531, 30.273391128464315], [-97.74632773896734, 30.273416027117374], [-97.74631258296931, 30.2734563139843]]]}}, {"type": "Feature", "properties": {"kind": "street", "radius_m": 4.9, "source": "snapshot"}, "geometry": {"type": "Polygon", "coordinates": [[[-97.74599066532632, 30.273462498878974], [-97.74600045459495, 30.273488520191595], [-97.74602608323296, 30.27350460224723], [-97.74605776197173, 30.27350460224723], [-97.74608339060974, 30.273488520191595], [-97.74609317987837, 30.273462498878974], [-97.74608339060974, 30.273436477566353], [-97.74605776197173, 30.27342039551072], [-97.74602608323296, 30.27342039551072], [-97.74600045459495, 30.273436477566353], [-97.74599066532632, 30.273462498878974]]]}}, {"type": "Feature", "properties": {"kind": "street", "radius_m": 6.5, "source": "snapshot"}, "geometry": {"type": "Polygon", "coordinates": [[[-97.74580122793876, 30.2734638814194], [-97.74581415086965, 30.27349823246616], [-97.74584798354195, 30.273519462580605], [-97.74588980302477, 30.273519462580605], [-97.74592363569707, 30.27349823246616], [-97.74593655862796, 30.2734638814194], [-97.74592363569707, 30.27342953037264], [-97.74588980302477, 30.273408300258193], [-97.74584798354195, 30.273408300258193], [-97.74581415086965, 30.27342953037264], [-97.74580122793876, 30.2734638814194]]]}}, {"type": "Feature", "properties": {"kind": "street", "radius_m": 5.6, "source": "snapshot"}, "geometry": {"type": "Polygon", "coordinates": [[[-97.74361645916582, 30.273347473731434], [-97.74362765899508, 30.273377244521182], [-97.74365698052874, 30.27339564388112], [-97.74369322393754, 30.27339564388112], [-97.7437225454712, 30.273377244521182], [-97.74373374530046, 30.273347473731434], [-97.7437225454712, 30.273317702941686], [-97.74369322393754, 30.273299303581748], [-97.74365698052874, 30.273299303581748], [-97.74362765899508, 30.273317702941686], [-97.74361645916582, 30.273347473731434]]]}}, {"type": "Feature", "properties": {"kind": "street", "radius_m": 6.4, "source": "snapshot"}, "geometry": {"type": "Polygon", "coordinates": [[[-97.74293657592432, 30.27344669840864], [-97.74294927592909, 30.273480456885054], [-97.74298252497321, 30.273501320770887], [-97.74302362305197, 30.273501320770887], [-97.74305687209609, 30.273480456885054], [-97.74306957210086, 30.27344669840864], [-97.74305687209609, 30.27341293993223], [-97.74302362305197, 30.273392076046395], [-97.74298252497321, 30.273392076046395], [-97.74294927592909, 30.27341293993223], [-97.74293657592432, 30.27344669840864]]]}}, {"type": "Feature", "properties": {"kind": "street", "radius_m": 6.7, "source": "snapshot"}, "geometry": {"type": "Polygon", "coordinates": [[[-97.74081641553168, 30.27345549818963], [-97.74082965580448, 30.27349069277777], [-97.74086431928869, 30.27351244422946], [-97.74090716571153, 30.27351244422946], [-97.74094182919575, 30.27349069277777], [-97.74095506946854, 30.27345549818963], [-97.74094182919575, 30.27342030360149], [-97.74090716571153, 30.2733985521498], [-97.74086431928869, 30.2733985521498], [-97.74082965580448, 30.27342030360149], [-97.74081641553168, 30.27345549818963]]]}}, {"type": "Feature", "properties": {"kind": "street", "radius_m": 6.2, "source": "snapshot"}, "geometry": {"type": "Polygon", "coordinates": [[[-97.74047683210956, 30.27345579170993], [-97.74048907910475, 30.27348834602042], [-97.74052114215442, 30.27350846569078], [-97.7405607742634, 30.27350846569078], [-97.74059283731307, 30.27348834602042], [-97.74060508430826, 30.27345579170993], [-97.74059283731307, 30.27342323739944], [-97.7405607742634, 30.27340311772908], [-97.74052114215442, 30.27340311772908], [-97.74048907910475, 30.27342323739944], [-97.74047683210956, 30.27345579170993]]]}}, {"type": "Feature", "properties": {"kind": "street", "radius_m": 4.6, "source": "snapshot"}, "geometry": {"type": "Polygon", "coordinates": [[[-97.7401376006599, 30.273465653480326], [-97.74014667136824, 30.273489764754217], [-97.74017041879095, 30.27350466634099], [-97.74019977221973, 30.27350466634099], [-97.74022351964244, 30.273489764754217], [-97.74023259035077, 30.273465653480326], [-97.74022351964244, 30.273441542206434], [-97.74019977221973, 30.27342664061966], [-97.74017041879095, 30.27342664061966], [-97.74014667136824, 30.273441542206434], [-97.7401376006599, 30.273465653480326]]]}}, {"type": "Feature", "properties": {"kind": "street", "radius_m": 6.1, "source": "snapshot"}, "geometry": {"type": "Polygon", "coordinates": [[[-97.73992251250412, 30.27334056006911], [-97.7399345397603, 30.273372530281044], [-97.73996602752575, 30.27339228895865], [-97.74000494854434, 30.27339228895865], [-97.7400364363098, 30.273372530281044], [-97.74004846356597, 30.27334056006911], [-97.7400364363098, 30.273308589857173], [-97.74000494854434, 30.273288831179567], [-97.73996602752575, 30.273288831179567], [-97.7399345397603, 30.273308589857173], [-97.73992251250412, 30.27334056006911]]]}}, {"type": "Feature", "properties": {"kind": "street", "radius_m": 4.6, "source": "snapshot"}, "geometry": {"type": "Polygon", "coordinates": [[[-97.73922555675676, 30.273358363717822], [-97.73923465728855, 30.273382554266828], [-97.73925848279009, 30.273397504848322], [-97.73928793272958, 30.273397504848322], [-97.73931175823112, 30.273382554266828], [-97.73932085876291, 30.273358363717822], [-97.73931175823112, 30.273334173168816], [-97.73928793272958, 30.27331922258732], [-97.73925848279009, 30.27331922258732], [-97.73923465728855, 30.273334173168816], [-97.73922555675676, 30.273358363717822]]]}}, {"type": "Feature", "properties": {"kind": "street", "radius_m": 5.6, "source": "snapshot"}, "geometry": {"type": "Polygon", "coordinates": [[[-97.7390513934192, 30.27334839373634], [-97.73906253878441, 30.273378019752666], [-97.73909171772935, 30.273396329637706], [-97.7391277848888, 30.273396329637706], [-97.73915696383374, 30.273378019752666], [-97.73916810919894, 30.27334839373634], [-97.73915696383374, 30.273318767720017], [-97.7391277848888, 30.273300457834978], [-97.73909171772935, 30.273300457834978], [-97.73906253878441, 30.273318767720017], [-97.7390513934192, 30.27334839373634]]]}}, {"type": "Feature", "properties": {"kind": "street", "radius_m": 5.1, "source": "snapshot"}, "geometry": {"type": "Polygon", "coordinates": [[[-97.7387716930589, 30.273443513599283], [-97.73878180094259, 30.27347038183751], [-97.73880826372567, 30.27348698732195], [-97.73884097352445, 30.27348698732195], [-97.73886743630753, 30.27347038183751], [-97.73887754419123, 30.273443513599283], [-97.73886743630753, 30.273416645361056], [-97.73884097352445, 30.273400039876616], [-97.73880826372567, 30.273400039876616], [-97.73878180094259, 30.273416645361056], [-97.7387716930589, 30.273443513599283]]]}}, {"type": "Feature", "properties": {"kind": "street", "radius_m": 5.6, "source": "snapshot"}, "geometry": {"type": "Polygon", "coordinates": [[[-97.73858724940204, 30.27344731102745], [-97.73859832115376, 30.273476741368313], [-97.73862730737608, 30.27349493031927], [-97.73866313631726, 30.27349493031927], [-97.73869212253958, 30.273476741368313], [-97.73870319429129, 30.27344731102745], [-97.73869212253958, 30.273417880686587], [-97.73866313631726, 30.27339969173563], [-97.73862730737608, 30.27339969173563], [-97.73859832115376, 30.273417880686587], [-97.73858724940204, 30.27344731102745]]]}}, {"type": "Feature", "properties": {"kind": "street", "radius_m": 5.6, "source": "snapshot"}, "geometry": {"type": "Polygon", "coordinates": [[[-97.73851843759806, 30.27335501641085], [-97.73852963794464, 30.273384788575726], [-97.73855896083268, 30.27340318878554], [-97.73859520591557, 30.27340318878554], [-97.73862452880361, 30.273384788575726], [-97.73863572915019, 30.27335501641085], [-97.73862452880361, 30.273325244245974], [-97.73859520591557, 30.27330684403616], [-97.73855896083268, 30.27330684403616], [-97.73852963794464, 30.273325244245974], [-97.73851843759806, 30.27335501641085]]]}}, {"type": "Feature", "properties": {"kind": "street", "radius_m": 5.6, "source": "snapshot"}, "geometry": {"type": "Polygon", "coordinates": [[[-97.73824291574981, 30.273442000587018], [-97.73825407960163, 30.273471675743497], [-97.73828330694518, 30.273490015998824], [-97.7383194339286, 30.273490015998824], [-97.73834866127214, 30.273471675743497], [-97.73835982512396, 30.273442000587018], [-97.73834866127214, 30.273412325430538], [-97.7383194339286, 30.27339398517521], [-97.73828330694518, 30.27339398517521], [-97.73825407960163, 30.273412325430538], [-97.73824291574981, 30.273442000587018]]]}}, {"type": "Feature", "properties": {"kind": "street", "radius_m": 7.4, "source": "snapshot"}, "geometry": {"type": "Polygon", "coordinates": [[[-97.73804114276122, 30.27344916145681], [-97.73805583634467, 30.273488219157937], [-97.73809430464557, 30.273512358144753], [-97.73814185408047, 30.273512358144753], [-97.73818032238137, 30.273488219157937], [-97.73819501596482, 30.27344916145681], [-97.73818032238137, 30.273410103755683], [-97.73814185408047, 30.273385964768867], [-97.73809430464557, 30.273385964768867], [-97.73805583634467, 30.273410103755683], [-97.73804114276122, 30.27344916145681]]]}}, {"type": "Feature", "properties": {"kind": "street", "radius_m": 6.6, "source": "snapshot"}, "geometry": {"type": "Polygon", "coordinates": [[[-97.73798498706688, 30.273354117154383], [-97.73799800017025, 30.27338870789285], [-97.73803206891719, 30.273410086144917], [-97.73807418020431, 30.273410086144917], [-97.73810824895125, 30.27338870789285], [-97.73812126205462, 30.273354117154383], [-97.73810824895125, 30.273319526415918], [-97.73807418020431, 30.27329814816385], [-97.73803206891719, 30.27329814816385], [-97.73799800017025, 30.273319526415918], [-97.73798498706688, 30.273354117154383]]]}}, {"type": "Feature", "properties": {"kind": "street", "radius_m": 6.1, "source": "snapshot"}, "geometry": {"type": "Polygon", "coordinates": [[[-97.73736087977606, 30.273443525369345], [-97.73737305021035, 30.273475876169716], [-97.73740491282098, 30.27349587006391], [-97.73744429717365, 30.27349587006391], [-97.73747615978428, 30.273475876169716], [-97.73748833021857, 30.273443525369345], [-97.73747615978428, 30.273411174568974], [-97.73744429717365, 30.27339118067478], [-97.73740491282098, 30.27339118067478], [-97.73737305021035, 30.273411174568974], [-97.73736087977606, 30.273443525369345]]]}}, {"type": "Feature", "properties": {"kind": "street", "radius_m": 5.3, "source": "snapshot"}, "geometry": {"type": "Polygon", "coordinates": [[[-97.73718277531279, 30.273453472103213], [-97.73719333916573, 30.273481552374594], [-97.73722099569179, 30.27349890693672], [-97.737255181038, 30.27349890693672], [-97.73728283756405, 30.273481552374594], [-97.73729340141699, 30.273453472103213], [-97.73728283756405, 30.273425391831832], [-97.737255181038, 30.273408037269707], [-97.73722099569179, 30.273408037269707], [-97.73719333916573, 30.273425391831832], [-97.73718277531279, 30.273453472103213]]]}}, {"type": "Feature", "properties": {"kind": "street", "radius_m": 5.4, "source": "snapshot"}, "geometry": {"type": "Polygon", "coordinates": [[[-97.73697109637304, 30.273333610994758], [-97.73698174765683, 30.273361923670155], [-97.73700963307981, 30.273379421865865], [-97.7370441013582, 30.273379421865865], [-97.73707198678117, 30.273361923670155], [-97.73708263806496, 30.273333610994758], [-97.73707198678117, 30.27330529831936], [-97.7370441013582, 30.27328780012365], [-97.73700963307981, 30.27328780012365], [-97.73698174765683, 30.27330529831936], [-97.73697109637304, 30.273333610994758]]]}}, {"type": "Feature", "properties": {"kind": "street", "radius_m": 6.7, "source": "snapshot"}, "geometry": {"type": "Polygon", "coordinates": [[[-97.73611055497787, 30.273451385535072], [-97.73612391410148, 30.27348689604611], [-97.73615888874117, 30.273508842748885], [-97.7362021197733, 30.273508842748885], [-97.73623709441299, 30.27348689604611], [-97.7362504535366, 30.273451385535072], [-97.73623709441299, 30.273415875024035], [-97.7362021197733, 30.27339392832126], [-97.73615888874117, 30.27339392832126], [-97.73612391410148, 30.273415875024035], [-97.73611055497787, 30.273451385535072]]]}}, {"type": "Feature", "properties": {"kind": "street", "radius_m": 7.9, "source": "snapshot"}, "geometry": {"type": "Polygon", "coordinates": [[[-97.73590032177958, 30.27346650857472], [-97.73591611083361, 30.273508478197403], [-97.73595744711372, 30.273534416850715], [-97.73600854156587, 30.273534416850715], [-97.73604987784597, 30.273508478197403], [-97.7360656669, 30.27346650857472], [-97.73604987784597, 30.27342453895204], [-97.73600854156587, 30.273398600298727], [-97.73595744711372, 30.273398600298727], [-97.73591611083361, 30.27342453895204], [-97.73590032177958, 30.27346650857472]]]}}, {"type": "Feature", "properties": {"kind": "street", "radius_m": 4.5, "source": "snapshot"}, "geometry": {"type": "Polygon", "coordinates": [[[-97.73539791417413, 30.273464988126083], [-97.73540685993032, 30.27348876725887], [-97.73543028022411, 30.27350346357115], [-97.7354592292993, 30.27350346357115], [-97.73548264959308, 30.27348876725887], [-97.73549159534927, 30.273464988126083], [-97.73548264959308, 30.273441208993297], [-97.7354592292993, 30.273426512681016], [-97.73543028022411, 30.273426512681016], [-97.73540685993032, 30.273441208993297], [-97.73539791417413, 30.273464988126083]]]}}, {"type": "Feature", "properties": {"kind": "street", "radius_m": 7.8, "source": "snapshot"}, "geometry": {"type": "Polygon", "coordinates": [[[-97.73482207741115, 30.2734666209613], [-97.7348375063178, 30.27350763325939], [-97.73487789971982, 30.273532980253563], [-97.73492782871055, 30.273532980253563], [-97.73496822211257, 30.27350763325939], [-97.73498365101922, 30.2734666209613], [-97.73496822211257, 30.273425608663214], [-97.73492782871055, 30.27340026166904], [-97.73487789971982, 30.27340026166904], [-97.7348375063178, 30.273425608663214], [-97.73482207741115, 30.2734666209613]]]}}, {"type": "Feature", "properties": {"kind": "street", "radius_m": 6.5, "source": "snapshot"}, "geometry": {"type": "Polygon", "coordinates": [[[-97.7341229968632, 30.27335010551778], [-97.73413600391862, 30.273384680179873], [-97.73417005683179, 30.273406048496195], [-97.73421214854729, 30.273406048496195], [-97.73424620146045, 30.273384680179873], [-97.73425920851587, 30.27335010551778], [-97.73424620146045, 30.273315530855683], [-97.73421214854729, 30.27329416253936], [-97.73417005683179, 30.27329416253936], [-97.73413600391862, 30.273315530855683], [-97.7341229968632, 30.27335010551778]]]}}, {"type": "Feature", "properties": {"kind": "street", "radius_m": 5.6, "source": "snapshot"}, "geometry": {"type": "Polygon", "coordinates": [[[-97.73362878701228, 30.273339655508114], [-97.73363981596594, 30.273368972085475], [-97.7336686901415, 30.273387090726715], [-97.73370438058528, 30.273387090726715], [-97.73373325476084, 30.273368972085475], [-97.7337442837145, 30.273339655508114], [-97.73373325476084, 30.273310338930752], [-97.73370438058528, 30.273292220289512], [-97.7336686901415, 30.273292220289512], [-97.73363981596594, 30.273310338930752], [-97.73362878701228, 30.273339655508114]]]}}, {"type": "Feature", "properties": {"kind": "street", "radius_m": 6.4, "source": "snapshot"}, "geometry": {"type": "Polygon", "coordinates": [[[-97.73331563018756, 30.27344373815033], [-97.73332843784763, 30.27347778279034], [-97.73336196873701, 30.273498823535], [-97.73340341519564, 30.273498823535], [-97.73343694608502, 30.27347778279034], [-97.73344975374509, 30.27344373815033], [-97.73343694608502, 30.27340969351032], [-97.73340341519564, 30.27338865276566], [-97.73336196873701, 30.27338865276566], [-97.73332843784763, 30.27340969351032], [-97.73331563018756, 30.27344373815033]]]}}, {"type": "Feature", "properties": {"kind": "street", "radius_m": 7.9, "source": "snapshot"}, "geometry": {"type": "Polygon", "coordinates": [[[-97.73322862534944, 30.273347934896726], [-97.73324422049039, 30.27338938906999], [-97.73328504909946, 30.273415009158043], [-97.73333551603571, 30.273415009158043], [-97.73337634464478, 30.27338938906999], [-97.73339193978573, 30.273347934896726], [-97.73337634464478, 30.273306480723463], [-97.73333551603571, 30.27328086063541], [-97.73328504909946, 30.27328086063541], [-97.73324422049039, 30.273306480723463], [-97.73322862534944, 30.273347934896726]]]}}, {"type": "Feature", "properties": {"kind": "street", "radius_m": 5.4, "source": "snapshot"}, "geometry": {"type": "Polygon", "coordinates": [[[-97.73294226057253, 30.273458806171288], [-97.73295301645122, 30.273487396875293], [-97.73298117570722, 30.273505066902132], [-97.73301598246182, 30.273505066902132], [-97.73304414171783, 30.273487396875293], [-97.73305489759652, 30.273458806171288], [-97.73304414171783, 30.273430215467283], [-97.73301598246182, 30.273412545440443], [-97.73298117570722, 30.273412545440443], [-97.73295301645122, 30.273430215467283], [-97.73294226057253, 30.273458806171288]]]}}, {"type": "Feature", "properties": {"kind": "street", "radius_m": 6.1, "source": "snapshot"}, "geometry": {"type": "Polygon", "coordinates": [[[-97.732208980528, 30.273466915790884], [-97.73222111603212, 30.273499173741723], [-97.73225288719436, 30.273519110251748], [-97.7322921585106, 30.273519110251748], [-97.73232392967284, 30.273499173741723], [-97.73233606517697, 30.273466915790884], [-97.73232392967284, 30.273434657840046], [-97.7322921585106, 30.27341472133002], [-97.73225288719436, 30.27341472133002], [-97.73222111603212, 30.273434657840046], [-97.732208980528, 30.273466915790884]]]}}, {"type": "Feature", "properties": {"kind": "street", "radius_m": 4.5, "source": "snapshot"}, "geometry": {"type": "Polygon", "coordinates": [[[-97.73202151294196, 30.27334093123265], [-97.73203046597354, 30.273364729704436], [-97.73205390531449, 30.273379437968877], [-97.73208287793325, 30.273379437968877], [-97.7321063172742, 30.273364729704436], [-97.73211527030578, 30.27334093123265], [-97.7321063172742, 30.273317132760862], [-97.73208287793325, 30.27330242449642], [-97.73205390531449, 30.27330242449642], [-97.73203046597354, 30.273317132760862], [-97.73202151294196, 30.27334093123265]]]}}, {"type": "Feature", "properties": {"kind": "street", "radius_m": 7.2, "source": "snapshot"}, "geometry": {"type": "Polygon", "coordinates": [[[-97.73130017864815, 30.273335449114878], [-97.73131441840583, 30.273373300480497], [-97.73135169857542, 30.273396693910968], [-97.73139777939926, 30.273396693910968], [-97.73143505956885, 30.273373300480497], [-97.73144929932653, 30.273335449114878], [-97.73143505956885, 30.27329759774926], [-97.73139777939926, 30.27327420431879], [-97.73135169857542, 30.27327420431879], [-97.73131441840583, 30.27329759774926], [-97.73130017864815, 30.273335449114878]]]}}, {"type": "Feature", "properties": {"kind": "street", "radius_m": 6.9, "source": "snapshot"}, "geometry": {"type": "Polygon", "coordinates": [[[-97.7547965167665, 30.27335874198202], [-97.75481012488385, 30.27339491435495], [-97.7548457513976, 30.27341727011087], [-97.75488978819038, 30.27341727011087], [-97.75492541470413, 30.27339491435495], [-97.75493902282147, 30.27335874198202], [-97.75492541470413, 30.27332256960909], [-97.75488978819038, 30.27330021385317], [-97.7548457513976, 30.27330021385317], [-97.75481012488385, 30.27332256960909], [-97.7547965167665, 30.27335874198202]]]}}, {"type": "Feature", "properties": {"kind": "street", "radius_m": 5.8, "source": "snapshot"}, "geometry": {"type": "Polygon", "coordinates": [[[-97.75447232991411, 30.273337672082807], [-97.75448375743058, 30.273368048098583], [-97.7545136750571, 30.273386821508772], [-97.7545506552772, 30.273386821508772], [-97.75458057290372, 30.273368048098583], [-97.75459200042019, 30.273337672082807], [-97.75458057290372, 30.27330729606703], [-97.7545506552772, 30.27328852265684], [-97.7545136750571, 30.27328852265684], [-97.75448375743058, 30.27330729606703], [-97.75447232991411, 30.273337672082807]]]}}, {"type": "Feature", "properties": {"kind": "street", "radius_m": 4.5, "source": "snapshot"}, "geometry": {"type": "Polygon", "coordinates": [[[-97.75430365572763, 30.273338879828124], [-97.75431265314235, 30.273362796276828], [-97.75433620867989, 30.27337757745502], [-97.75436532492554, 30.27337757745502], [-97.75438888046308, 30.273362796276828], [-97.7543978778778, 30.273338879828124], [-97.75438888046308, 30.27331496337942], [-97.75436532492554, 30.27330018220123], [-97.75433620867989, 30.27330018220123], [-97.75431265314235, 30.27331496337942], [-97.75430365572763, 30.273338879828124]]]}}, {"type": "Feature", "properties": {"kind": "street", "radius_m": 5.5, "source": "snapshot"}, "geometry": {"type": "Polygon", "coordinates": [[[-97.75362924544653, 30.273446393840228], [-97.75364013880159, 30.273475349976568], [-97.75366865797535, 30.27349324585301], [-97.75370390961281, 30.27349324585301], [-97.75373242878658, 30.273475349976568], [-97.75374332214163, 30.273446393840228], [-97.75373242878658, 30.273417437703888], [-97.75370390961281, 30.273399541827445], [-97.75366865797535, 30.273399541827445], [-97.75364013880159, 30.273417437703888], [-97.75362924544653, 30.273446393840228]]]}}, {"type": "Feature", "properties": {"kind": "street", "radius_m": 5.6, "source": "snapshot"}, "geometry": {"type": "Polygon", "coordinates": [[[-97.75337177052788, 30.273357151459233], [-97.75338281714191, 30.273386514980444], [-97.75341173755292, 30.27340466263458], [-97.75344748514685, 30.27340466263458], [-97.75347640555786, 30.273386514980444], [-97.7534874521719, 30.273357151459233], [-97.75347640555786, 30.273327787938022], [-97.75344748514685, 30.273309640283887], [-97.75341173755292, 30.273309640283887], [-97.75338281714191, 30.273327787938022], [-97.75337177052788, 30.273357151459233]]]}}, {"type": "Feature", "properties": {"kind": "street", "radius_m": 5.5, "source": "snapshot"}, "geometry": {"type": "Polygon", "coordinates": [[[-97.73008076307626, 30.273453731818314], [-97.73009165380242, 30.273482680966705], [-97.7301201660937, 30.273500572524355], [-97.73015540922391, 30.273500572524355], [-97.73018392151519, 30.273482680966705], [-97.73019481224135, 30.273453731818314], [-97.73018392151519, 30.273424782669924], [-97.73015540922391, 30.273406891112273], [-97.7301201660937, 30.273406891112273], [-97.73009165380242, 30.273424782669924], [-97.73008076307626, 30.273453731818314]]]}}, {"type": "Feature", "properties": {"kind": "street", "radius_m": 5.9, "source": "snapshot"}, "geometry": {"type": "Polygon", "coordinates": [[[-97.75266669963581, 30.274254291588374], [-97.75267839218071, 30.274285372088624], [-97.75270900366068, 30.274304580894164], [-97.75274684153082, 30.274304580894164], [-97.7527774530108, 30.274285372088624], [-97.7527891455557, 30.274254291588374], [-97.7527774530108, 30.274223211088124], [-97.75274684153082, 30.274204002282584], [-97.75270900366068, 30.274204002282584], [-97.75267839218071, 30.274223211088124], [-97.75266669963581, 30.274254291588374]]]}}, {"type": "Feature", "properties": {"kind": "street", "radius_m": 5.4, "source": "snapshot"}, "geometry": {"type": "Polygon", "coordinates": [[[-97.75099293889814, 30.274343880157964], [-97.75100368270711, 30.27437243877886], [-97.75103181036414, 30.27439008897725], [-97.75106657806029, 30.27439008897725], [-97.75109470571732, 30.27437243877886], [-97.75110544952629, 30.274343880157964], [-97.75109470571732, 30.274315321537067], [-97.75106657806029, 30.27429767133868], [-97.75103181036414, 30.27429767133868], [-97.75100368270711, 30.274315321537067], [-97.75099293889814, 30.274343880157964]]]}}, {"type": "Feature", "properties": {"kind": "street", "radius_m": 5.2, "source": "snapshot"}, "geometry": {"type": "Polygon", "coordinates": [[[-97.7507593375255, 30.274245479339935], [-97.75076961015012, 30.27427278548368], [-97.75079650423051, 30.274289661608616], [-97.75082974714205, 30.274289661608616], [-97.75085664122244, 30.27427278548368], [-97.75086691384706, 30.274245479339935], [-97.75085664122244, 30.27421817319619], [-97.75082974714205, 30.274201297071254], [-97.75079650423051, 30.274201297071254], [-97.75076961015012, 30.27421817319619], [-97.7507593375255, 30.274245479339935]]]}}, {"type": "Feature", "properties": {"kind": "street", "radius_m": 7.8, "source": "snapshot"}, "geometry": {"type": "Polygon", "coordinates": [[[-97.74952143897478, 30.274355518756124], [-97.74953689835763, 30.274396612064425], [-97.74957737154739, 30.27442200912567], [-97.74962739916117, 30.27442200912567], [-97.74966787235093, 30.274396612064425], [-97.74968333173378, 30.274355518756124], [-97.74966787235093, 30.274314425447823], [-97.74962739916117, 30.27428902838658], [-97.74957737154739, 30.27428902838658], [-97.74953689835763, 30.274314425447823], [-97.74952143897478, 30.274355518756124]]]}}, {"type": "Feature", "properties": {"kind": "street", "radius_m": 8.0, "source": "snapshot"}, "geometry": {"type": "Polygon", "coordinates": [[[-97.74880754140486, 30.27436572294276], [-97.74882339857682, 30.274407873632892], [-97.74886491319198, 30.27443392419204], [-97.74891622807836, 30.27443392419204], [-97.74895774269352, 30.274407873632892], [-97.74897359986548, 30.27436572294276], [-97.74895774269352, 30.27432357225263], [-97.74891622807836, 30.274297521693484], [-97.74886491319198, 30.274297521693484], [-97.74882339857682, 30.27432357225263], [-97.74880754140486, 30.27436572294276]]]}}, {"type": "Feature", "properties": {"kind": "street", "radius_m": 5.8, "source": "snapshot"}, "geometry": {"type": "Polygon", "coordinates": [[[-97.74867200967536, 30.274358754225894], [-97.74868346156765, 30.27438919503617], [-97.74871344301089, 30.274408008491566], [-97.7487505021128, 30.274408008491566], [-97.74878048355603, 30.27438919503617], [-97.74879193544832, 30.274358754225894], [-97.74878048355603, 30.274328313415616], [-97.7487505021128, 30.27430949996022], [-97.74871344301089, 30.27430949996022], [-97.74868346156765, 30.274328313415616], [-97.74867200967536, 30.274358754225894]]]}}, {"type": "Feature", "properties": {"kind": "street", "radius_m": 6.1, "source": "snapshot"}, "geometry": {"type": "Polygon", "coordinates": [[[-97.74818137942378, 30.274347914113296], [-97.74819343888366, 30.274379969927384], [-97.74822501095949, 30.274399781510027], [-97.74826403619142, 30.274399781510027], [-97.74829560826724, 30.274379969927384], [-97.74830766772712, 30.274347914113296], [-97.74829560826724, 30.274315858299207], [-97.74826403619142, 30.274296046716564], [-97.74822501095949, 30.274296046716564], [-97.74819343888366, 30.274315858299207], [-97.74818137942378, 30.274347914113296]]]}}, {"type": "Feature", "properties": {"kind": "street", "radius_m": 6.5, "source": "snapshot"}, "geometry": {"type": "Polygon", "coordinates": [[[-97.74801283665197, 30.27434566856287], [-97.74802575096554, 30.274379996703523], [-97.7480595610774, 30.274401212661218], [-97.74810135267397, 30.274401212661218], [-97.74813516278583, 30.274379996703523], [-97.7481480770994, 30.27434566856287], [-97.74813516278583, 30.274311340422216], [-97.74810135267397, 30.27429012446452], [-97.7480595610774, 30.27429012446452], [-97.74802575096554, 30.274311340422216], [-97.74801283665197, 30.27434566856287]]]}}, {"type": "Feature", "properties": {"kind": "street", "radius_m": 6.0, "source": "snapshot"}, "geometry": {"type": "Polygon", "coordinates": [[[-97.74797424853928, 30.274239702366717], [-97.74798613390251, 30.274271295406365], [-97.7480172501874, 30.274290820978674], [-97.74805571203073, 30.274290820978674], [-97.74808682831562, 30.274271295406365], [-97.74809871367886, 30.274239702366717], [-97.74808682831562, 30.27420810932707], [-97.74805571203073, 30.27418858375476], [-97.7480172501874, 30.27418858375476], [-97.74798613390251, 30.27420810932707], [-97.74797424853928, 30.274239702366717]]]}}, {"type": "Feature", "properties": {"kind": "street", "radius_m": 5.6, "source": "snapshot"}, "geometry": {"type": "Polygon", "coordinates": [[[-97.74752061050951, 30.27434716090985], [-97.74753171015173, 30.274376665387784], [-97.74756076939235, 30.274394900157965], [-97.74759668858914, 30.274394900157965], [-97.74762574782976, 30.274376665387784], [-97.74763684747198, 30.27434716090985], [-97.74762574782976, 30.27431765643192], [-97.74759668858914, 30.274299421661738], [-97.74756076939235, 30.274299421661738], [-97.74753171015173, 30.27431765643192], [-97.74752061050951, 30.27434716090985]]]}}, {"type": "Feature", "properties": {"kind": "street", "radius_m": 6.6, "source": "snapshot"}, "geometry": {"type": "Polygon", "coordinates": [[[-97.74729340624819, 30.27424664122116], [-97.74730646455393, 30.274281352114127], [-97.74734065164218, 30.27430280462576], [-97.74738290920719, 30.27430280462576], [-97.74741709629544, 30.274281352114127], [-97.74743015460118, 30.27424664122116], [-97.74741709629544, 30.274211930328196], [-97.74738290920719, 30.274190477816564], [-97.74734065164218, 30.274190477816564], [-97.74730646455393, 30.274211930328196], [-97.74729340624819, 30.27424664122116]]]}}, {"type": "Feature", "properties": {"kind": "street", "radius_m": 5.3, "source": "snapshot"}, "geometry": {"type": "Polygon", "coordinates": [[[-97.74685656786352, 30.274347172371655], [-97.74686716382789, 30.274375337999935], [-97.74689490442276, 30.274392745315524], [-97.74692919368377, 30.274392745315524], [-97.74695693427864, 30.274375337999935], [-97.74696753024301, 30.274347172371655], [-97.74695693427864, 30.274319006743376], [-97.74692919368377, 30.274301599427787], [-97.74689490442276, 30.274301599427787], [-97.74686716382789, 30.274319006743376], [-97.74685656786352, 30.274347172371655]]]}}, {"type": "Feature", "properties": {"kind": "street", "radius_m": 7.3, "source": "snapshot"}, "geometry": {"type": "Polygon", "coordinates": [[[-97.74650435647587, 30.274341890932273], [-97.74651881624825, 30.27438032712929], [-97.74655667242385, 30.274404082005443], [-97.74660346523027, 30.274404082005443], [-97.74664132140586, 30.27438032712929], [-97.74665578117825, 30.274341890932273], [-97.74664132140586, 30.274303454735257], [-97.74660346523027, 30.274279699859104], [-97.74655667242385, 30.274279699859104], [-97.74651881624825, 30.274303454735257], [-97.74650435647587, 30.274341890932273]]]}}, {"type": "Feature", "properties": {"kind": "street", "radius_m": 5.6, "source": "snapshot"}, "geometry": {"type": "Polygon", "coordinates": [[[-97.74513309372637, 30.27434205947571], [-97.74514421056588, 30.274371609666556], [-97.74517331482957, 30.27438987268887], [-97.74520928967794, 30.27438987268887], [-97.74523839394163, 30.274371609666556], [-97.74524951078115, 30.27434205947571], [-97.74523839394163, 30.274312509284865], [-97.74520928967794, 30.27429424626255], [-97.74517331482957, 30.27429424626255], [-97.74514421056588, 30.274312509284865], [-97.74513309372637, 30.27434205947571]]]}}, {"type": "Feature", "properties": {"kind": "street", "radius_m": 6.0, "source": "snapshot"}, "geometry": {"type": "Polygon", "coordinates": [[[-97.7448678922143, 30.274256138992346], [-97.74487990340303, 30.274288066494645], [-97.74491134910336, 30.274307798776242], [-97.74495021812659, 30.274307798776242], [-97.74498166382692, 30.274288066494645], [-97.74499367501565, 30.274256138992346], [-97.74498166382692, 30.274224211490047], [-97.74495021812659, 30.27420447920845], [-97.74491134910336, 30.27420447920845], [-97.74487990340303, 30.274224211490047], [-97.7448678922143, 30.274256138992346]]]}}, {"type": "Feature", "properties": {"kind": "street", "radius_m": 6.9, "source": "snapshot"}, "geometry": {"type": "Polygon", "coordinates": [[[-97.74438218746799, 30.274357299278076], [-97.74439583696169, 30.274393581635422], [-97.74443157180013, 30.274416005365456], [-97.74447574248961, 30.274416005365456], [-97.74451147732806, 30.274393581635422], [-97.74452512682176, 30.274357299278076], [-97.74451147732806, 30.27432101692073], [-97.74447574248961, 30.274298593190696], [-97.74443157180013, 30.274298593190696], [-97.74439583696169, 30.27432101692073], [-97.74438218746799, 30.274357299278076]]]}}, {"type": "Feature", "properties": {"kind": "street", "radius_m": 7.1, "source": "snapshot"}, "geometry": {"type": "Polygon", "coordinates": [[[-97.74402711535203, 30.274350703974598], [-97.74404128209643, 30.274388361260236], [-97.74407837111481, 30.27441163474268], [-97.74412421566275, 30.27441163474268], [-97.74416130468113, 30.274388361260236], [-97.74417547142554, 30.274350703974598], [-97.74416130468113, 30.27431304668896], [-97.74412421566275, 30.274289773206515], [-97.74407837111481, 30.274289773206515], [-97.74404128209643, 30.27431304668896], [-97.74402711535203, 30.274350703974598]]]}}, {"type": "Feature", "properties": {"kind": "street", "radius_m": 4.5, "source": "snapshot"}, "geometry": {"type": "Polygon", "coordinates": [[[-97.74399832231131, 30.274243417826447], [-97.74400733484867, 30.274267374473357], [-97.74403092997781, 30.274282180495405], [-97.74406009516136, 30.274282180495405], [-97.7440836902905, 30.274267374473357], [-97.74409270282786, 30.274243417826447], [-97.7440836902905, 30.274219461179538], [-97.74406009516136, 30.27420465515749], [-97.74403092997781, 30.27420465515749], [-97.74400733484867, 30.274219461179538], [-97.74399832231131, 30.274243417826447]]]}}, {"type": "Feature", "properties": {"kind": "street", "radius_m": 6.7, "source": "snapshot"}, "geometry": {"type": "Polygon", "coordinates": [[[-97.74361655506108, 30.274238146837646], [-97.7436297989943, 30.274273351155756], [-97.74366447206167, 30.274295108620898], [-97.74370733032991, 30.274295108620898], [-97.74374200339727, 30.274273351155756], [-97.7437552473305, 30.274238146837646], [-97.74374200339727, 30.274202942519537], [-97.74370733032991, 30.274181185054395], [-97.74366447206167, 30.274181185054395], [-97.7436297989943, 30.274202942519537], [-97.74361655506108, 30.274238146837646]]]}}, {"type": "Feature", "properties": {"kind": "street", "radius_m": 6.1, "source": "snapshot"}, "geometry": {"type": "Polygon", "coordinates": [[[-97.74344129680895, 30.274234308708618], [-97.74345339252743, 30.274266460903394], [-97.74348505952952, 30.27428633205258], [-97.74352420209675, 30.27428633205258], [-97.74355586909884, 30.274266460903394], [-97.74356796481732, 30.274234308708618], [-97.74355586909884, 30.27420215651384], [-97.74352420209675, 30.274182285364656], [-97.74348505952952, 30.274182285364656], [-97.74345339252743, 30.27420215651384], [-97.74344129680895, 30.274234308708618]]]}}, {"type": "Feature", "properties": {"kind": "street", "radius_m": 6.6, "source": "snapshot"}, "geometry": {"type": "Polygon", "coordinates": [[[-97.74312157660906, 30.274345611246428], [-97.74313465329928, 30.274380371008046], [-97.74316888851871, 30.274401853722164], [-97.74321120557718, 30.274401853722164], [-97.74324544079661, 30.274380371008046], [-97.74325851748684, 30.274345611246428], [-97.74324544079661, 30.27431085148481], [-97.74321120557718, 30.27428936877069], [-97.74316888851871, 30.27428936877069], [-97.74313465329928, 30.27431085148481], [-97.74312157660906, 30.274345611246428]]]}}, {"type": "Feature", "properties": {"kind": "street", "radius_m": 6.5, "source": "snapshot"}, "geometry": {"type": "Polygon", "coordinates": [[[-97.74291803582128, 30.27436169825073], [-97.74293095981616, 30.274396052125763], [-97.74296479527406, 30.27441728398818], [-97.74300661820006, 30.27441728398818], [-97.74304045365795, 30.274396052125763], [-97.74305337765284, 30.27436169825073], [-97.74304045365795, 30.274327344375696], [-97.74300661820006, 30.27430611251328], [-97.74296479527406, 30.27430611251328], [-97.74293095981616, 30.274327344375696], [-97.74291803582128, 30.27436169825073]]]}}, {"type": "Feature", "properties": {"kind": "street", "radius_m": 6.1, "source": "snapshot"}, "geometry": {"type": "Polygon", "coordinates": [[[-97.74268266510911, 30.274248230138245], [-97.74269469511042, 30.2742802076471], [-97.74272619006267, 30.274299970834445], [-97.74276511996463, 30.274299970834445], [-97.74279661491688, 30.2742802076471], [-97.74280864491818, 30.274248230138245], [-97.74279661491688, 30.27421625262939], [-97.74276511996463, 30.274196489442044], [-97.74272619006267, 30.274196489442044], [-97.74269469511042, 30.27421625262939], [-97.74268266510911, 30.274248230138245]]]}}, {"type": "Feature", "properties": {"kind": "street", "radius_m": 5.6, "source": "snapshot"}, "geometry": {"type": "Polygon", "coordinates": [[[-97.74219795440645, 30.274361903312542], [-97.7422090600347, 30.274391423702184], [-97.7422381349469, 30.274409668306347], [-97.74227407351485, 30.274409668306347], [-97.74230314842706, 30.274391423702184], [-97.7423142540553, 30.274361903312542], [-97.74230314842706, 30.2743323829229], [-97.74227407351485, 30.274314138318736], [-97.7422381349469, 30.274314138318736], [-97.7422090600347, 30.2743323829229], [-97.74219795440645, 30.274361903312542]]]}}, {"type": "Feature", "properties": {"kind": "street", "radius_m": 5.6, "source": "snapshot"}, "geometry": {"type": "Polygon", "coordinates": [[[-97.74217417388294, 30.274233711605692], [-97.74218527618365, 30.274263223150243], [-97.74221434238424, 30.274281462287835], [-97.74225027018403, 30.274281462287835], [-97.74227933638463, 30.274263223150243], [-97.74229043868533, 30.274233711605692], [-97.74227933638463, 30.274204200061142], [-97.74225027018403, 30.27418596092355], [-97.74221434238424, 30.27418596092355], [-97.74218527618365, 30.274204200061142], [-97.74217417388294, 30.274233711605692]]]}}, {"type": "Feature", "properties": {"kind": "street", "radius_m": 5.8, "source": "snapshot"}, "geometry": {"type": "Polygon", "coordinates": [[[-97.74152222250127, 30.274348742573153], [-97.74153372555035, 30.2743793193657], [-97.74156384092383, 30.274398216862764], [-97.7416010655726, 30.274398216862764], [-97.74163118094607, 30.2743793193657], [-97.74164268399515, 30.274348742573153], [-97.74163118094607, 30.274318165780606], [-97.7416010655726, 30.274299268283542], [-97.74156384092383, 30.274299268283542], [-97.74153372555035, 30.274318165780606], [-97.74152222250127, 30.274348742573153]]]}}, {"type": "Feature", "properties": {"kind": "street", "radius_m": 4.7, "source": "snapshot"}, "geometry": {"type": "Polygon", "coordinates": [[[-97.74148287866565, 30.274243771831323], [-97.74149221595714, 30.274268591722358], [-97.7415166613036, 30.274283931258616], [-97.7415468774136, 30.274283931258616], [-97.74157132276007, 30.274268591722358], [-97.74158066005155, 30.274243771831323], [-97.74157132276007, 30.274218951940288], [-97.7415468774136, 30.27420361240403], [-97.7415166613036, 30.27420361240403], [-97.74149221595714, 30.274218951940288], [-97.74148287866565, 30.274243771831323]]]}}, {"type": "Feature", "properties": {"kind": "street", "radius_m": 7.7, "source": "snapshot"}, "geometry": {"type": "Polygon", "coordinates": [[[-97.7406449999062, 30.27434569009512], [-97.74066025495704, 30.274386240258977], [-97.74070019319866, 30.27441130163849], [-97.74074955958021, 30.27441130163849], [-97.74078949782184, 30.274386240258977], [-97.74080475287268, 30.27434569009512], [-97.74078949782184, 30.274305139931265], [-97.74074955958021, 30.27428007855175], [-97.74070019319866, 30.27428007855175], [-97.74066025495704, 30.274305139931265], [-97.7406449999062, 30.27434569009512]]]}}, {"type": "Feature", "properties": {"kind": "street", "radius_m": 7.9, "source": "snapshot"}, "geometry": {"type": "Polygon", "coordinates": [[[-97.74041842724282, 30.27424157761034], [-97.74043419275979, 30.27428348466806], [-97.74047546741907, 30.274309384654103], [-97.74052648570368, 30.274309384654103], [-97.74056776036296, 30.27428348466806], [-97.74058352587994, 30.27424157761034], [-97.74056776036296, 30.27419967055262], [-97.74052648570368, 30.274173770566577], [-97.74047546741907, 30.274173770566577], [-97.74043419275979, 30.27419967055262], [-97.74041842724282, 30.27424157761034]]]}}, {"type": "Feature", "properties": {"kind": "street", "radius_m": 6.7, "source": "snapshot"}, "geometry": {"type": "Polygon", "coordinates": [[[-97.74008450876208, 30.274243988211943], [-97.74009773095227, 30.274279134733845], [-97.7401323470956, 30.27430085647897], [-97.74017513500186, 30.27430085647897], [-97.74020975114519, 30.274279134733845], [-97.74022297333538, 30.274243988211943], [-97.74020975114519, 30.27420884169004], [-97.74017513500186, 30.274187119944916], [-97.7401323470956, 30.274187119944916], [-97.74009773095227, 30.27420884169004], [-97.74008450876208, 30.274243988211943]]]}}, {"type": "Feature", "properties": {"kind": "street", "radius_m": 7.3, "source": "snapshot"}, "geometry": {"type": "Polygon", "coordinates": [[[-97.73978926567969, 30.27434479734064], [-97.73980369124814, 30.274383142618575], [-97.73984145787668, 30.274406841303648], [-97.73988813999682, 30.274406841303648], [-97.73992590662536, 30.274383142618575], [-97.73994033219381, 30.27434479734064], [-97.73992590662536, 30.274306452062703], [-97.73988813999682, 30.27428275337763], [-97.73984145787668, 30.27428275337763], [-97.73980369124814, 30.274306452062703], [-97.73978926567969, 30.27434479734064]]]}}, {"type": "Feature", "properties": {"kind": "street", "radius_m": 5.3, "source": "snapshot"}, "geometry": {"type": "Polygon", "coordinates": [[[-97.73963587125053, 30.27434633684553], [-97.73964636060599, 30.27437421909165], [-97.73967382209507, 30.274391451267437], [-97.73970776636237, 30.274391451267437], [-97.73973522785145, 30.27437421909165], [-97.73974571720692, 30.27434633684553], [-97.73973522785145, 30.274318454599406], [-97.73970776636237, 30.27430122242362], [-97.73967382209507, 30.27430122242362], [-97.73964636060599, 30.274318454599406], [-97.73963587125053, 30.27434633684553]]]}}, {"type": "Feature", "properties": {"kind": "street", "radius_m": 7.1, "source": "snapshot"}, "geometry": {"type": "Polygon", "coordinates": [[[-97.73943240459604, 30.274357238232597], [-97.7394464505274, 30.274394574379393], [-97.73948322325309, 30.27441764938712], [-97.73952867684174, 30.27441764938712], [-97.73956544956744, 30.274394574379393], [-97.73957949549879, 30.274357238232597], [-97.73956544956744, 30.2743199020858], [-97.73952867684174, 30.27429682707807], [-97.73948322325309, 30.27429682707807], [-97.7394464505274, 30.2743199020858], [-97.73943240459604, 30.274357238232597]]]}}, {"type": "Feature", "properties": {"kind": "street", "radius_m": 5.1, "source": "snapshot"}, "geometry": {"type": "Polygon", "coordinates": [[[-97.73892659202924, 30.2743603687043], [-97.73893681176672, 30.274387534266285], [-97.7389635673868, 30.274404323506914], [-97.73899663915199, 30.274404323506914], [-97.73902339477208, 30.274387534266285], [-97.73903361450955, 30.2743603687043], [-97.73902339477208, 30.274333203142316], [-97.73899663915199, 30.274316413901687], [-97.7389635673868, 30.274316413901687], [-97.73893681176672, 30.274333203142316], [-97.73892659202924, 30.2743603687043]]]}}, {"type": "Feature", "properties": {"kind": "street", "radius_m": 4.9, "source": "snapshot"}, "geometry": {"type": "Polygon", "coordinates": [[[-97.73859989783081, 30.27434241100854], [-97.73860963746897, 30.274368300396084], [-97.73863513617272, 30.274384300917532], [-97.7386666543039, 30.274384300917532], [-97.73869215300765, 30.274368300396084], [-97.7387018926458, 30.27434241100854], [-97.73869215300765, 30.274316521620996], [-97.7386666543039, 30.274300521099548], [-97.73863513617272, 30.274300521099548], [-97.73860963746897, 30.274316521620996], [-97.73859989783081, 30.27434241100854]]]}}, {"type": "Feature", "properties": {"kind": "street", "radius_m": 7.2, "source": "snapshot"}, "geometry": {"type": "Polygon", "coordinates": [[[-97.73850319806475, 30.274254336953526], [-97.73851745914887, 30.274292245007928], [-97.73855479515179, 30.274315673473993], [-97.73860094498939, 30.274315673473993], [-97.7386382809923, 30.274292245007928], [-97.73865254207642, 30.274254336953526], [-97.7386382809923, 30.274216428899123], [-97.73860094498939, 30.27419300043306], [-97.73855479515179, 30.27419300043306], [-97.73851745914887, 30.274216428899123], [-97.73850319806475, 30.274254336953526]]]}}, {"type": "Feature", "properties": {"kind": "street", "radius_m": 5.1, "source": "snapshot"}, "geometry": {"type": "Polygon", "coordinates": [[[-97.73824912593832, 30.27434122400934], [-97.73825927547117, 30.274368202957106], [-97.73828584729313, 30.27438487686381], [-97.73831869187137, 30.27438487686381], [-97.73834526369333, 30.274368202957106], [-97.73835541322617, 30.27434122400934], [-97.73834526369333, 30.274314245061575], [-97.73831869187137, 30.27429757115487], [-97.73828584729313, 30.27429757115487], [-97.73825927547117, 30.274314245061575], [-97.73824912593832, 30.27434122400934]]]}}, {"type": "Feature", "properties": {"kind": "street", "radius_m": 4.6, "source": "snapshot"}, "geometry": {"type": "Polygon", "coordinates": [[[-97.73771330724206, 30.27435536754281], [-97.73772239545963, 30.274379525358793], [-97.7377461887221, 30.274394455710166], [-97.73777559881191, 30.274394455710166], [-97.73779939207438, 30.274379525358793], [-97.73780848029195, 30.27435536754281], [-97.73779939207438, 30.274331209726828], [-97.73777559881191, 30.274316279375455], [-97.7377461887221, 30.274316279375455], [-97.73772239545963, 30.274331209726828], [-97.73771330724206, 30.27435536754281]]]}}, {"type": "Feature", "properties": {"kind": "street", "radius_m": 7.3, "source": "snapshot"}, "geometry": {"type": "Polygon", "coordinates": [[[-97.73715658891018, 30.274358680894153], [-97.7371710021221, 30.274396993326594], [-97.73720873640079, 30.274420671712033], [-97.73725537853434, 30.274420671712033], [-97.73729311281303, 30.274396993326594], [-97.73730752602495, 30.274358680894153], [-97.73729311281303, 30.274320368461712], [-97.73725537853434, 30.274296690076273], [-97.73720873640079, 30.274296690076273], [-97.7371710021221, 30.274320368461712], [-97.73715658891018, 30.274358680894153]]]}}, {"type": "Feature", "properties": {"kind": "street", "radius_m": 5.3, "source": "snapshot"}, "geometry": {"type": "Polygon", "coordinates": [[[-97.73699344012908, 30.2743656516557], [-97.73700404854326, 30.274393850377372], [-97.73703182173212, 30.274411278145802], [-97.73706615128152, 30.274411278145802], [-97.73709392447039, 30.274393850377372], [-97.73710453288456, 30.2743656516557], [-97.73709392447039, 30.274337452934027], [-97.73706615128152, 30.274320025165597], [-97.73703182173212, 30.274320025165597], [-97.73700404854326, 30.274337452934027], [-97.73699344012908, 30.2743656516557]]]}}, {"type": "Feature", "properties": {"kind": "street", "radius_m": 7.3, "source": "snapshot"}, "geometry": {"type": "Polygon", "coordinates": [[[-97.73549556983066, 30.274255683644114], [-97.73551003507458, 30.274294134385222], [-97.73554790557479, 30.27431789825012], [-97.73559471608739, 30.27431789825012], [-97.7356325865876, 30.274294134385222], [-97.73564705183152, 30.274255683644114], [-97.7356325865876, 30.274217232903005], [-97.73559471608739, 30.274193469038106], [-97.73554790557479, 30.274193469038106], [-97.73551003507458, 30.274217232903005], [-97.73549556983066, 30.274255683644114]]]}}, {"type": "Feature", "properties": {"kind": "street", "radius_m": 6.6, "source": "snapshot"}, "geometry": {"type": "Polygon", "coordinates": [[[-97.7352127654398, 30.274350616120987], [-97.73522587254017, 30.27438545671729], [-97.73526018737448, 30.274406989389995], [-97.7353026028423, 30.274406989389995], [-97.7353369176766, 30.27438545671729], [-97.73535002477698, 30.274350616120987], [-97.7353369176766, 30.274315775524684], [-97.7353026028423, 30.27429424285198], [-97.73526018737448, 30.27429424285198], [-97.73522587254017, 30.274315775524684], [-97.7352127654398, 30.274350616120987]]]}}, {"type": "Feature", "properties": {"kind": "street", "radius_m": 5.2, "source": "snapshot"}, "geometry": {"type": "Polygon", "coordinates": [[[-97.73497455748914, 30.2742583310674], [-97.73498481099895, 30.274285586401188], [-97.73501165503613, 30.274302431123843], [-97.73504483609086, 30.274302431123843], [-97.73507168012804, 30.274285586401188], [-97.73508193363786, 30.2742583310674], [-97.73507168012804, 30.274231075733613], [-97.73504483609086, 30.27421423101096], [-97.73501165503613, 30.27421423101096], [-97.73498481099895, 30.274231075733613], [-97.73497455748914, 30.2742583310674]]]}}, {"type": "Feature", "properties": {"kind": "street", "radius_m": 7.6, "source": "snapshot"}, "geometry": {"type": "Polygon", "coordinates": [[[-97.73426988721839, 30.27425814070315], [-97.73428489442513, 30.274298032060997], [-97.73432418380246, 30.274322686276005], [-97.73437274814363, 30.274322686276005], [-97.73441203752095, 30.274298032060997], [-97.7344270447277, 30.27425814070315], [-97.73441203752095, 30.274218249345303], [-97.73437274814363, 30.274193595130296], [-97.73432418380246, 30.274193595130296], [-97.73428489442513, 30.274218249345303], [-97.73426988721839, 30.27425814070315]]]}}, {"type": "Feature", "properties": {"kind": "street", "radius_m": 6.8, "source": "snapshot"}, "geometry": {"type": "Polygon", "coordinates": [[[-97.73331303127691, 30.274342617886322], [-97.7333265830042, 30.274378640366205], [-97.73336206188685, 30.27440090348313], [-97.7334059161976, 30.27440090348313], [-97.73344139508025, 30.274378640366205], [-97.73345494680754, 30.274342617886322], [-97.73344139508025, 30.27430659540644], [-97.7334059161976, 30.274284332289515], [-97.73336206188685, 30.274284332289515], [-97.7333265830042, 30.27430659540644], [-97.73331303127691, 30.274342617886322]]]}}, {"type": "Feature", "properties": {"kind": "street", "radius_m": 6.8, "source": "snapshot"}, "geometry": {"type": "Polygon", "coordinates": [[[-97.73324238747148, 30.274245869193173], [-97.73325581106168, 30.27428155106586], [-97.73329095447708, 30.274303603675968], [-97.73333439412748, 30.274303603675968], [-97.73336953754288, 30.27428155106586], [-97.73338296113309, 30.274245869193173], [-97.73336953754288, 30.274210187320485], [-97.73333439412748, 30.27418813471038], [-97.73329095447708, 30.27418813471038], [-97.73325581106168, 30.274210187320485], [-97.73324238747148, 30.274245869193173]]]}}, {"type": "Feature", "properties": {"kind": "street", "radius_m": 7.0, "source": "snapshot"}, "geometry": {"type": "Polygon", "coordinates": [[[-97.73233561408645, 30.274249500214122], [-97.73234952836509, 30.274286486408684], [-97.7323859564195, 30.27430934513404], [-97.73243098397103, 30.27430934513404], [-97.73246741202544, 30.274286486408684], [-97.73248132630408, 30.274249500214122], [-97.73246741202544, 30.27421251401956], [-97.73243098397103, 30.274189655294204], [-97.7323859564195, 30.274189655294204], [-97.73234952836509, 30.27421251401956], [-97.73233561408645, 30.274249500214122]]]}}, {"type": "Feature", "properties": {"kind": "street", "radius_m": 6.5, "source": "snapshot"}, "geometry": {"type": "Polygon", "coordinates": [[[-97.73199125177507, 30.274248770767052], [-97.73200425065068, 30.274283323686017], [-97.73203828214884, 30.27430467856435], [-97.73208034739392, 30.27430467856435], [-97.73211437889208, 30.274283323686017], [-97.73212737776768, 30.274248770767052], [-97.73211437889208, 30.274214217848087], [-97.73208034739392, 30.274192862969755], [-97.73203828214884, 30.274192862969755], [-97.73200425065068, 30.274214217848087], [-97.73199125177507, 30.274248770767052]]]}}, {"type": "Feature", "properties": {"kind": "street", "radius_m": 7.5, "source": "snapshot"}, "geometry": {"type": "Polygon", "coordinates": [[[-97.73169311977351, 30.27434634009026], [-97.7317080596586, 30.274386052497288], [-97.73174717278556, 30.274410596114603], [-97.7317955192693, 30.274410596114603], [-97.73183463239626, 30.274386052497288], [-97.73184957228135, 30.27434634009026], [-97.73183463239626, 30.274306627683234], [-97.7317955192693, 30.27428208406592], [-97.73174717278556, 30.27428208406592], [-97.7317080596586, 30.274306627683234], [-97.73169311977351, 30.27434634009026]]]}}, {"type": "Feature", "properties": {"kind": "street", "radius_m": 6.5, "source": "snapshot"}, "geometry": {"type": "Polygon", "coordinates": [[[-97.7316387482912, 30.27425132952651], [-97.73165165948154, 30.27428564936517], [-97.73168546141669, 30.27430686019195], [-97.7317272429063, 30.27430686019195], [-97.73176104484145, 30.27428564936517], [-97.73177395603179, 30.27425132952651], [-97.73176104484145, 30.274217009687852], [-97.7317272429063, 30.274195798861072], [-97.73168546141669, 30.274195798861072], [-97.73165165948154, 30.274217009687852], [-97.7316387482912, 30.27425132952651]]]}}, {"type": "Feature", "properties": {"kind": "street", "radius_m": 4.8, "source": "snapshot"}, "geometry": {"type": "Polygon", "coordinates": [[[-97.73118615406953, 30.27435526101259], [-97.73119567706304, 30.274380574526873], [-97.73122060858374, 30.27439621913907], [-97.73125142563812, 30.27439621913907], [-97.73127635715882, 30.274380574526873], [-97.73128588015233, 30.27435526101259], [-97.73127635715882, 30.27432994749831], [-97.73125142563812, 30.27431430288611], [-97.73122060858374, 30.27431430288611], [-97.73119567706304, 30.27432994749831], [-97.73118615406953, 30.27435526101259]]]}}, {"type": "Feature", "properties": {"kind": "street", "radius_m": 6.1, "source": "snapshot"}, "geometry": {"type": "Polygon", "coordinates": [[[-97.73111903339674, 30.27425010128589], [-97.73113120681762, 30.274282460025074], [-97.73116307724726, 30.27430245882572], [-97.73120247126477, 30.27430245882572], [-97.7312343416944, 30.274282460025074], [-97.73124651511529, 30.27425010128589], [-97.7312343416944, 30.274217742546707], [-97.73120247126477, 30.27419774374606], [-97.73116307724726, 30.27419774374606], [-97.73113120681762, 30.274217742546707], [-97.73111903339674, 30.27425010128589]]]}}, {"type": "Feature", "properties": {"kind": "street", "radius_m": 7.3, "source": "snapshot"}, "geometry": {"type": "Polygon", "coordinates": [[[-97.73063751626859, 30.274353024191218], [-97.73065204829965, 30.27439165246238], [-97.73069009365089, 30.274415526046884], [-97.73073712029127, 30.274415526046884], [-97.73077516564251, 30.27439165246238], [-97.73078969767357, 30.274353024191218], [-97.73077516564251, 30.274314395920054], [-97.73073712029127, 30.27429052233555], [-97.73069009365089, 30.27429052233555], [-97.73065204829965, 30.274314395920054], [-97.73063751626859, 30.274353024191218]]]}}, {"type": "Feature", "properties": {"kind": "street", "radius_m": 5.3, "source": "snapshot"}, "geometry": {"type": "Polygon", "coordinates": [[[-97.75470594995421, 30.274350728645167], [-97.75471651415438, 30.274378809839533], [-97.7547441715895, 30.274396164972096], [-97.75477835805938, 30.274396164972096], [-97.7548060154945, 30.274378809839533], [-97.75481657969466, 30.274350728645167], [-97.7548060154945, 30.274322647450802], [-97.75477835805938, 30.27430529231824], [-97.7547441715895, 30.27430529231824], [-97.75471651415438, 30.274322647450802], [-97.75470594995421, 30.274350728645167]]]}}, {"type": "Feature", "properties": {"kind": "street", "radius_m": 6.3, "source": "snapshot"}, "geometry": {"type": "Polygon", "coordinates": [[[-97.75444390443981, 30.27425735487304], [-97.75445640836291, 30.27429059213561], [-97.75448914405858, 30.27431113389357], [-97.75452960760371, 30.27431113389357], [-97.75456234329938, 30.27429059213561], [-97.75457484722249, 30.27425735487304], [-97.75456234329938, 30.27422411761047], [-97.75452960760371, 30.27420357585251], [-97.75448914405858, 30.27420357585251], [-97.75445640836291, 30.27422411761047], [-97.75444390443981, 30.27425735487304]]]}}, {"type": "Feature", "properties": {"kind": "street", "radius_m": 5.2, "source": "snapshot"}, "geometry": {"type": "Polygon", "coordinates": [[[-97.75363687362642, 30.2743423468023], [-97.7536472050339, 30.274369809199513], [-97.75367425300982, 30.274386781894403], [-97.7537076861467, 30.274386781894403], [-97.75373473412262, 30.274369809199513], [-97.7537450655301, 30.2743423468023], [-97.75373473412262, 30.274314884405086], [-97.7537076861467, 30.274297911710196], [-97.75367425300982, 30.274297911710196], [-97.7536472050339, 30.274314884405086], [-97.75363687362642, 30.2743423468023]]]}}, {"type": "Feature", "properties": {"kind": "street", "radius_m": 7.4, "source": "snapshot"}, "geometry": {"type": "Polygon", "coordinates": [[[-97.75342642928227, 30.274349296836846], [-97.75344103820903, 30.27438812950806], [-97.75347928487584, 30.274412129418746], [-97.75352656035592, 30.274412129418746], [-97.75356480702273, 30.27438812950806], [-97.75357941594949, 30.274349296836846], [-97.75356480702273, 30.27431046416563], [-97.75352656035592, 30.274286464254946], [-97.75347928487584, 30.274286464254946], [-97.75344103820903, 30.27431046416563], [-97.75342642928227, 30.274349296836846]]]}}, {"type": "Feature", "properties": {"kind": "street", "radius_m": 8.0, "source": "snapshot"}, "geometry": {"type": "Polygon", "coordinates": [[[-97.73038567283567, 30.274240559397118], [-97.73040155294095, 30.274282771047393], [-97.73044312759633, 30.27430885928198], [-97.73049451669651, 30.27430885928198], [-97.7305360913519, 30.274282771047393], [-97.73055197145717, 30.274240559397118], [-97.7305360913519, 30.274198347746843], [-97.73049451669651, 30.274172259512255], [-97.73044312759633, 30.274172259512255], [-97.73040155294095, 30.274198347746843], [-97.73038567283567, 30.274240559397118]]]}}, {"type": "Feature", "properties": {"kind": "street", "radius_m": 6.1, "source": "snapshot"}, "geometry": {"type": "Polygon", "coordinates": [[[-97.75259305391059, 30.275151505367806], [-97.75260510391772, 30.275183536055124], [-97.75263665124596, 30.275203332108568], [-97.75267564588817, 30.275203332108568], [-97.75270719321642, 30.275183536055124], [-97.75271924322355, 30.275151505367806], [-97.75270719321642, 30.275119474680487], [-97.75267564588817, 30.275099678627043], [-97.75263665124596, 30.275099678627043], [-97.75260510391772, 30.275119474680487], [-97.75259305391059, 30.275151505367806]]]}}, {"type": "Feature", "properties": {"kind": "street", "radius_m": 6.0, "source": "snapshot"}, "geometry": {"type": "Polygon", "coordinates": [[[-97.75087840501331, 30.275251136506068], [-97.75089031998034, 30.275282808236977], [-97.750921513769, 30.275302382443165], [-97.75096007141228, 30.275302382443165], [-97.75099126520094, 30.275282808236977], [-97.75100318016797, 30.275251136506068], [-97.75099126520094, 30.27521946477516], [-97.75096007141228, 30.27519989056897], [-97.750921513769, 30.27519989056897], [-97.75089031998034, 30.27521946477516], [-97.75087840501331, 30.275251136506068]]]}}, {"type": "Feature", "properties": {"kind": "street", "radius_m": 5.9, "source": "snapshot"}, "geometry": {"type": "Polygon", "coordinates": [[[-97.7489163428672, 30.27515451365742], [-97.74892805444361, 30.27518564474622], [-97.74895871574873, 30.275204884817203], [-97.74899661520612, 30.275204884817203], [-97.74902727651124, 30.27518564474622], [-97.74903898808765, 30.27515451365742], [-97.74902727651124, 30.27512338256862], [-97.74899661520612, 30.275104142497636], [-97.74895871574873, 30.275104142497636], [-97.74892805444361, 30.27512338256862], [-97.7489163428672, 30.27515451365742]]]}}, {"type": "Feature", "properties": {"kind": "street", "radius_m": 5.2, "source": "snapshot"}, "geometry": {"type": "Polygon", "coordinates": [[[-97.74874374591415, 30.275147449552584], [-97.74875417331883, 30.27517516712445], [-97.74878147261869, 30.275192297525948], [-97.74881521640906, 30.275192297525948], [-97.74884251570892, 30.27517516712445], [-97.74885294311359, 30.275147449552584], [-97.74884251570892, 30.27511973198072], [-97.74881521640906, 30.27510260157922], [-97.74878147261869, 30.27510260157922], [-97.74875417331883, 30.27511973198072], [-97.74874374591415, 30.275147449552584]]]}}, {"type": "Feature", "properties": {"kind": "street", "radius_m": 6.1, "source": "snapshot"}, "geometry": {"type": "Polygon", "coordinates": [[[-97.74822259861418, 30.275265846766114], [-97.74823475697195, 30.27529816546536], [-97.74826658796589, 30.27531813951997], [-97.74830593323817, 30.27531813951997], [-97.7483377642321, 30.27529816546536], [-97.74834992258988, 30.275265846766114], [-97.7483377642321, 30.275233528066867], [-97.74830593323817, 30.275213554012257], [-97.74826658796589, 30.275213554012257], [-97.74823475697195, 30.275233528066867], [-97.74822259861418, 30.275265846766114]]]}}, {"type": "Feature", "properties": {"kind": "street", "radius_m": 5.3, "source": "snapshot"}, "geometry": {"type": "Polygon", "coordinates": [[[-97.74799218774216, 30.275148280255593], [-97.7480027290412, 30.275176300575406], [-97.7480303265204, 30.275193618085428], [-97.74806443888068, 30.275193618085428], [-97.74809203635986, 30.275176300575406], [-97.74810257765891, 30.275148280255593], [-97.74809203635986, 30.27512025993578], [-97.74806443888068, 30.275102942425757], [-97.7480303265204, 30.275102942425757], [-97.7480027290412, 30.27512025993578], [-97.74799218774216, 30.275148280255593]]]}}, {"type": "Feature", "properties": {"kind": "street", "radius_m": 6.3, "source": "snapshot"}, "geometry": {"type": "Polygon", "coordinates": [[[-97.74718154284895, 30.27515894969888], [-97.74719414513838, 30.27519244843358], [-97.74722713836043, 30.275213151790204], [-97.7472679202257, 30.275213151790204], [-97.74730091344775, 30.27519244843358], [-97.74731351573718, 30.27515894969888], [-97.74730091344775, 30.275125450964183], [-97.7472679202257, 30.275104747607557], [-97.74722713836043, 30.275104747607557], [-97.74719414513838, 30.275125450964183], [-97.74718154284895, 30.27515894969888]]]}}, {"type": "Feature", "properties": {"kind": "street", "radius_m": 5.8, "source": "snapshot"}, "geometry": {"type": "Polygon", "coordinates": [[[-97.74686356496585, 30.275266096951466], [-97.7468750059869, 30.275296508864397], [-97.74690495896887, 30.27531530446025], [-97.7469419828907, 30.27531530446025], [-97.74697193587268, 30.275296508864397], [-97.74698337689372, 30.275266096951466], [-97.74697193587268, 30.275235685038535], [-97.7469419828907, 30.27521688944268], [-97.74690495896887, 30.27521688944268], [-97.7468750059869, 30.275235685038535], [-97.74686356496585, 30.275266096951466]]]}}, {"type": "Feature", "properties": {"kind": "street", "radius_m": 4.9, "source": "snapshot"}, "geometry": {"type": "Polygon", "coordinates": [[[-97.7458082711359, 30.275149048612654], [-97.74581795816395, 30.275174798154787], [-97.74584331913263, 30.27519071224702], [-97.74587466701388, 30.27519071224702], [-97.74590002798256, 30.275174798154787], [-97.74590971501061, 30.275149048612654], [-97.74590002798256, 30.275123299070522], [-97.74587466701388, 30.275107384978288], [-97.74584331913263, 30.275107384978288], [-97.74581795816395, 30.275123299070522], [-97.7458082711359, 30.275149048612654]]]}}, {"type": "Feature", "properties": {"kind": "street", "radius_m": 6.3, "source": "snapshot"}, "geometry": {"type": "Polygon", "coordinates": [[[-97.74524500894636, 30.275255772053864], [-97.74525750237953, 30.27528898143268], [-97.74529021061223, 30.275309505957534], [-97.74533064021126, 30.275309505957534], [-97.74536334844396, 30.27528898143268], [-97.74537584187713, 30.275255772053864], [-97.74536334844396, 30.275222562675047], [-97.74533064021126, 30.275202038150194], [-97.74529021061223, 30.275202038150194], [-97.74525750237953, 30.275222562675047], [-97.74524500894636, 30.275255772053864]]]}}, {"type": "Feature", "properties": {"kind": "street", "radius_m": 4.6, "source": "snapshot"}, "geometry": {"type": "Polygon", "coordinates": [[[-97.74515258796997, 30.275156764826338], [-97.74516165413097, 30.27518086401275], [-97.74518538964861, 30.27519575812905], [-97.7452147283619, 30.27519575812905], [-97.74523846387955, 30.27518086401275], [-97.74524753004054, 30.275156764826338], [-97.74523846387955, 30.275132665639926], [-97.7452147283619, 30.275117771523625], [-97.74518538964861, 30.275117771523625], [-97.74516165413097, 30.275132665639926], [-97.74515258796997, 30.275156764826338]]]}}, {"type": "Feature", "properties": {"kind": "street", "radius_m": 5.1, "source": "snapshot"}, "geometry": {"type": "Polygon", "coordinates": [[[-97.7442462643829, 30.27515770325991], [-97.74425633072954, 30.275184461086525], [-97.74428268476719, 30.27520099833284], [-97.74431526014918, 30.27520099833284], [-97.74434161418682, 30.275184461086525], [-97.74435168053347, 30.27515770325991], [-97.74434161418682, 30.275130945433297], [-97.74431526014918, 30.275114408186983], [-97.74428268476719, 30.275114408186983], [-97.74425633072954, 30.275130945433297], [-97.7442462643829, 30.27515770325991]]]}}, {"type": "Feature", "properties": {"kind": "street", "radius_m": 4.6, "source": "snapshot"}, "geometry": {"type": "Polygon", "coordinates": [[[-97.7439096161727, 30.27525819897305], [-97.74391878321906, 30.275282566327522], [-97.74394278285797, 30.2752976261808], [-97.74397244804311, 30.2752976261808], [-97.74399644768202, 30.275282566327522], [-97.74400561472838, 30.27525819897305], [-97.74399644768202, 30.275233831618575], [-97.74397244804311, 30.275218771765296], [-97.74394278285797, 30.275218771765296], [-97.74391878321906, 30.275233831618575], [-97.7439096161727, 30.27525819897305]]]}}, {"type": "Feature", "properties": {"kind": "street", "radius_m": 4.8, "source": "snapshot"}, "geometry": {"type": "Polygon", "coordinates": [[[-97.74324296650285, 30.2752635925444], [-97.7432525291695, 30.275289011515692], [-97.74327756455581, 30.27530472130391], [-97.74330850999515, 30.27530472130391], [-97.74333354538146, 30.275289011515692], [-97.74334310804811, 30.2752635925444], [-97.74333354538146, 30.275238173573104], [-97.74330850999515, 30.275222463784885], [-97.74327756455581, 30.275222463784885], [-97.7432525291695, 30.275238173573104], [-97.74324296650285, 30.2752635925444]]]}}, {"type": "Feature", "properties": {"kind": "street", "radius_m": 4.6, "source": "snapshot"}, "geometry": {"type": "Polygon", "coordinates": [[[-97.74303822249458, 30.275254881055137], [-97.74304743447252, 30.275279367844384], [-97.74307155174388, 30.275294501512416], [-97.7431013623307, 30.275294501512416], [-97.74312547960207, 30.275279367844384], [-97.74313469158001, 30.275254881055137], [-97.74312547960207, 30.27523039426589], [-97.7431013623307, 30.275215260597857], [-97.74307155174388, 30.275215260597857], [-97.74304743447252, 30.27523039426589], [-97.74303822249458, 30.275254881055137]]]}}, {"type": "Feature", "properties": {"kind": "street", "radius_m": 5.9, "source": "snapshot"}, "geometry": {"type": "Polygon", "coordinates": [[[-97.74219146154016, 30.275245966861437], [-97.74220321971887, 30.275277221825977], [-97.74223400303038, 30.27529653845638], [-97.74227205329598, 30.27529653845638], [-97.74230283660748, 30.275277221825977], [-97.7423145947862, 30.275245966861437], [-97.74230283660748, 30.275214711896897], [-97.74227205329598, 30.275195395266493], [-97.74223400303038, 30.275195395266493], [-97.74220321971887, 30.275214711896897], [-97.74219146154016, 30.275245966861437]]]}}, {"type": "Feature", "properties": {"kind": "street", "radius_m": 4.6, "source": "snapshot"}, "geometry": {"type": "Polygon", "coordinates": [[[-97.7408548287618, 30.2752406245951], [-97.74086402169833, 30.27526506076947], [-97.74088808911861, 30.275280163155788], [-97.74091783808615, 30.275280163155788], [-97.74094190550643, 30.27526506076947], [-97.74095109844296, 30.2752406245951], [-97.74094190550643, 30.27521618842073], [-97.74091783808615, 30.27520108603441], [-97.74088808911861, 30.27520108603441], [-97.74086402169833, 30.27521618842073], [-97.7408548287618, 30.2752406245951]]]}}, {"type": "Feature", "properties": {"kind": "street", "radius_m": 5.9, "source": "snapshot"}, "geometry": {"type": "Polygon", "coordinates": [[[-97.73886433438392, 30.275264166207513], [-97.7388760553968, 30.27529532237984], [-97.73890674140691, 30.275314577953296], [-97.73894467140138, 30.275314577953296], [-97.73897535741149, 30.27529532237984], [-97.73898707842437, 30.275264166207513], [-97.73897535741149, 30.275233010035187], [-97.73894467140138, 30.27521375446173], [-97.73890674140691, 30.27521375446173], [-97.7388760553968, 30.275233010035187], [-97.73886433438392, 30.275264166207513]]]}}, {"type": "Feature", "properties": {"kind": "street", "radius_m": 4.9, "source": "snapshot"}, "geometry": {"type": "Polygon", "coordinates": [[[-97.73861548520324, 30.275143055313197], [-97.73862511974112, 30.27516866532877], [-97.73865034328875, 30.275184493188846], [-97.73868152130828, 30.275184493188846], [-97.73870674485592, 30.27516866532877], [-97.7387163793938, 30.275143055313197], [-97.73870674485592, 30.275117445297624], [-97.73868152130828, 30.27510161743755], [-97.73865034328875, 30.27510161743755], [-97.73862511974112, 30.275117445297624], [-97.73861548520324, 30.275143055313197]]]}}, {"type": "Feature", "properties": {"kind": "street", "radius_m": 5.4, "source": "snapshot"}, "geometry": {"type": "Polygon", "coordinates": [[[-97.7384185577144, 30.275135322548863], [-97.7384293153698, 30.275163917975625], [-97.73845747927727, 30.275181590921285], [-97.73849229178144, 30.275181590921285], [-97.73852045568891, 30.275163917975625], [-97.73853121334432, 30.275135322548863], [-97.73852045568891, 30.2751067271221], [-97.73849229178144, 30.27508905417644], [-97.73845747927727, 30.27508905417644], [-97.7384293153698, 30.2751067271221], [-97.7384185577144, 30.275135322548863]]]}}, {"type": "Feature", "properties": {"kind": "street", "radius_m": 6.4, "source": "snapshot"}, "geometry": {"type": "Polygon", "coordinates": [[[-97.73786897730086, 30.275255747806305], [-97.73788167312256, 30.27528949516351], [-97.73791491121528, 30.275310352177293], [-97.73795599575732, 30.275310352177293], [-97.73798923385004, 30.27528949516351], [-97.73800192967174, 30.275255747806305], [-97.73798923385004, 30.2752220004491], [-97.73795599575732, 30.275201143435318], [-97.73791491121528, 30.275201143435318], [-97.73788167312256, 30.2752220004491], [-97.73786897730086, 30.275255747806305]]]}}, {"type": "Feature", "properties": {"kind": "street", "radius_m": 5.8, "source": "snapshot"}, "geometry": {"type": "Polygon", "coordinates": [[[-97.7376661631791, 30.275263884466188], [-97.7376775972235, 30.275294277834167], [-97.73770753194037, 30.27531306196861], [-97.73774453328531, 30.27531306196861], [-97.73777446800219, 30.275294277834167], [-97.73778590204658, 30.275263884466188], [-97.73777446800219, 30.27523349109821], [-97.73774453328531, 30.275214706963766], [-97.73770753194037, 30.275214706963766], [-97.7376775972235, 30.27523349109821], [-97.7376661631791, 30.275263884466188]]]}}, {"type": "Feature", "properties": {"kind": "street", "radius_m": 5.9, "source": "snapshot"}, "geometry": {"type": "Polygon", "coordinates": [[[-97.73761356353175, 30.275134882420044], [-97.73762537231507, 30.275166271899074], [-97.73765628811118, 30.275185671664], [-97.73769450213673, 30.275185671664], [-97.73772541793285, 30.275166271899074], [-97.73773722671616, 30.275134882420044], [-97.73772541793285, 30.275103492941014], [-97.73769450213673, 30.275084093176087], [-97.73765628811118, 30.275084093176087], [-97.73762537231507, 30.275103492941014], [-97.73761356353175, 30.275134882420044]]]}}, {"type": "Feature", "properties": {"kind": "street", "radius_m": 5.6, "source": "snapshot"}, "geometry": {"type": "Polygon", "coordinates": [[[-97.73740389842071, 30.275146276834967], [-97.73741503347506, 30.275175875443484], [-97.73744418542577, 30.275194168389568], [-97.73748021921855, 30.275194168389568], [-97.73750937116927, 30.275175875443484], [-97.73752050622362, 30.275146276834967], [-97.73750937116927, 30.27511667822645], [-97.73748021921855, 30.275098385280366], [-97.73744418542577, 30.275098385280366], [-97.73741503347506, 30.27511667822645], [-97.73740389842071, 30.275146276834967]]]}}, {"type": "Feature", "properties": {"kind": "street", "radius_m": 5.2, "source": "snapshot"}, "geometry": {"type": "Polygon", "coordinates": [[[-97.73699650162318, 30.275156740265157], [-97.7370067356041, 30.27518394368828], [-97.73703352851398, 30.27520075632838], [-97.7370666463719, 30.27520075632838], [-97.73709343928178, 30.27518394368828], [-97.7371036732627, 30.275156740265157], [-97.73709343928178, 30.275129536842034], [-97.7370666463719, 30.275112724201932], [-97.73703352851398, 30.275112724201932], [-97.7370067356041, 30.275129536842034], [-97.73699650162318, 30.275156740265157]]]}}, {"type": "Feature", "properties": {"kind": "street", "radius_m": 4.6, "source": "snapshot"}, "geometry": {"type": "Polygon", "coordinates": [[[-97.73628907849393, 30.27525406210668], [-97.7362983080813, 30.275278595704386], [-97.73632247145477, 30.275293758301636], [-97.73635233902692, 30.275293758301636], [-97.73637650240039, 30.275278595704386], [-97.73638573198777, 30.27525406210668], [-97.73637650240039, 30.275229528508973], [-97.73635233902692, 30.275214365911722], [-97.73632247145477, 30.275214365911722], [-97.7362983080813, 30.275229528508973], [-97.73628907849393, 30.27525406210668]]]}}, {"type": "Feature", "properties": {"kind": "street", "radius_m": 5.2, "source": "snapshot"}, "geometry": {"type": "Polygon", "coordinates": [[[-97.73499677391948, 30.27515648537414], [-97.73500701225944, 30.275183700384286], [-97.73503381658149, 30.275200520185557], [-97.73506694854562, 30.275200520185557], [-97.73509375286767, 30.275183700384286], [-97.73510399120764, 30.27515648537414], [-97.73509375286767, 30.275129270363994], [-97.73506694854562, 30.275112450562723], [-97.73503381658149, 30.275112450562723], [-97.73500701225944, 30.275129270363994], [-97.73499677391948, 30.27515648537414]]]}}, {"type": "Feature", "properties": {"kind": "street", "radius_m": 6.4, "source": "snapshot"}, "geometry": {"type": "Polygon", "coordinates": [[[-97.73406951708841, 30.27525520378747], [-97.73408223011656, 30.275288996881915], [-97.73411551325631, 30.275309882162865], [-97.73415665347957, 30.275309882162865], [-97.73418993661933, 30.275288996881915], [-97.73420264964747, 30.27525520378747], [-97.73418993661933, 30.275221410693025], [-97.73415665347957, 30.275200525412075], [-97.73411551325631, 30.275200525412075], [-97.73408223011656, 30.275221410693025], [-97.73406951708841, 30.27525520378747]]]}}, {"type": "Feature", "properties": {"kind": "street", "radius_m": 4.8, "source": "snapshot"}, "geometry": {"type": "Polygon", "coordinates": [[[-97.73402205101277, 30.27513746604322], [-97.7340316675253, 30.275163028144767], [-97.73405684388197, 30.275178826392352], [-97.73408796357023, 30.275178826392352], [-97.7341131399269, 30.275163028144767], [-97.73412275643943, 30.27513746604322], [-97.7341131399269, 30.27511190394167], [-97.73408796357023, 30.275096105694086], [-97.73405684388197, 30.275096105694086], [-97.7340316675253, 30.27511190394167], [-97.73402205101277, 30.27513746604322]]]}}, {"type": "Feature", "properties": {"kind": "street", "radius_m": 5.6, "source": "snapshot"}, "geometry": {"type": "Polygon", "coordinates": [[[-97.73347213357391, 30.27524313281857], [-97.73348319644226, 30.275272539546126], [-97.73351215940761, 30.275290713903257], [-97.7335479596016, 30.275290713903257], [-97.73357692256694, 30.275272539546126], [-97.73358798543529, 30.27524313281857], [-97.73357692256694, 30.275213726091014], [-97.7335479596016, 30.275195551733884], [-97.73351215940761, 30.275195551733884], [-97.73348319644226, 30.275213726091014], [-97.73347213357391, 30.27524313281857]]]}}, {"type": "Feature", "properties": {"kind": "street", "radius_m": 4.8, "source": "snapshot"}, "geometry": {"type": "Polygon", "coordinates": [[[-97.73316063307917, 30.27513899777991], [-97.73317018168618, 30.2751643793786], [-97.73319518026386, 30.275180066069286], [-97.73322608020521, 30.275180066069286], [-97.7332510787829, 30.2751643793786], [-97.73326062738991, 30.27513899777991], [-97.7332510787829, 30.275113616181216], [-97.73322608020521, 30.27509792949053], [-97.73319518026386, 30.27509792949053], [-97.73317018168618, 30.275113616181216], [-97.73316063307917, 30.27513899777991]]]}}, {"type": "Feature", "properties": {"kind": "street", "radius_m": 4.9, "source": "snapshot"}, "geometry": {"type": "Polygon", "coordinates": [[[-97.73250566902198, 30.27515864773144], [-97.73251546660435, 30.275184691143195], [-97.73254111700801, 30.27520078685684], [-97.73257282265057, 30.27520078685684], [-97.73259847305422, 30.275184691143195], [-97.7326082706366, 30.27515864773144], [-97.73259847305422, 30.275132604319687], [-97.73257282265057, 30.275116508606043], [-97.73254111700801, 30.275116508606043], [-97.73251546660435, 30.275132604319687], [-97.73250566902198, 30.27515864773144]]]}}, {"type": "Feature", "properties": {"kind": "street", "radius_m": 6.0, "source": "snapshot"}, "geometry": {"type": "Polygon", "coordinates": [[[-97.73087050684444, 30.275241836559186], [-97.7308825142689, 30.275273754055508], [-97.73091395011424, 30.27529348015307], [-97.73095280695604, 30.27529348015307], [-97.73098424280138, 30.275273754055508], [-97.73099625022584, 30.275241836559186], [-97.73098424280138, 30.275209919062863], [-97.73095280695604, 30.2751901929653], [-97.73091395011424, 30.2751901929653], [-97.7308825142689, 30.275209919062863], [-97.73087050684444, 30.275241836559186]]]}}, {"type": "Feature", "properties": {"kind": "street", "radius_m": 6.5, "source": "snapshot"}, "geometry": {"type": "Polygon", "coordinates": [[[-97.75428296113132, 30.275242886806417], [-97.75429583018, 30.275277094626347], [-97.75432952178683, 30.275298236221744], [-97.75437116690314, 30.275298236221744], [-97.75440485850997, 30.275277094626347], [-97.75441772755865, 30.275242886806417], [-97.75440485850997, 30.275208678986488], [-97.75437116690314, 30.27518753739109], [-97.75432952178683, 30.27518753739109], [-97.75429583018, 30.275208678986488], [-97.75428296113132, 30.275242886806417]]]}}, {"type": "Feature", "properties": {"kind": "street", "radius_m": 4.9, "source": "snapshot"}, "geometry": {"type": "Polygon", "coordinates": [[[-97.75420140745013, 30.27515439763332], [-97.75421122251818, 30.27518048752459], [-97.75423691869996, 30.27519661196416], [-97.75426868092738, 30.27519661196416], [-97.75429437710916, 30.27518048752459], [-97.75430419217722, 30.27515439763332], [-97.75429437710916, 30.275128307742047], [-97.75426868092738, 30.27511218330248], [-97.75423691869996, 30.27511218330248], [-97.75421122251818, 30.275128307742047], [-97.75420140745013, 30.27515439763332]]]}}, {"type": "Feature", "properties": {"kind": "street", "radius_m": 4.7, "source": "snapshot"}, "geometry": {"type": "Polygon", "coordinates": [[[-97.75329893935026, 30.275244925815354], [-97.75330830595284, 30.275269823619595], [-97.75333282803678, 30.27528521130886], [-97.75336313899948, 30.27528521130886], [-97.75338766108341, 30.275269823619595], [-97.75339702768599, 30.275244925815354], [-97.75338766108341, 30.275220028011113], [-97.75336313899948, 30.27520464032185], [-97.75333282803678, 30.27520464032185], [-97.75330830595284, 30.275220028011113], [-97.75329893935026, 30.275244925815354]]]}}, {"type": "Feature", "properties": {"kind": "street", "radius_m": 4.9, "source": "snapshot"}, "geometry": {"type": "Polygon", "coordinates": [[[-97.73028454560307, 30.27525557098771], [-97.7302943072428, 30.27528151885865], [-97.73031986354741, 30.275297555524833], [-97.73035145287716, 30.275297555524833], [-97.73037700918177, 30.27528151885865], [-97.7303867708215, 30.27525557098771], [-97.73037700918177, 30.27522962311677], [-97.73035145287716, 30.275213586450587], [-97.73031986354741, 30.275213586450587], [-97.7302943072428, 30.27522962311677], [-97.73028454560307, 30.27525557098771]]]}}, {"type": "Feature", "properties": {"kind": "street", "radius_m": 5.1, "source": "snapshot"}, "geometry": {"type": "Polygon", "coordinates": [[[-97.75274340079739, 30.276046185231404], [-97.75275354667987, 30.276073154475963], [-97.75278010894505, 30.276089822385753], [-97.75281294171046, 30.276089822385753], [-97.75283950397564, 30.276073154475963], [-97.75284964985812, 30.276046185231404], [-97.75283950397564, 30.276019215986846], [-97.75281294171046, 30.276002548077056], [-97.75278010894505, 30.276002548077056], [-97.75275354667987, 30.276019215986846], [-97.75274340079739, 30.276046185231404]]]}}, {"type": "Feature", "properties": {"kind": "street", "radius_m": 6.1, "source": "snapshot"}, "geometry": {"type": "Polygon", "coordinates": [[[-97.75255482321617, 30.27604894646662], [-97.75256695160513, 30.276081185504342], [-97.75259870413967, 30.276101110325417], [-97.7526379524308, 30.276101110325417], [-97.75266970496534, 30.276081185504342], [-97.7526818333543, 30.27604894646662], [-97.75266970496534, 30.276016707428898], [-97.7526379524308, 30.275996782607823], [-97.75259870413967, 30.275996782607823], [-97.75256695160513, 30.276016707428898], [-97.75255482321617, 30.27604894646662]]]}}, {"type": "Feature", "properties": {"kind": "street", "radius_m": 5.8, "source": "snapshot"}, "geometry": {"type": "Polygon", "coordinates": [[[-97.75251200084104, 30.275937610001126], [-97.75252350493274, 30.275968189565116], [-97.75255362303584, 30.275987088775025], [-97.7525908510586, 30.275987088775025], [-97.7526209691617, 30.275968189565116], [-97.7526324732534, 30.275937610001126], [-97.7526209691617, 30.275907030437136], [-97.7525908510586, 30.275888131227227], [-97.75255362303584, 30.275888131227227], [-97.75252350493274, 30.275907030437136], [-97.75251200084104, 30.275937610001126]]]}}, {"type": "Feature", "properties": {"kind": "street", "radius_m": 6.6, "source": "snapshot"}, "geometry": {"type": "Polygon", "coordinates": [[[-97.75220277123944, 30.276046314072634], [-97.75221587361173, 30.27608114210098], [-97.75225017606772, 30.276102667006263], [-97.75229257623513, 30.276102667006263], [-97.75232687869112, 30.27608114210098], [-97.75233998106341, 30.276046314072634], [-97.75232687869112, 30.276011486044286], [-97.75229257623513, 30.275989961139004], [-97.75225017606772, 30.275989961139004], [-97.75221587361173, 30.276011486044286], [-97.75220277123944, 30.276046314072634]]]}}, {"type": "Feature", "properties": {"kind": "street", "radius_m": 7.5, "source": "snapshot"}, "geometry": {"type": "Polygon", "coordinates": [[[-97.75196077067612, 30.27594512626131], [-97.75197562224331, 30.275984603906394], [-97.752014504151, 30.27600900243285], [-97.752062564832, 30.27600900243285], [-97.7521014467397, 30.275984603906394], [-97.75211629830689, 30.27594512626131], [-97.7521014467397, 30.275905648616224], [-97.752062564832, 30.275881250089768], [-97.752014504151, 30.275881250089768], [-97.75197562224331, 30.275905648616224], [-97.75196077067612, 30.27594512626131]]]}}, {"type": "Feature", "properties": {"kind": "street", "radius_m": 7.9, "source": "snapshot"}, "geometry": {"type": "Polygon", "coordinates": [[[-97.75179419783026, 30.27593373064936], [-97.75180995981987, 30.2759756283308], [-97.75185122524435, 30.276001522521984], [-97.75190223211415, 30.276001522521984], [-97.75194349753863, 30.2759756283308], [-97.75195925952823, 30.27593373064936], [-97.75194349753863, 30.27589183296792], [-97.75190223211415, 30.275865938776736], [-97.75185122524435, 30.275865938776736], [-97.75180995981987, 30.27589183296792], [-97.75179419783026, 30.27593373064936]]]}}, {"type": "Feature", "properties": {"kind": "street", "radius_m": 5.6, "source": "snapshot"}, "geometry": {"type": "Polygon", "coordinates": [[[-97.75093324976054, 30.275942453643953], [-97.7509443991897, 30.27597209046286], [-97.7509735887742, 30.275990407024263], [-97.75100966908488, 30.275990407024263], [-97.75103885866938, 30.27597209046286], [-97.75105000809855, 30.275942453643953], [-97.75103885866938, 30.275912816825045], [-97.75100966908488, 30.275894500263643], [-97.7509735887742, 30.275894500263643], [-97.7509443991897, 30.275912816825045], [-97.75093324976054, 30.275942453643953]]]}}, {"type": "Feature", "properties": {"kind": "street", "radius_m": 5.8, "source": "snapshot"}, "geometry": {"type": "Polygon", "coordinates": [[[-97.7502217350363, 30.275943176428616], [-97.75023333223061, 30.27597400347298], [-97.75026369407948, 30.275993055634174], [-97.75030122338859, 30.275993055634174], [-97.75033158523746, 30.27597400347298], [-97.75034318243176, 30.275943176428616], [-97.75033158523746, 30.27591234938425], [-97.75030122338859, 30.275893297223057], [-97.75026369407948, 30.275893297223057], [-97.75023333223061, 30.27591234938425], [-97.7502217350363, 30.275943176428616]]]}}, {"type": "Feature", "properties": {"kind": "street", "radius_m": 5.3, "source": "snapshot"}, "geometry": {"type": "Polygon", "coordinates": [[[-97.74985986303741, 30.275943744110293], [-97.7498704190025, 30.275971803414606], [-97.74989805487789, 30.275989145018375], [-97.7499322146985, 30.275989145018375], [-97.74995985057389, 30.275971803414606], [-97.74997040653898, 30.275943744110293], [-97.74995985057389, 30.27591568480598], [-97.7499322146985, 30.27589834320221], [-97.74989805487789, 30.27589834320221], [-97.7498704190025, 30.27591568480598], [-97.74985986303741, 30.275943744110293]]]}}, {"type": "Feature", "properties": {"kind": "street", "radius_m": 6.7, "source": "snapshot"}, "geometry": {"type": "Polygon", "coordinates": [[[-97.74913379677812, 30.27593968972465], [-97.74914704443559, 30.275974903942284], [-97.74918172725307, 30.275996667525668], [-97.74922459757315, 30.275996667525668], [-97.74925928039063, 30.275974903942284], [-97.7492725280481, 30.27593968972465], [-97.74925928039063, 30.27590447550702], [-97.74922459757315, 30.275882711923636], [-97.74918172725307, 30.275882711923636], [-97.74914704443559, 30.27590447550702], [-97.74913379677812, 30.27593968972465]]]}}, {"type": "Feature", "properties": {"kind": "street", "radius_m": 5.0, "source": "snapshot"}, "geometry": {"type": "Polygon", "coordinates": [[[-97.74885585090432, 30.276050517165697], [-97.74886584417492, 30.276077080745484], [-97.74889200689701, 30.276093497940654], [-97.7489243458, 30.276093497940654], [-97.7489505085221, 30.276077080745484], [-97.7489605017927, 30.276050517165697], [-97.7489505085221, 30.27602395358591], [-97.7489243458, 30.27600753639074], [-97.74889200689701, 30.27600753639074], [-97.74886584417492, 30.27602395358591], [-97.74885585090432, 30.276050517165697]]]}}, {"type": "Feature", "properties": {"kind": "street", "radius_m": 6.6, "source": "snapshot"}, "geometry": {"type": "Polygon", "coordinates": [[[-97.74877941092892, 30.27595855443634], [-97.74879250778164, 30.27599336779288], [-97.74882679578724, 30.276014883630484], [-97.74886917809297, 30.276014883630484], [-97.74890346609857, 30.27599336779288], [-97.7489165629513, 30.27595855443634], [-97.74890346609857, 30.2759237410798], [-97.74886917809297, 30.275902225242195], [-97.74882679578724, 30.275902225242195], [-97.74879250778164, 30.2759237410798], [-97.74877941092892, 30.27595855443634]]]}}, {"type": "Feature", "properties": {"kind": "street", "radius_m": 7.2, "source": "snapshot"}, "geometry": {"type": "Polygon", "coordinates": [[[-97.7482809938842, 30.27595208067436], [-97.74829521993621, 30.27598989560829], [-97.74833246422388, 30.276013266522742], [-97.74837850069524, 30.276013266522742], [-97.7484157449829, 30.27598989560829], [-97.74842997103492, 30.27595208067436], [-97.7484157449829, 30.275914265740433], [-97.74837850069524, 30.27589089482598], [-97.74833246422388, 30.27589089482598], [-97.74829521993621, 30.275914265740433], [-97.7482809938842, 30.27595208067436]]]}}, {"type": "Feature", "properties": {"kind": "street", "radius_m": 5.7, "source": "snapshot"}, "geometry": {"type": "Polygon", "coordinates": [[[-97.74745534665801, 30.27595893747757], [-97.74746658857698, 30.27598882014796], [-97.74749602030295, 30.276007288653936], [-97.74753239991693, 30.276007288653936], [-97.7475618316429, 30.27598882014796], [-97.74757307356187, 30.27595893747757], [-97.7475618316429, 30.27592905480718], [-97.74753239991693, 30.2759105863012], [-97.74749602030295, 30.2759105863012], [-97.74746658857698, 30.27592905480718], [-97.74745534665801, 30.27595893747757]]]}}, {"type": "Feature", "properties": {"kind": "street", "radius_m": 6.8, "source": "snapshot"}, "geometry": {"type": "Polygon", "coordinates": [[[-97.74729261965383, 30.275945041903913], [-97.74730618183628, 30.27598109217514], [-97.7473416880909, 30.27600337246806], [-97.74738557623525, 30.27600337246806], [-97.74742108248986, 30.27598109217514], [-97.74743464467231, 30.275945041903913], [-97.74742108248986, 30.275908991632686], [-97.74738557623525, 30.275886711339766], [-97.7473416880909, 30.275886711339766], [-97.74730618183628, 30.275908991632686], [-97.74729261965383, 30.275945041903913]]]}}, {"type": "Feature", "properties": {"kind": "street", "radius_m": 6.6, "source": "snapshot"}, "geometry": {"type": "Polygon", "coordinates": [[[-97.74713264508694, 30.275941052375888], [-97.74714581138026, 30.27597605031575], [-97.74718028118373, 30.275997680232123], [-97.74722288820398, 30.275997680232123], [-97.74725735800745, 30.27597605031575], [-97.74727052430077, 30.275941052375888], [-97.74725735800745, 30.275906054436025], [-97.74722288820398, 30.275884424519653], [-97.74718028118373, 30.275884424519653], [-97.74714581138026, 30.275906054436025], [-97.74713264508694, 30.275941052375888]]]}}, {"type": "Feature", "properties": {"kind": "street", "radius_m": 4.5, "source": "snapshot"}, "geometry": {"type": "Polygon", "coordinates": [[[-97.74686280243965, 30.276049091905975], [-97.74687178324707, 30.27607296421003], [-97.74689529530613, 30.276087718105323], [-97.7469243578094, 30.276087718105323], [-97.74694786986846, 30.27607296421003], [-97.74695685067589, 30.276049091905975], [-97.74694786986846, 30.27602521960192], [-97.7469243578094, 30.276010465706626], [-97.74689529530613, 30.276010465706626], [-97.74687178324707, 30.27602521960192], [-97.74686280243965, 30.276049091905975]]]}}, {"type": "Feature", "properties": {"kind": "street", "radius_m": 5.0, "source": "snapshot"}, "geometry": {"type": "Polygon", "coordinates": [[[-97.74645799608948, 30.275954389181262], [-97.74646791887268, 30.275980765395204], [-97.74649389705637, 30.275997066791913], [-97.74652600785736, 30.275997066791913], [-97.74655198604104, 30.275980765395204], [-97.74656190882425, 30.275954389181262], [-97.74655198604104, 30.27592801296732], [-97.74652600785736, 30.27591171157061], [-97.74649389705637, 30.27591171157061], [-97.74646791887268, 30.27592801296732], [-97.74645799608948, 30.275954389181262]]]}}, {"type": "Feature", "properties": {"kind": "street", "radius_m": 7.4, "source": "snapshot"}, "geometry": {"type": "Polygon", "coordinates": [[[-97.74625831831209, 30.275957103142495], [-97.74627303608627, 30.275996225146123], [-97.74631156771932, 30.27602040387407], [-97.74635919543704, 30.27602040387407], [-97.74639772707009, 30.275996225146123], [-97.74641244484427, 30.275957103142495], [-97.74639772707009, 30.275917981138868], [-97.74635919543704, 30.27589380241092], [-97.74631156771932, 30.27589380241092], [-97.74627303608627, 30.275917981138868], [-97.74625831831209, 30.275957103142495]]]}}, {"type": "Feature", "properties": {"kind": "street", "radius_m": 5.6, "source": "snapshot"}, "geometry": {"type": "Polygon", "coordinates": [[[-97.74593395783529, 30.275957469515443], [-97.74594506204603, 30.27598698613713], [-97.74597413324715, 30.27600522841257], [-97.74601006722791, 30.27600522841257], [-97.74603913842903, 30.27598698613713], [-97.74605024263977, 30.275957469515443], [-97.74603913842903, 30.275927952893756], [-97.74601006722791, 30.27590971061832], [-97.74597413324715, 30.27590971061832], [-97.74594506204603, 30.275927952893756], [-97.74593395783529, 30.275957469515443]]]}}, {"type": "Feature", "properties": {"kind": "street", "radius_m": 5.5, "source": "snapshot"}, "geometry": {"type": "Polygon", "coordinates": [[[-97.74531049866765, 30.276045178822447], [-97.74532142135074, 30.27607421291701], [-97.74535001730631, 30.276092156974283], [-97.74538536385127, 30.276092156974283], [-97.74541395980684, 30.27607421291701], [-97.74542488248993, 30.276045178822447], [-97.74541395980684, 30.276016144727883], [-97.74538536385127, 30.27599820067061], [-97.74535001730631, 30.27599820067061], [-97.74532142135074, 30.276016144727883], [-97.74531049866765, 30.276045178822447]]]}}, {"type": "Feature", "properties": {"kind": "street", "radius_m": 7.2, "source": "snapshot"}, "geometry": {"type": "Polygon", "coordinates": [[[-97.74509811767778, 30.276057553102014], [-97.7451124883052, 30.276095752338573], [-97.74515011109618, 30.27611936076511], [-97.74519661542335, 30.27611936076511], [-97.74523423821434, 30.276095752338573], [-97.74524860884175, 30.276057553102014], [-97.74523423821434, 30.276019353865454], [-97.74519661542335, 30.275995745438916], [-97.74515011109618, 30.275995745438916], [-97.7451124883052, 30.276019353865454], [-97.74509811767778, 30.276057553102014]]]}}, {"type": "Feature", "properties": {"kind": "street", "radius_m": 5.1, "source": "snapshot"}, "geometry": {"type": "Polygon", "coordinates": [[[-97.74492993807333, 30.27606663371902], [-97.74494004324592, 30.276093494750693], [-97.7449664989312, 30.27611009578124], [-97.7449991999566, 30.27611009578124], [-97.74502565564188, 30.276093494750693], [-97.74503576081447, 30.27606663371902], [-97.74502565564188, 30.276039772687344], [-97.7449991999566, 30.276023171656796], [-97.7449664989312, 30.276023171656796], [-97.74494004324592, 30.276039772687344], [-97.74492993807333, 30.27606663371902]]]}}, {"type": "Feature", "properties": {"kind": "street", "radius_m": 7.2, "source": "snapshot"}, "geometry": {"type": "Polygon", "coordinates": [[[-97.74486808826207, 30.27594595869868], [-97.74488231313622, 30.275983770501686], [-97.74491955434023, 30.276007139481116], [-97.74496558699992, 30.276007139481116], [-97.74500282820394, 30.275983770501686], [-97.74501705307809, 30.27594595869868], [-97.74500282820394, 30.275908146895677], [-97.74496558699992, 30.275884777916247], [-97.74491955434023, 30.275884777916247], [-97.74488231313622, 30.275908146895677], [-97.74486808826207, 30.27594595869868]]]}}, {"type": "Feature", "properties": {"kind": "street", "radius_m": 7.2, "source": "snapshot"}, "geometry": {"type": "Polygon", "coordinates": [[[-97.74414427644682, 30.275949297000224], [-97.74415849112776, 30.2759870817082], [-97.74419570564561, 30.276010433941988], [-97.74424170531944, 30.276010433941988], [-97.74427891983729, 30.2759870817082], [-97.74429313451823, 30.275949297000224], [-97.74427891983729, 30.275911512292247], [-97.74424170531944, 30.27588816005846], [-97.74419570564561, 30.27588816005846], [-97.74415849112776, 30.275911512292247], [-97.74414427644682, 30.275949297000224]]]}}, {"type": "Feature", "properties": {"kind": "street", "radius_m": 6.1, "source": "snapshot"}, "geometry": {"type": "Polygon", "coordinates": [[[-97.74329541130363, 30.27606000668977], [-97.74330757358764, 30.27609233582549], [-97.74333941486054, 30.27611231633019], [-97.74337877283835, 30.27611231633019], [-97.74341061411126, 30.27609233582549], [-97.74342277639526, 30.27606000668977], [-97.74341061411126, 30.276027677554055], [-97.74337877283835, 30.27600769704935], [-97.74333941486054, 30.27600769704935], [-97.74330757358764, 30.276027677554055], [-97.74329541130363, 30.27606000668977]]]}}, {"type": "Feature", "properties": {"kind": "street", "radius_m": 5.0, "source": "snapshot"}, "geometry": {"type": "Polygon", "coordinates": [[[-97.74293965016764, 30.27605675598338], [-97.74294953905331, 30.276083042092694], [-97.7429754284921, 30.27609928780168], [-97.74300742959834, 30.27609928780168], [-97.74303331903712, 30.276083042092694], [-97.7430432079228, 30.27605675598338], [-97.74303331903712, 30.276030469874065], [-97.74300742959834, 30.276014224165078], [-97.7429754284921, 30.276014224165078], [-97.74294953905331, 30.276030469874065], [-97.74293965016764, 30.27605675598338]]]}}, {"type": "Feature", "properties": {"kind": "street", "radius_m": 6.3, "source": "snapshot"}, "geometry": {"type": "Polygon", "coordinates": [[[-97.74256796205702, 30.276045534292525], [-97.74258038191742, 30.276078548104124], [-97.74261289753412, 30.27609895176179], [-97.74265308904666, 30.27609895176179], [-97.74268560466335, 30.276078548104124], [-97.74269802452375, 30.276045534292525], [-97.74268560466335, 30.276012520480926], [-97.74265308904666, 30.27599211682326], [-97.74261289753412, 30.27599211682326], [-97.74258038191742, 30.276012520480926], [-97.74256796205702, 30.276045534292525]]]}}, {"type": "Feature", "properties": {"kind": "street", "radius_m": 6.6, "source": "snapshot"}, "geometry": {"type": "Polygon", "coordinates": [[[-97.74146052566968, 30.275946382920022], [-97.74147355462404, 30.27598101579269], [-97.74150766486935, 30.276002420085128], [-97.74154982745128, 30.276002420085128], [-97.74158393769659, 30.27598101579269], [-97.74159696665095, 30.275946382920022], [-97.74158393769659, 30.275911750047353], [-97.74154982745128, 30.275890345754917], [-97.74150766486935, 30.275890345754917], [-97.74147355462404, 30.275911750047353], [-97.74146052566968, 30.275946382920022]]]}}, {"type": "Feature", "properties": {"kind": "street", "radius_m": 5.8, "source": "snapshot"}, "geometry": {"type": "Polygon", "coordinates": [[[-97.74128164704328, 30.275958529638043], [-97.74129326130301, 30.275989402044843], [-97.74132366782977, 30.27600848224156], [-97.7413612523638, 30.27600848224156], [-97.74139165889056, 30.275989402044843], [-97.7414032731503, 30.275958529638043], [-97.74139165889056, 30.275927657231243], [-97.7413612523638, 30.275908577034524], [-97.74132366782977, 30.275908577034524], [-97.74129326130301, 30.275927657231243], [-97.74128164704328, 30.275958529638043]]]}}, {"type": "Feature", "properties": {"kind": "street", "radius_m": 7.7, "source": "snapshot"}, "geometry": {"type": "Polygon", "coordinates": [[[-97.74080953873211, 30.27605218194247], [-97.7408248256651, 30.27609281685374], [-97.74086484737526, 30.276117930610038], [-97.74091431692958, 30.276117930610038], [-97.74095433863974, 30.27609281685374], [-97.74096962557273, 30.27605218194247], [-97.74095433863974, 30.276011547031203], [-97.74091431692958, 30.275986433274905], [-97.74086484737526, 30.275986433274905], [-97.7408248256651, 30.276011547031203], [-97.74080953873211, 30.27605218194247]]]}}, {"type": "Feature", "properties": {"kind": "street", "radius_m": 6.7, "source": "snapshot"}, "geometry": {"type": "Polygon", "coordinates": [[[-97.73920310801832, 30.275958646040998], [-97.73921643344866, 30.275994066990382], [-97.73925131987822, 30.276015958341013], [-97.73929444187665, 30.276015958341013], [-97.73932932830621, 30.275994066990382], [-97.73934265373656, 30.275958646040998], [-97.73932932830621, 30.275923225091613], [-97.73929444187665, 30.275901333740983], [-97.73925131987822, 30.275901333740983], [-97.73921643344866, 30.275923225091613], [-97.73920310801832, 30.275958646040998]]]}}, {"type": "Feature", "properties": {"kind": "street", "radius_m": 5.4, "source": "snapshot"}, "geometry": {"type": "Polygon", "coordinates": [[[-97.73852995504248, 30.275947301362642], [-97.73854066175035, 30.275975761363387], [-97.73856869227546, 30.27599335061117], [-97.73860333990996, 30.27599335061117], [-97.73863137043507, 30.275975761363387], [-97.73864207714294, 30.275947301362642], [-97.73863137043507, 30.275918841361896], [-97.73860333990996, 30.275901252114114], [-97.73856869227546, 30.275901252114114], [-97.73854066175035, 30.275918841361896], [-97.73852995504248, 30.275947301362642]]]}}, {"type": "Feature", "properties": {"kind": "street", "radius_m": 7.7, "source": "snapshot"}, "geometry": {"type": "Polygon", "coordinates": [[[-97.73781567897069, 30.27593879880923], [-97.73783099230096, 30.2759795038883], [-97.73787108312004, 30.27600466101068], [-97.7379206380977, 30.27600466101068], [-97.73796072891679, 30.2759795038883], [-97.73797604224706, 30.27593879880923], [-97.73796072891679, 30.275898093730156], [-97.7379206380977, 30.275872936607776], [-97.73787108312004, 30.275872936607776], [-97.73783099230096, 30.275898093730156], [-97.73781567897069, 30.27593879880923]]]}}, {"type": "Feature", "properties": {"kind": "street", "radius_m": 6.3, "source": "snapshot"}, "geometry": {"type": "Polygon", "coordinates": [[[-97.73764941340501, 30.275943779363224], [-97.73766195727697, 30.275977122815707], [-97.7376947975601, 30.275997730202644], [-97.73773539038243, 30.275997730202644], [-97.73776823066555, 30.275977122815707], [-97.73778077453751, 30.275943779363224], [-97.73776823066555, 30.275910435910742], [-97.73773539038243, 30.275889828523805], [-97.7376947975601, 30.275889828523805], [-97.73766195727697, 30.275910435910742], [-97.73764941340501, 30.275943779363224]]]}}, {"type": "Feature", "properties": {"kind": "street", "radius_m": 5.4, "source": "snapshot"}, "geometry": {"type": "Polygon", "coordinates": [[[-97.73747899172024, 30.275948177914305], [-97.73748968857797, 30.275976611731906], [-97.73751769331506, 30.275994184797614], [-97.73755230907378, 30.275994184797614], [-97.73758031381087, 30.275976611731906], [-97.7375910106686, 30.275948177914305], [-97.73758031381087, 30.275919744096704], [-97.73755230907378, 30.275902171030996], [-97.73751769331506, 30.275902171030996], [-97.73748968857797, 30.275919744096704], [-97.73747899172024, 30.275948177914305]]]}}, {"type": "Feature", "properties": {"kind": "street", "radius_m": 5.8, "source": "snapshot"}, "geometry": {"type": "Polygon", "coordinates": [[[-97.73731625965789, 30.275933497571927], [-97.7373278597528, 30.275964332326552], [-97.73735822919558, 30.275983389252946], [-97.73739576789127, 30.275983389252946], [-97.73742613733405, 30.275964332326552], [-97.73743773742896, 30.275933497571927], [-97.73742613733405, 30.275902662817302], [-97.73739576789127, 30.275883605890908], [-97.73735822919558, 30.275883605890908], [-97.7373278597528, 30.275902662817302], [-97.73731625965789, 30.275933497571927]]]}}, {"type": "Feature", "properties": {"kind": "street", "radius_m": 7.0, "source": "snapshot"}, "geometry": {"type": "Polygon", "coordinates": [[[-97.73711135445616, 30.275948483408403], [-97.73712535217891, 30.27598569140965], [-97.73716199869283, 30.276008687219075], [-97.73720729627517, 30.276008687219075], [-97.73724394278909, 30.27598569140965], [-97.73725794051184, 30.275948483408403], [-97.73724394278909, 30.275911275407154], [-97.73720729627517, 30.27588827959773], [-97.73716199869283, 30.27588827959773], [-97.73712535217891, 30.275911275407154], [-97.73711135445616, 30.275948483408403]]]}}, {"type": "Feature", "properties": {"kind": "street", "radius_m": 5.7, "source": "snapshot"}, "geometry": {"type": "Polygon", "coordinates": [[[-97.73695731357321, 30.275942431362324], [-97.73696864672529, 30.275972556543707], [-97.73699831730264, 30.27599117492972], [-97.73703499215316, 30.27599117492972], [-97.7370646627305, 30.275972556543707], [-97.73707599588258, 30.275942431362324], [-97.7370646627305, 30.275912306180942], [-97.73703499215316, 30.275893687794927], [-97.73699831730264, 30.275893687794927], [-97.73696864672529, 30.275912306180942], [-97.73695731357321, 30.275942431362324]]]}}, {"type": "Feature", "properties": {"kind": "street", "radius_m": 5.9, "source": "snapshot"}, "geometry": {"type": "Polygon", "coordinates": [[[-97.73678387504839, 30.275939398219393], [-97.73679558069189, 30.27597051353763], [-97.73682622646443, 30.275989743861874], [-97.7368641067225, 30.275989743861874], [-97.73689475249505, 30.27597051353763], [-97.73690645813855, 30.275939398219393], [-97.73689475249505, 30.275908282901156], [-97.7368641067225, 30.27588905257691], [-97.73682622646443, 30.27588905257691], [-97.73679558069189, 30.275908282901156], [-97.73678387504839, 30.275939398219393]]]}}, {"type": "Feature", "properties": {"kind": "street", "radius_m": 4.5, "source": "snapshot"}, "geometry": {"type": "Polygon", "coordinates": [[[-97.73645074045808, 30.27593297631621], [-97.73645969022942, 30.27595676612183], [-97.73648312103498, 30.275971469030285], [-97.73651208310343, 30.275971469030285], [-97.73653551390899, 30.27595676612183], [-97.73654446368033, 30.27593297631621], [-97.73653551390899, 30.27590918651059], [-97.73651208310343, 30.275894483602134], [-97.73648312103498, 30.275894483602134], [-97.73645969022942, 30.27590918651059], [-97.73645074045808, 30.27593297631621]]]}}, {"type": "Feature", "properties": {"kind": "street", "radius_m": 6.8, "source": "snapshot"}, "geometry": {"type": "Polygon", "coordinates": [[[-97.7362379003239, 30.27594081072474], [-97.73625138961167, 30.2759766672312], [-97.73628670502552, 30.275998827770906], [-97.7363303572777, 30.275998827770906], [-97.73636567269155, 30.2759766672312], [-97.73637916197931, 30.27594081072474], [-97.73636567269155, 30.275904954218284], [-97.7363303572777, 30.275882793678576], [-97.73628670502552, 30.275882793678576], [-97.73625138961167, 30.275904954218284], [-97.7362379003239, 30.27594081072474]]]}}, {"type": "Feature", "properties": {"kind": "street", "radius_m": 5.2, "source": "snapshot"}, "geometry": {"type": "Polygon", "coordinates": [[[-97.73588448157304, 30.275949479391247], [-97.73589479708687, 30.2759768995408], [-97.73592180345265, 30.2759938461252], [-97.73595518515661, 30.2759938461252], [-97.7359821915224, 30.2759768995408], [-97.73599250703623, 30.275949479391247], [-97.7359821915224, 30.275922059241694], [-97.73595518515661, 30.275905112657295], [-97.73592180345265, 30.275905112657295], [-97.73589479708687, 30.275922059241694], [-97.73588448157304, 30.275949479391247]]]}}, {"type": "Feature", "properties": {"kind": "street", "radius_m": 7.4, "source": "snapshot"}, "geometry": {"type": "Polygon", "coordinates": [[[-97.73554715069704, 30.276065984997615], [-97.73556175132039, 30.27610479559712], [-97.73559997624855, 30.27612878186674], [-97.73564722485821, 30.27612878186674], [-97.73568544978637, 30.27610479559712], [-97.73570005040972, 30.276065984997615], [-97.73568544978637, 30.27602717439811], [-97.73564722485821, 30.27600318812849], [-97.73559997624855, 30.27600318812849], [-97.73556175132039, 30.27602717439811], [-97.73554715069704, 30.276065984997615]]]}}, {"type": "Feature", "properties": {"kind": "street", "radius_m": 7.2, "source": "snapshot"}, "geometry": {"type": "Polygon", "coordinates": [[[-97.73539691526246, 30.276042013530315], [-97.73541113207335, 30.27607980390002], [-97.7354483521675, 30.27610315963295], [-97.73549435873399, 30.27610315963295], [-97.73553157882813, 30.27607980390002], [-97.73554579563903, 30.276042013530315], [-97.73553157882813, 30.27600422316061], [-97.73549435873399, 30.27598086742768], [-97.7354483521675, 30.27598086742768], [-97.73541113207335, 30.27600422316061], [-97.73539691526246, 30.276042013530315]]]}}, {"type": "Feature", "properties": {"kind": "street", "radius_m": 6.7, "source": "snapshot"}, "geometry": {"type": "Polygon", "coordinates": [[[-97.73519541938613, 30.276064739668225], [-97.73520871620504, 30.27610008456421], [-97.73524352772887, 30.276121928911255], [-97.73528655713875, 30.276121928911255], [-97.73532136866258, 30.27610008456421], [-97.73533466548149, 30.276064739668225], [-97.73532136866258, 30.27602939477224], [-97.73528655713875, 30.276007550425195], [-97.73524352772887, 30.276007550425195], [-97.73520871620504, 30.27602939477224], [-97.73519541938613, 30.276064739668225]]]}}, {"type": "Feature", "properties": {"kind": "street", "radius_m": 5.5, "source": "snapshot"}, "geometry": {"type": "Polygon", "coordinates": [[[-97.73452050367666, 30.276048323542543], [-97.73453136663387, 30.27607719887698], [-97.73455980622509, 30.2760950448151], [-97.73459495949308, 30.2760950448151], [-97.7346233990843, 30.27607719887698], [-97.73463426204151, 30.276048323542543], [-97.7346233990843, 30.276019448208107], [-97.73459495949308, 30.276001602269986], [-97.73455980622509, 30.276001602269986], [-97.73453136663387, 30.276019448208107], [-97.73452050367666, 30.276048323542543]]]}}, {"type": "Feature", "properties": {"kind": "street", "radius_m": 6.9, "source": "snapshot"}, "geometry": {"type": "Polygon", "coordinates": [[[-97.73433029233207, 30.276056206784048], [-97.73434390873331, 30.276092401176744], [-97.73437955693453, 30.276114770541632], [-97.73442362053453, 30.276114770541632], [-97.73445926873575, 30.276092401176744], [-97.73447288513698, 30.276056206784048], [-97.73445926873575, 30.276020012391353], [-97.73442362053453, 30.275997643026464], [-97.73437955693453, 30.275997643026464], [-97.73434390873331, 30.276020012391353], [-97.73433029233207, 30.276056206784048]]]}}, {"type": "Feature", "properties": {"kind": "street", "radius_m": 4.5, "source": "snapshot"}, "geometry": {"type": "Polygon", "coordinates": [[[-97.73430164205685, 30.27595793056593], [-97.7343106310959, 30.27598182475086], [-97.73433416470563, 30.27599659216928], [-97.73436325384704, 30.27599659216928], [-97.73438678745677, 30.27598182475086], [-97.73439577649582, 30.27595793056593], [-97.73438678745677, 30.275934036381], [-97.73436325384704, 30.27591926896258], [-97.73433416470563, 30.27591926896258], [-97.7343106310959, 30.275934036381], [-97.73430164205685, 30.27595793056593]]]}}, {"type": "Feature", "properties": {"kind": "street", "radius_m": 6.6, "source": "snapshot"}, "geometry": {"type": "Polygon", "coordinates": [[[-97.73348480949991, 30.27605450057162], [-97.73349794048671, 30.276089404661523], [-97.73353231785646, 30.27611097657543], [-97.73357481062234, 30.27611097657543], [-97.73360918799209, 30.276089404661523], [-97.73362231897889, 30.27605450057162], [-97.73360918799209, 30.27601959648172], [-97.73357481062234, 30.275998024567812], [-97.73353231785646, 30.275998024567812], [-97.73349794048671, 30.27601959648172], [-97.73348480949991, 30.27605450057162]]]}}, {"type": "Feature", "properties": {"kind": "street", "radius_m": 7.6, "source": "snapshot"}, "geometry": {"type": "Polygon", "coordinates": [[[-97.73238558715816, 30.27605199749249], [-97.73240071464627, 30.276092208575868], [-97.7324403189243, 30.27611706039212], [-97.73248927250417, 30.27611706039212], [-97.7325288767822, 30.276092208575868], [-97.73254400427031, 30.27605199749249], [-97.7325288767822, 30.276011786409114], [-97.73248927250417, 30.27598693459286], [-97.7324403189243, 30.27598693459286], [-97.73240071464627, 30.276011786409114], [-97.73238558715816, 30.27605199749249]]]}}, {"type": "Feature", "properties": {"kind": "street", "radius_m": 5.7, "source": "snapshot"}, "geometry": {"type": "Polygon", "coordinates": [[[-97.73154258325783, 30.276041966624433], [-97.73155381811999, 30.276071830536775], [-97.73158323137098, 30.27609028744964], [-97.73161958814863, 30.27609028744964], [-97.73164900139962, 30.276071830536775], [-97.73166023626177, 30.276041966624433], [-97.73164900139962, 30.27601210271209], [-97.73161958814863, 30.275993645799225], [-97.73158323137098, 30.275993645799225], [-97.73155381811999, 30.27601210271209], [-97.73154258325783, 30.276041966624433]]]}}, {"type": "Feature", "properties": {"kind": "street", "radius_m": 7.0, "source": "snapshot"}, "geometry": {"type": "Polygon", "coordinates": [[[-97.73146285679044, 30.275947262326824], [-97.73147683760571, 30.27598442538551], [-97.73151343985526, 30.276007393418904], [-97.73155868272386, 30.276007393418904], [-97.73159528497341, 30.27598442538551], [-97.73160926578868, 30.275947262326824], [-97.73159528497341, 30.27591009926814], [-97.73155868272386, 30.275887131234743], [-97.73151343985526, 30.275887131234743], [-97.73147683760571, 30.27591009926814], [-97.73146285679044, 30.275947262326824]]]}}, {"type": "Feature", "properties": {"kind": "street", "radius_m": 5.5, "source": "snapshot"}, "geometry": {"type": "Polygon", "coordinates": [[[-97.73113360771065, 30.27594335494494], [-97.73114448947638, 30.27597228027516], [-97.7311729783089, 30.275990157112368], [-97.73120819244252, 30.275990157112368], [-97.73123668127505, 30.27597228027516], [-97.73124756304078, 30.27594335494494], [-97.73123668127505, 30.27591442961472], [-97.73120819244252, 30.27589655277751], [-97.7311729783089, 30.27589655277751], [-97.73114448947638, 30.27591442961472], [-97.73113360771065, 30.27594335494494]]]}}, {"type": "Feature", "properties": {"kind": "street", "radius_m": 6.2, "source": "snapshot"}, "geometry": {"type": "Polygon", "coordinates": [[[-97.75482199549049, 30.27594291182998], [-97.75483423806212, 30.275975454381985], [-97.75486628953075, 30.275995566785205], [-97.75490590732477, 30.275995566785205], [-97.7549379587934, 30.275975454381985], [-97.75495020136503, 30.27594291182998], [-97.7549379587934, 30.275910369277973], [-97.75490590732477, 30.275890256874753], [-97.75486628953075, 30.275890256874753], [-97.75483423806212, 30.275910369277973], [-97.75482199549049, 30.27594291182998]]]}}, {"type": "Feature", "properties": {"kind": "street", "radius_m": 7.9, "source": "snapshot"}, "geometry": {"type": "Polygon", "coordinates": [[[-97.75461100628577, 30.275954511275554], [-97.75462660233032, 30.275995967850708], [-97.75466743330503, 30.276021589423213], [-97.75471790316539, 30.276021589423213], [-97.7547587341401, 30.275995967850708], [-97.75477433018465, 30.275954511275554], [-97.7547587341401, 30.2759130547004], [-97.75471790316539, 30.275887433127895], [-97.75466743330503, 30.275887433127895], [-97.75462660233032, 30.2759130547004], [-97.75461100628577, 30.275954511275554]]]}}, {"type": "Feature", "properties": {"kind": "street", "radius_m": 7.3, "source": "snapshot"}, "geometry": {"type": "Polygon", "coordinates": [[[-97.75414575458936, 30.276050131304675], [-97.75416030784851, 30.276088816003185], [-97.75419840877558, 30.276112724461708], [-97.75424550411145, 30.276112724461708], [-97.75428360503852, 30.276088816003185], [-97.75429815829767, 30.276050131304675], [-97.75428360503852, 30.276011446606166], [-97.75424550411145, 30.275987538147643], [-97.75419840877558, 30.275987538147643], [-97.75416030784851, 30.276011446606166], [-97.75414575458936, 30.276050131304675]]]}}, {"type": "Feature", "properties": {"kind": "street", "radius_m": 5.9, "source": "snapshot"}, "geometry": {"type": "Polygon", "coordinates": [[[-97.75409929627688, 30.275947602241487], [-97.75411101718069, 30.275978758123873], [-97.75414170290524, 30.275998013518137], [-97.75417963254672, 30.275998013518137], [-97.75421031827128, 30.275978758123873], [-97.75422203917509, 30.275947602241487], [-97.75421031827128, 30.2759164463591], [-97.75417963254672, 30.275897190964837], [-97.75414170290524, 30.275897190964837], [-97.75411101718069, 30.2759164463591], [-97.75409929627688, 30.275947602241487]]]}}, {"type": "Feature", "properties": {"kind": "street", "radius_m": 7.8, "source": "snapshot"}, "geometry": {"type": "Polygon", "coordinates": [[[-97.75371946642919, 30.275948043937824], [-97.75373487682639, 30.27598900703508], [-97.75377522177004, 30.276014323621467], [-97.75382509086293, 30.276014323621467], [-97.75386543580659, 30.27598900703508], [-97.75388084620378, 30.275948043937824], [-97.75386543580659, 30.275907080840568], [-97.75382509086293, 30.27588176425418], [-97.75377522177004, 30.27588176425418], [-97.75373487682639, 30.275907080840568], [-97.75371946642919, 30.275948043937824]]]}}, {"type": "Feature", "properties": {"kind": "street", "radius_m": 6.3, "source": "snapshot"}, "geometry": {"type": "Polygon", "coordinates": [[[-97.75290637311006, 30.27684568119714], [-97.75291892753148, 30.276879052691644], [-97.75295179543346, 30.276899677409503], [-97.75299242239458, 30.276899677409503], [-97.75302529029656, 30.276879052691644], [-97.75303784471798, 30.27684568119714], [-97.75302529029656, 30.27681230970264], [-97.75299242239458, 30.27679168498478], [-97.75295179543346, 30.27679168498478], [-97.75291892753148, 30.27681230970264], [-97.75290637311006, 30.27684568119714]]]}}, {"type": "Feature", "properties": {"kind": "street", "radius_m": 6.9, "source": "snapshot"}, "geometry": {"type": "Polygon", "coordinates": [[[-97.75218202706539, 30.27686189779268], [-97.75219564525733, 30.276898096945366], [-97.75223129814671, 30.27692046925209], [-97.75227536754159, 30.27692046925209], [-97.75231102043097, 30.276898096945366], [-97.75232463862291, 30.27686189779268], [-97.75231102043097, 30.276825698639996], [-97.75227536754159, 30.276803326333273], [-97.75223129814671, 30.276803326333273], [-97.75219564525733, 30.276825698639996], [-97.75218202706539, 30.27686189779268]]]}}, {"type": "Feature", "properties": {"kind": "street", "radius_m": 6.8, "source": "snapshot"}, "geometry": {"type": "Polygon", "coordinates": [[[-97.75166834402032, 30.276852451132783], [-97.75168188976794, 30.276888457717813], [-97.7517173529956, 30.27691071101118], [-97.75176118795571, 30.27691071101118], [-97.75179665118337, 30.276888457717813], [-97.75181019693099, 30.276852451132783], [-97.75179665118337, 30.27681644454775], [-97.75176118795571, 30.276794191254385], [-97.7517173529956, 30.276794191254385], [-97.75168188976794, 30.27681644454775], [-97.75166834402032, 30.276852451132783]]]}}, {"type": "Feature", "properties": {"kind": "street", "radius_m": 6.8, "source": "snapshot"}, "geometry": {"type": "Polygon", "coordinates": [[[-97.75160758692948, 30.276753872417686], [-97.75162111253596, 30.276789825464583], [-97.7516565230334, 30.276812045669562], [-97.75170029281537, 30.276812045669562], [-97.75173570331282, 30.276789825464583], [-97.7517492289193, 30.276753872417686], [-97.75173570331282, 30.27671791937079], [-97.75170029281537, 30.27669569916581], [-97.7516565230334, 30.27669569916581], [-97.75162111253596, 30.27671791937079], [-97.75160758692948, 30.276753872417686]]]}}, {"type": "Feature", "properties": {"kind": "street", "radius_m": 5.1, "source": "snapshot"}, "geometry": {"type": "Polygon", "coordinates": [[[-97.7514577367955, 30.27674785590891], [-97.75146778961124, 30.276774577768425], [-97.75149410822455, 30.27679109278585], [-97.75152663981966, 30.27679109278585], [-97.75155295843297, 30.276774577768425], [-97.7515630112487, 30.27674785590891], [-97.75155295843297, 30.276721134049392], [-97.75152663981966, 30.276704619031968], [-97.75149410822455, 30.276704619031968], [-97.75146778961124, 30.276721134049392], [-97.7514577367955, 30.27674785590891]]]}}, {"type": "Feature", "properties": {"kind": "street", "radius_m": 7.6, "source": "snapshot"}, "geometry": {"type": "Polygon", "coordinates": [[[-97.75061568069557, 30.276847366920844], [-97.7506308593442, 30.276887713996388], [-97.75067059756222, 30.27691264986042], [-97.75071971670098, 30.27691264986042], [-97.750759454919, 30.276887713996388], [-97.75077463356763, 30.276847366920844], [-97.750759454919, 30.2768070198453], [-97.75071971670098, 30.276782083981267], [-97.75067059756222, 30.276782083981267], [-97.7506308593442, 30.2768070198453], [-97.75061568069557, 30.276847366920844]]]}}, {"type": "Feature", "properties": {"kind": "street", "radius_m": 7.0, "source": "snapshot"}, "geometry": {"type": "Polygon", "coordinates": [[[-97.75055282855239, 30.276755917451517], [-97.75056681071794, 30.27679308409947], [-97.75060341650261, 30.27681605435115], [-97.75064866374082, 30.27681605435115], [-97.75068526952549, 30.27679308409947], [-97.75069925169105, 30.276755917451517], [-97.75068526952549, 30.276718750803564], [-97.75064866374082, 30.276695780551883], [-97.75060341650261, 30.276695780551883], [-97.75056681071794, 30.276718750803564], [-97.75055282855239, 30.276755917451517]]]}}, {"type": "Feature", "properties": {"kind": "street", "radius_m": 7.8, "source": "snapshot"}, "geometry": {"type": "Polygon", "coordinates": [[[-97.75020433246166, 30.276740932863415], [-97.75021974936249, 30.276781913248264], [-97.75026011133285, 30.276807240518973], [-97.75031000147193, 30.276807240518973], [-97.7503503634423, 30.276781913248264], [-97.75036578034312, 30.276740932863415], [-97.7503503634423, 30.276699952478566], [-97.75031000147193, 30.276674625207857], [-97.75026011133285, 30.276674625207857], [-97.75021974936249, 30.276699952478566], [-97.75020433246166, 30.276740932863415]]]}}, {"type": "Feature", "properties": {"kind": "street", "radius_m": 5.8, "source": "snapshot"}, "geometry": {"type": "Polygon", "coordinates": [[[-97.74949182622055, 30.276740241392364], [-97.7495034184029, 30.276771055114242], [-97.74953376713032, 30.27679009904168], [-97.74957128022044, 30.27679009904168], [-97.74960162894786, 30.276771055114242], [-97.7496132211302, 30.276740241392364], [-97.74960162894786, 30.276709427670486], [-97.74957128022044, 30.27669038374305], [-97.74953376713032, 30.27669038374305], [-97.7495034184029, 30.276709427670486], [-97.74949182622055, 30.276740241392364]]]}}, {"type": "Feature", "properties": {"kind": "street", "radius_m": 4.8, "source": "snapshot"}, "geometry": {"type": "Polygon", "coordinates": [[[-97.74836620356581, 30.276843541770535], [-97.74837576209495, 30.27686894974374], [-97.74840078664914, 30.276884652734765], [-97.74843171869924, 30.276884652734765], [-97.74845674325343, 30.27686894974374], [-97.74846630178257, 30.276843541770535], [-97.74845674325343, 30.27681813379733], [-97.74843171869924, 30.276802430806306], [-97.74840078664914, 30.276802430806306], [-97.74837576209495, 30.27681813379733], [-97.74836620356581, 30.276843541770535]]]}}, {"type": "Feature", "properties": {"kind": "street", "radius_m": 7.8, "source": "snapshot"}, "geometry": {"type": "Polygon", "coordinates": [[[-97.74761007657077, 30.27674966572873], [-97.74762564843124, 30.276791058019054], [-97.74766641609122, 30.276816639861345], [-97.74771680769024, 30.276816639861345], [-97.74775757535022, 30.276791058019054], [-97.7477731472107, 30.27674966572873], [-97.74775757535022, 30.276708273438405], [-97.74771680769024, 30.276682691596115], [-97.74766641609122, 30.276682691596115], [-97.74762564843124, 30.276708273438405], [-97.74761007657077, 30.27674966572873]]]}}, {"type": "Feature", "properties": {"kind": "street", "radius_m": 7.5, "source": "snapshot"}, "geometry": {"type": "Polygon", "coordinates": [[[-97.7472710931326, 30.276757908239222], [-97.74728592143403, 30.2767973240405], [-97.74732474243116, 30.276821684345386], [-97.7473727278226, 30.276821684345386], [-97.74741154881973, 30.2767973240405], [-97.74742637712116, 30.276757908239222], [-97.74741154881973, 30.276718492437944], [-97.7473727278226, 30.27669413213306], [-97.74732474243116, 30.27669413213306], [-97.74728592143403, 30.276718492437944], [-97.7472710931326, 30.276757908239222]]]}}, {"type": "Feature", "properties": {"kind": "street", "radius_m": 7.3, "source": "snapshot"}, "geometry": {"type": "Polygon", "coordinates": [[[-97.74694905887387, 30.276749738847222], [-97.74696353570872, 30.27678822039875], [-97.74700143655441, 30.276812003305537], [-97.74704828457608, 30.276812003305537], [-97.74708618542178, 30.27678822039875], [-97.74710066225663, 30.276749738847222], [-97.74708618542178, 30.276711257295695], [-97.74704828457608, 30.276687474388908], [-97.74700143655441, 30.276687474388908], [-97.74696353570872, 30.276711257295695], [-97.74694905887387, 30.276749738847222]]]}}, {"type": "Feature", "properties": {"kind": "street", "radius_m": 6.1, "source": "snapshot"}, "geometry": {"type": "Polygon", "coordinates": [[[-97.74628128169861, 30.276748922591167], [-97.74629342278848, 30.27678119538976], [-97.74632520857442, 30.276801141076202], [-97.74636449796655, 30.276801141076202], [-97.74639628375249, 30.27678119538976], [-97.74640842484236, 30.276748922591167], [-97.74639628375249, 30.276716649792576], [-97.74636449796655, 30.276696704106133], [-97.74632520857442, 30.276696704106133], [-97.74629342278848, 30.276716649792576], [-97.74628128169861, 30.276748922591167]]]}}, {"type": "Feature", "properties": {"kind": "street", "radius_m": 6.2, "source": "snapshot"}, "geometry": {"type": "Polygon", "coordinates": [[[-97.74612551096473, 30.276734165740873], [-97.74613792479641, 30.27676716352723], [-97.7461704246297, 30.276787557280752], [-97.74621059663286, 30.276787557280752], [-97.74624309646615, 30.27676716352723], [-97.74625551029783, 30.276734165740873], [-97.74624309646615, 30.276701167954517], [-97.74621059663286, 30.276680774200994], [-97.7461704246297, 30.276680774200994], [-97.74613792479641, 30.276701167954517], [-97.74612551096473, 30.276734165740873]]]}}, {"type": "Feature", "properties": {"kind": "street", "radius_m": 7.0, "source": "snapshot"}, "geometry": {"type": "Polygon", "coordinates": [[[-97.74541517052232, 30.27674164523794], [-97.74542899662326, 30.276778397043255], [-97.74546519382547, 30.276801110908085], [-97.745509936028, 30.276801110908085], [-97.7455461332302, 30.276778397043255], [-97.74555995933115, 30.27674164523794], [-97.7455461332302, 30.276704893432626], [-97.745509936028, 30.276682179567796], [-97.74546519382547, 30.276682179567796], [-97.74542899662326, 30.276704893432626], [-97.74541517052232, 30.27674164523794]]]}}, {"type": "Feature", "properties": {"kind": "street", "radius_m": 8.0, "source": "snapshot"}, "geometry": {"type": "Polygon", "coordinates": [[[-97.74489920201215, 30.27686711287582], [-97.74491507129608, 30.276909295761328], [-97.74495661762076, 30.276935366218318], [-97.7450079717023, 30.276935366218318], [-97.74504951802697, 30.276909295761328], [-97.7450653873109, 30.27686711287582], [-97.74504951802697, 30.276824929990312], [-97.7450079717023, 30.276798859533322], [-97.74495661762076, 30.276798859533322], [-97.74491507129608, 30.276824929990312], [-97.74489920201215, 30.27686711287582]]]}}, {"type": "Feature", "properties": {"kind": "street", "radius_m": 7.4, "source": "snapshot"}, "geometry": {"type": "Polygon", "coordinates": [[[-97.74345992538328, 30.276866865148993], [-97.74347461996298, 30.27690592549829], [-97.74351309087209, 30.27693006612177], [-97.74356064353091, 30.27693006612177], [-97.74359911444002, 30.27690592549829], [-97.74361380901972, 30.276866865148993], [-97.74359911444002, 30.276827804799694], [-97.74356064353091, 30.276803664176214], [-97.74351309087209, 30.276803664176214], [-97.74347461996298, 30.276827804799694], [-97.74345992538328, 30.276866865148993]]]}}, {"type": "Feature", "properties": {"kind": "street", "radius_m": 7.0, "source": "snapshot"}, "geometry": {"type": "Polygon", "coordinates": [[[-97.743425935298, 30.276739831348294], [-97.74343974360502, 30.27677653585471], [-97.7434758942221, 30.27679922048722], [-97.74352057884222, 30.27679922048722], [-97.7435567294593, 30.27677653585471], [-97.74357053776632, 30.276739831348294], [-97.7435567294593, 30.276703126841877], [-97.74352057884222, 30.27668044220937], [-97.7434758942221, 30.27668044220937], [-97.74343974360502, 30.276703126841877], [-97.743425935298, 30.276739831348294]]]}}, {"type": "Feature", "properties": {"kind": "street", "radius_m": 6.2, "source": "snapshot"}, "geometry": {"type": "Polygon", "coordinates": [[[-97.74310449824284, 30.276863746817167], [-97.74311682636528, 30.276896516775768], [-97.74314910180883, 30.276916769723993], [-97.74318899645107, 30.276916769723993], [-97.74322127189461, 30.276896516775768], [-97.74323360001705, 30.276863746817167], [-97.74322127189461, 30.276830976858566], [-97.74318899645107, 30.27681072391034], [-97.74314910180883, 30.27681072391034], [-97.74311682636528, 30.276830976858566], [-97.74310449824284, 30.276863746817167]]]}}, {"type": "Feature", "properties": {"kind": "street", "radius_m": 7.5, "source": "snapshot"}, "geometry": {"type": "Polygon", "coordinates": [[[-97.74305696973137, 30.27673304735334], [-97.74307180776371, 30.27677248902083], [-97.74311065423673, 30.276796865311912], [-97.74315867111808, 30.276796865311912], [-97.7431975175911, 30.27677248902083], [-97.74321235562344, 30.27673304735334], [-97.7431975175911, 30.27669360568585], [-97.74315867111808, 30.276669229394766], [-97.74311065423673, 30.276669229394766], [-97.74307180776371, 30.27669360568585], [-97.74305696973137, 30.27673304735334]]]}}, {"type": "Feature", "properties": {"kind": "street", "radius_m": 7.2, "source": "snapshot"}, "geometry": {"type": "Polygon", "coordinates": [[[-97.74232134685082, 30.27674130707817], [-97.74233555357726, 30.276779070641926], [-97.74237274726998, 30.27680240980786], [-97.7424187212025, 30.27680240980786], [-97.74245591489522, 30.276779070641926], [-97.74247012162166, 30.27674130707817], [-97.74245591489522, 30.27670354351441], [-97.7424187212025, 30.276680204348477], [-97.74237274726998, 30.276680204348477], [-97.74233555357726, 30.27670354351441], [-97.74232134685082, 30.27674130707817]]]}}, {"type": "Feature", "properties": {"kind": "street", "radius_m": 6.9, "source": "snapshot"}, "geometry": {"type": "Polygon", "coordinates": [[[-97.7420201267153, 30.276854649059498], [-97.74203390699653, 30.276891279069243], [-97.74206998424111, 30.276913917660274], [-97.74211457816787, 30.276913917660274], [-97.74215065541246, 30.276891279069243], [-97.74216443569368, 30.276854649059498], [-97.74215065541246, 30.276818019049752], [-97.74211457816787, 30.276795380458722], [-97.74206998424111, 30.276795380458722], [-97.74203390699653, 30.276818019049752], [-97.7420201267153, 30.276854649059498]]]}}, {"type": "Feature", "properties": {"kind": "street", "radius_m": 5.0, "source": "snapshot"}, "geometry": {"type": "Polygon", "coordinates": [[[-97.7418582423989, 30.27686349943101], [-97.74186809126888, 30.276889679172786], [-97.74189387594528, 30.27690585914302], [-97.74192574755808, 30.27690585914302], [-97.74195153223448, 30.276889679172786], [-97.74196138110446, 30.27686349943101], [-97.74195153223448, 30.276837319689232], [-97.74192574755808, 30.276821139718997], [-97.74189387594528, 30.276821139718997], [-97.74186809126888, 30.276837319689232], [-97.7418582423989, 30.27686349943101]]]}}, {"type": "Feature", "properties": {"kind": "street", "radius_m": 5.5, "source": "snapshot"}, "geometry": {"type": "Polygon", "coordinates": [[[-97.74077147375219, 30.276755868820715], [-97.74078243626333, 30.276785008784092], [-97.74081113649011, 30.276803018271888], [-97.74084661192136, 30.276803018271888], [-97.74087531214813, 30.276785008784092], [-97.74088627465927, 30.276755868820715], [-97.74087531214813, 30.276726728857337], [-97.74084661192136, 30.27670871936954], [-97.74081113649011, 30.27670871936954], [-97.74078243626333, 30.276726728857337], [-97.74077147375219, 30.276755868820715]]]}}, {"type": "Feature", "properties": {"kind": "street", "radius_m": 7.1, "source": "snapshot"}, "geometry": {"type": "Polygon", "coordinates": [[[-97.74058559403753, 30.276753697364185], [-97.74059964506303, 30.27679104705199], [-97.74063643112538, 30.27681413042852], [-97.74068190119908, 30.27681413042852], [-97.74071868726143, 30.27679104705199], [-97.74073273828694, 30.276753697364185], [-97.74071868726143, 30.27671634767638], [-97.74068190119908, 30.27669326429985], [-97.74063643112538, 30.27669326429985], [-97.74059964506303, 30.27671634767638], [-97.74058559403753, 30.276753697364185]]]}}, {"type": "Feature", "properties": {"kind": "street", "radius_m": 6.9, "source": "snapshot"}, "geometry": {"type": "Polygon", "coordinates": [[[-97.74043129225878, 30.276740011924765], [-97.74044494699005, 30.276776308204365], [-97.74048069554065, 30.276798740538823], [-97.7405248831793, 30.276798740538823], [-97.7405606317299, 30.276776308204365], [-97.74057428646118, 30.276740011924765], [-97.7405606317299, 30.276703715645166], [-97.7405248831793, 30.276681283310708], [-97.74048069554065, 30.276681283310708], [-97.74044494699005, 30.276703715645166], [-97.74043129225878, 30.276740011924765]]]}}, {"type": "Feature", "properties": {"kind": "street", "radius_m": 7.4, "source": "snapshot"}, "geometry": {"type": "Polygon", "coordinates": [[[-97.7399349864068, 30.276866036601362], [-97.73994977675852, 30.27690535152677], [-97.73998849840207, 30.27692964948694], [-97.74003636098568, 30.27692964948694], [-97.74007508262923, 30.27690535152677], [-97.74008987298096, 30.276866036601362], [-97.74007508262923, 30.276826721675953], [-97.74003636098568, 30.276802423715782], [-97.73998849840207, 30.276802423715782], [-97.73994977675852, 30.276826721675953], [-97.7399349864068, 30.276866036601362]]]}}, {"type": "Feature", "properties": {"kind": "street", "radius_m": 4.7, "source": "snapshot"}, "geometry": {"type": "Polygon", "coordinates": [[[-97.73961852955286, 30.276866676933885], [-97.73962783315629, 30.27689140727713], [-97.7396521903063, 30.276906691469808], [-97.73968229739945, 30.276906691469808], [-97.73970665454947, 30.27689140727713], [-97.7397159581529, 30.276866676933885], [-97.73970665454947, 30.27684194659064], [-97.73968229739945, 30.276826662397962], [-97.7396521903063, 30.276826662397962], [-97.73962783315629, 30.27684194659064], [-97.73961852955286, 30.276866676933885]]]}}, {"type": "Feature", "properties": {"kind": "street", "radius_m": 6.2, "source": "snapshot"}, "geometry": {"type": "Polygon", "coordinates": [[[-97.73841254348007, 30.27684134008699], [-97.73842487939783, 30.276874130766696], [-97.73845717524979, 30.27689439652127], [-97.7384970951182, 30.27689439652127], [-97.73852939097017, 30.276874130766696], [-97.73854172688793, 30.27684134008699], [-97.73852939097017, 30.27680854940728], [-97.7384970951182, 30.276788283652706], [-97.73845717524979, 30.276788283652706], [-97.73842487939783, 30.27680854940728], [-97.73841254348007, 30.27684134008699]]]}}, {"type": "Feature", "properties": {"kind": "street", "radius_m": 6.8, "source": "snapshot"}, "geometry": {"type": "Polygon", "coordinates": [[[-97.73782261370175, 30.276740932585795], [-97.73783613078284, 30.27677686297097], [-97.73787151896055, 30.276799069170238], [-97.73791526115379, 30.276799069170238], [-97.7379506493315, 30.27677686297097], [-97.73796416641258, 30.276740932585795], [-97.7379506493315, 30.27670500220062], [-97.73791526115379, 30.276682796001353], [-97.73787151896055, 30.276682796001353], [-97.73783613078284, 30.27670500220062], [-97.73782261370175, 30.276740932585795]]]}}, {"type": "Feature", "properties": {"kind": "street", "radius_m": 4.9, "source": "snapshot"}, "geometry": {"type": "Polygon", "coordinates": [[[-97.73700664180325, 30.276858027186684], [-97.73701641489004, 30.27688400548559], [-97.73704200116343, 30.27690006095729], [-97.73707362753665, 30.27690006095729], [-97.73709921381004, 30.27688400548559], [-97.73710898689683, 30.276858027186684], [-97.73709921381004, 30.276832048887776], [-97.73707362753665, 30.27681599341608], [-97.73704200116343, 30.27681599341608], [-97.73701641489004, 30.276832048887776], [-97.73700664180325, 30.276858027186684]]]}}, {"type": "Feature", "properties": {"kind": "street", "radius_m": 6.3, "source": "snapshot"}, "geometry": {"type": "Polygon", "coordinates": [[[-97.73694670847847, 30.27674639188535], [-97.73695919124897, 30.276779572921175], [-97.73699187156637, 30.2768000799291], [-97.73703226666024, 30.2768000799291], [-97.73706494697764, 30.276779572921175], [-97.73707742974814, 30.27674639188535], [-97.73706494697764, 30.276713210849525], [-97.73703226666024, 30.2766927038416], [-97.73699187156637, 30.2766927038416], [-97.73695919124897, 30.276713210849525], [-97.73694670847847, 30.27674639188535]]]}}, {"type": "Feature", "properties": {"kind": "street", "radius_m": 5.5, "source": "snapshot"}, "geometry": {"type": "Polygon", "coordinates": [[[-97.73678291415361, 30.276744134515575], [-97.73679375599363, 30.276772953717444], [-97.73682214029935, 30.276790764963724], [-97.7368572252307, 30.276790764963724], [-97.73688560953642, 30.276772953717444], [-97.73689645137644, 30.276744134515575], [-97.73688560953642, 30.276715315313705], [-97.7368572252307, 30.276697504067425], [-97.73682214029935, 30.276697504067425], [-97.73679375599363, 30.276715315313705], [-97.73678291415361, 30.276744134515575]]]}}, {"type": "Feature", "properties": {"kind": "street", "radius_m": 6.0, "source": "snapshot"}, "geometry": {"type": "Polygon", "coordinates": [[[-97.73605932161817, 30.27674652735868], [-97.73607127536671, 30.276778302176545], [-97.7361025706867, 30.27679794009397], [-97.73614125382959, 30.27679794009397], [-97.73617254914957, 30.276778302176545], [-97.73618450289811, 30.27674652735868], [-97.73617254914957, 30.276714752540812], [-97.73614125382959, 30.276695114623386], [-97.7361025706867, 30.276695114623386], [-97.73607127536671, 30.276714752540812], [-97.73605932161817, 30.27674652735868]]]}}, {"type": "Feature", "properties": {"kind": "street", "radius_m": 7.3, "source": "snapshot"}, "geometry": {"type": "Polygon", "coordinates": [[[-97.73567303257458, 30.27675786476012], [-97.73568750008991, 30.276796321539003], [-97.73572537653678, 30.276820089135448], [-97.73577219439986, 30.276820089135448], [-97.73581007084672, 30.276796321539003], [-97.73582453836205, 30.27675786476012], [-97.73581007084672, 30.27671940798124], [-97.73577219439986, 30.276695640384794], [-97.73572537653678, 30.276695640384794], [-97.73568750008991, 30.27671940798124], [-97.73567303257458, 30.27675786476012]]]}}, {"type": "Feature", "properties": {"kind": "street", "radius_m": 6.4, "source": "snapshot"}, "geometry": {"type": "Polygon", "coordinates": [[[-97.73538078559908, 30.27686233025343], [-97.73539359034667, 30.276896367151636], [-97.73542711361108, 30.276917403111597], [-97.7354685506447, 30.276917403111597], [-97.7355020739091, 30.276896367151636], [-97.7355148786567, 30.27686233025343], [-97.7355020739091, 30.276828293355223], [-97.7354685506447, 30.276807257395262], [-97.73542711361108, 30.276807257395262], [-97.73539359034667, 30.276828293355223], [-97.73538078559908, 30.27686233025343]]]}}, {"type": "Feature", "properties": {"kind": "street", "radius_m": 7.6, "source": "snapshot"}, "geometry": {"type": "Polygon", "coordinates": [[[-97.7339574863614, 30.27673928346593], [-97.73397266564558, 30.27677963223086], [-97.7340124055275, 30.27680456913899], [-97.73406152672294, 30.27680456913899], [-97.73410126660485, 30.27677963223086], [-97.73411644588903, 30.27673928346593], [-97.73410126660485, 30.276698934701], [-97.73406152672294, 30.27667399779287], [-97.7340124055275, 30.27667399779287], [-97.73397266564558, 30.276698934701], [-97.7339574863614, 30.27673928346593]]]}}, {"type": "Feature", "properties": {"kind": "street", "radius_m": 6.4, "source": "snapshot"}, "geometry": {"type": "Polygon", "coordinates": [[[-97.73348417105677, 30.27685656941987], [-97.7334969664993, 30.27689058158387], [-97.73353046540275, 30.276911602257258], [-97.73357187232459, 30.276911602257258], [-97.73360537122804, 30.27689058158387], [-97.73361816667057, 30.27685656941987], [-97.73360537122804, 30.27682255725587], [-97.73357187232459, 30.276801536582482], [-97.73353046540275, 30.276801536582482], [-97.7334969664993, 30.27682255725587], [-97.73348417105677, 30.27685656941987]]]}}, {"type": "Feature", "properties": {"kind": "street", "radius_m": 5.1, "source": "snapshot"}, "geometry": {"type": "Polygon", "coordinates": [[[-97.73314650372006, 30.27684389550819], [-97.7331565633143, 30.276870635385894], [-97.73318289967388, 30.27688716153917], [-97.73321545320461, 30.27688716153917], [-97.73324178956419, 30.276870635385894], [-97.73325184915842, 30.27684389550819], [-97.73324178956419, 30.276817155630486], [-97.73321545320461, 30.276800629477208], [-97.73318289967388, 30.276800629477208], [-97.7331565633143, 30.276817155630486], [-97.73314650372006, 30.27684389550819]]]}}, {"type": "Feature", "properties": {"kind": "street", "radius_m": 5.8, "source": "snapshot"}, "geometry": {"type": "Polygon", "coordinates": [[[-97.73254234173233, 30.276733167577216], [-97.73255380813981, 30.27676364697102], [-97.73258382758434, 30.27678248427235], [-97.73262093365841, 30.27678248427235], [-97.73265095310293, 30.27676364697102], [-97.73266241951042, 30.276733167577216], [-97.73265095310293, 30.276702688183413], [-97.73262093365841, 30.276683850882083], [-97.73258382758434, 30.276683850882083], [-97.73255380813981, 30.276702688183413], [-97.73254234173233, 30.276733167577216]]]}}, {"type": "Feature", "properties": {"kind": "street", "radius_m": 5.6, "source": "snapshot"}, "geometry": {"type": "Polygon", "coordinates": [[[-97.73204095515867, 30.2768658972822], [-97.73205198384557, 30.276895213150446], [-97.73208085732271, 30.276913331353434], [-97.73211654690321, 30.276913331353434], [-97.73214542038036, 30.276895213150446], [-97.73215644906726, 30.2768658972822], [-97.73214542038036, 30.276836581413953], [-97.73211654690321, 30.276818463210965], [-97.73208085732271, 30.276818463210965], [-97.73205198384557, 30.276836581413953], [-97.73204095515867, 30.2768658972822]]]}}, {"type": "Feature", "properties": {"kind": "street", "radius_m": 6.3, "source": "snapshot"}, "geometry": {"type": "Polygon", "coordinates": [[[-97.73129897948756, 30.27674402430464], [-97.73131155206747, 30.27677744406707], [-97.73134446750899, 30.276798098616144], [-97.7313851532322, 30.276798098616144], [-97.73141806867372, 30.27677744406707], [-97.73143064125362, 30.27674402430464], [-97.73141806867372, 30.276710604542213], [-97.7313851532322, 30.276689949993138], [-97.73134446750899, 30.276689949993138], [-97.73131155206747, 30.276710604542213], [-97.73129897948756, 30.27674402430464]]]}}, {"type": "Feature", "properties": {"kind": "street", "radius_m": 4.8, "source": "snapshot"}, "geometry": {"type": "Polygon", "coordinates": [[[-97.73083599383318, 30.276854928390772], [-97.73084562098043, 30.276880518760972], [-97.73087082517917, 30.27689633447954], [-97.73090197928211, 30.27689633447954], [-97.73092718348084, 30.276880518760972], [-97.7309368106281, 30.276854928390772], [-97.73092718348084, 30.276829338020573], [-97.73090197928211, 30.276813522302003], [-97.73087082517917, 30.276813522302003], [-97.73084562098043, 30.276829338020573], [-97.73083599383318, 30.276854928390772]]]}}, {"type": "Feature", "properties": {"kind": "street", "radius_m": 7.4, "source": "snapshot"}, "geometry": {"type": "Polygon", "coordinates": [[[-97.75469021295372, 30.27684549246275], [-97.75470494050941, 30.276884640467063], [-97.75474349775078, 30.276908835264322], [-97.75479115712213, 30.276908835264322], [-97.7548297143635, 30.276884640467063], [-97.75484444191919, 30.27684549246275], [-97.7548297143635, 30.27680634445844], [-97.75479115712213, 30.27678214966118], [-97.75474349775078, 30.27678214966118], [-97.75470494050941, 30.27680634445844], [-97.75469021295372, 30.27684549246275]]]}}, {"type": "Feature", "properties": {"kind": "street", "radius_m": 6.7, "source": "snapshot"}, "geometry": {"type": "Polygon", "coordinates": [[[-97.75415253369239, 30.27685010057031], [-97.75416579905423, 30.276885361848777], [-97.75420052822238, 30.276907154517357], [-97.75424345583502, 30.276907154517357], [-97.75427818500317, 30.276885361848777], [-97.75429145036502, 30.27685010057031], [-97.75427818500317, 30.276814839291845], [-97.75424345583502, 30.276793046623265], [-97.75420052822238, 30.276793046623265], [-97.75416579905423, 30.276814839291845], [-97.75415253369239, 30.27685010057031]]]}}, {"type": "Feature", "properties": {"kind": "street", "radius_m": 7.7, "source": "snapshot"}, "geometry": {"type": "Polygon", "coordinates": [[[-97.75396553988624, 30.276847295204036], [-97.7539807612855, 30.276887755917045], [-97.75402061142613, 30.276912762012895], [-97.75406986890887, 30.276912762012895], [-97.7541097190495, 30.276887755917045], [-97.75412494044876, 30.276847295204036], [-97.7541097190495, 30.276806834491026], [-97.75406986890887, 30.276781828395176], [-97.75402061142613, 30.276781828395176], [-97.7539807612855, 30.276806834491026], [-97.75396553988624, 30.276847295204036]]]}}, {"type": "Feature", "properties": {"kind": "street", "radius_m": 6.0, "source": "snapshot"}, "geometry": {"type": "Polygon", "coordinates": [[[-97.75380831008111, 30.276842667644885], [-97.75382020603358, 30.276874288832303], [-97.75385135004149, 30.27689383180089], [-97.75388984615233, 30.27689383180089], [-97.75392099016024, 30.276874288832303], [-97.75393288611271, 30.276842667644885], [-97.75392099016024, 30.276811046457468], [-97.75388984615233, 30.27679150348888], [-97.75385135004149, 30.27679150348888], [-97.75382020603358, 30.276811046457468], [-97.75380831008111, 30.276842667644885]]]}}, {"type": "Feature", "properties": {"kind": "street", "radius_m": 6.9, "source": "snapshot"}, "geometry": {"type": "Polygon", "coordinates": [[[-97.75337749560822, 30.276739830895654], [-97.75339127885546, 30.27677646878951], [-97.75342736386519, 30.276799112253194], [-97.75347196739018, 30.276799112253194], [-97.75350805239991, 30.27677646878951], [-97.75352183564715, 30.276739830895654], [-97.75350805239991, 30.276703193001797], [-97.75347196739018, 30.276680549538113], [-97.75342736386519, 30.276680549538113], [-97.75339127885546, 30.276703193001797], [-97.75337749560822, 30.276739830895654]]]}}, {"type": "Feature", "properties": {"kind": "street", "radius_m": 7.4, "source": "snapshot"}, "geometry": {"type": "Polygon", "coordinates": [[[-97.73038174272253, 30.276749547010613], [-97.73039638601796, 30.27678847103882], [-97.73043472266313, 30.27681252741123], [-97.7304821093626, 30.27681252741123], [-97.73052044600777, 30.27678847103882], [-97.7305350893032, 30.276749547010613], [-97.73052044600777, 30.276710622982407], [-97.7304821093626, 30.276686566609996], [-97.73043472266313, 30.276686566609996], [-97.73039638601796, 30.276710622982407], [-97.73038174272253, 30.276749547010613]]]}}, {"type": "Feature", "properties": {"kind": "street", "radius_m": 4.5, "source": "snapshot"}, "geometry": {"type": "Polygon", "coordinates": [[[-97.75264425109638, 30.277767169843465], [-97.75265326709383, 30.277791135687774], [-97.75267687128158, 30.277805947394125], [-97.75270604766217, 30.277805947394125], [-97.75272965184992, 30.277791135687774], [-97.75273866784737, 30.277767169843465], [-97.75272965184992, 30.277743203999155], [-97.75270604766217, 30.277728392292804], [-97.75267687128158, 30.277728392292804], [-97.75265326709383, 30.277743203999155], [-97.75264425109638, 30.277767169843465]]]}}, {"type": "Feature", "properties": {"kind": "street", "radius_m": 5.3, "source": "snapshot"}, "geometry": {"type": "Polygon", "coordinates": [[[-97.75223240940937, 30.277743782462014], [-97.7522429821248, 30.277771886291173], [-97.75227066185313, 30.27778925541281], [-97.75230487587895, 30.27778925541281], [-97.75233255560728, 30.277771886291173], [-97.7523431283227, 30.277743782462014], [-97.75233255560728, 30.277715678632855], [-97.75230487587895, 30.27769830951122], [-97.75227066185313, 30.27769830951122], [-97.7522429821248, 30.277715678632855], [-97.75223240940937, 30.277743782462014]]]}}, {"type": "Feature", "properties": {"kind": "street", "radius_m": 5.0, "source": "snapshot"}, "geometry": {"type": "Polygon", "coordinates": [[[-97.7520042899929, 30.277757676360643], [-97.75201422253723, 30.277784078521115], [-97.75204022627591, 30.277800395953662], [-97.75207236866459, 30.277800395953662], [-97.75209837240327, 30.277784078521115], [-97.7521083049476, 30.277757676360643], [-97.75209837240327, 30.27773127420017], [-97.75207236866459, 30.277714956767625], [-97.75204022627591, 30.277714956767625], [-97.75201422253723, 30.27773127420017], [-97.7520042899929, 30.277757676360643]]]}}, {"type": "Feature", "properties": {"kind": "street", "radius_m": 6.0, "source": "snapshot"}, "geometry": {"type": "Polygon", "coordinates": [[[-97.75136789281689, 30.277740689813132], [-97.75137971816966, 30.27777212333619], [-97.75141067734515, 30.27779155032183], [-97.75144894499059, 30.27779155032183], [-97.75147990416608, 30.27777212333619], [-97.75149172951885, 30.277740689813132], [-97.75147990416608, 30.277709256290073], [-97.75144894499059, 30.277689829304435], [-97.75141067734515, 30.277689829304435], [-97.75137971816966, 30.277709256290073], [-97.75136789281689, 30.277740689813132]]]}}, {"type": "Feature", "properties": {"kind": "street", "radius_m": 5.6, "source": "snapshot"}, "geometry": {"type": "Polygon", "coordinates": [[[-97.75091230024317, 30.277765369273993], [-97.75092340916312, 30.277794898413458], [-97.75095249269312, 30.277813148425306], [-97.75098844191321, 30.277813148425306], [-97.7510175254432, 30.277794898413458], [-97.75102863436315, 30.277765369273993], [-97.7510175254432, 30.27773584013453], [-97.75098844191321, 30.27771759012268], [-97.75095249269312, 30.27771759012268], [-97.75092340916312, 30.27773584013453], [-97.75091230024317, 30.277765369273993]]]}}, {"type": "Feature", "properties": {"kind": "street", "radius_m": 5.0, "source": "snapshot"}, "geometry": {"type": "Polygon", "coordinates": [[[-97.7483143299396, 30.27776593182642], [-97.74832429721278, 30.27779242630122], [-97.7483503918727, 30.277808800787163], [-97.74838264664625, 30.277808800787163], [-97.74840874130618, 30.27779242630122], [-97.74841870857935, 30.27776593182642], [-97.74840874130618, 30.277739437351617], [-97.74838264664625, 30.277723062865675], [-97.7483503918727, 30.277723062865675], [-97.74832429721278, 30.277739437351617], [-97.7483143299396, 30.27776593182642]]]}}, {"type": "Feature", "properties": {"kind": "street", "radius_m": 4.7, "source": "snapshot"}, "geometry": {"type": "Polygon", "coordinates": [[[-97.74631787046839, 30.277659320046652], [-97.74632727256648, 30.27768431220313], [-97.74635188757883, 30.27769975820529], [-97.74638231340735, 30.27769975820529], [-97.7464069284197, 30.27768431220313], [-97.74641633051779, 30.277659320046652], [-97.7464069284197, 30.277634327890173], [-97.74638231340735, 30.277618881888014], [-97.74635188757883, 30.277618881888014], [-97.74632727256648, 30.277634327890173], [-97.74631787046839, 30.277659320046652]]]}}, {"type": "Feature", "properties": {"kind": "street", "radius_m": 4.6, "source": "snapshot"}, "geometry": {"type": "Polygon", "coordinates": [[[-97.74609099486648, 30.277649367571023], [-97.74610009117829, 30.277673546902733], [-97.7461239056318, 30.277688490551558], [-97.7461533419152, 30.277688490551558], [-97.74617715636872, 30.277673546902733], [-97.74618625268053, 30.277649367571023], [-97.74617715636872, 30.277625188239313], [-97.7461533419152, 30.277610244590488], [-97.7461239056318, 30.277610244590488], [-97.74610009117829, 30.277625188239313], [-97.74609099486648, 30.277649367571023]]]}}, {"type": "Feature", "properties": {"kind": "street", "radius_m": 4.8, "source": "snapshot"}, "geometry": {"type": "Polygon", "coordinates": [[[-97.74494113653203, 30.277643171856166], [-97.74495062090651, 30.27766838271536], [-97.74497545132124, 30.277683963883224], [-97.74500614340175, 30.277683963883224], [-97.74503097381648, 30.27766838271536], [-97.74504045819096, 30.277643171856166], [-97.74503097381648, 30.277617960996974], [-97.74500614340175, 30.27760237982911], [-97.74497545132124, 30.27760237982911], [-97.74495062090651, 30.277617960996974], [-97.74494113653203, 30.277643171856166]]]}}, {"type": "Feature", "properties": {"kind": "street", "radius_m": 5.9, "source": "snapshot"}, "geometry": {"type": "Polygon", "coordinates": [[[-97.7411591671768, 30.27765743420229], [-97.74117092129768, 30.27768867838053], [-97.74120169398566, 30.277707988344638], [-97.74123973111986, 30.277707988344638], [-97.74127050380784, 30.27768867838053], [-97.74128225792872, 30.27765743420229], [-97.74127050380784, 30.277626190024048], [-97.74123973111986, 30.277606880059942], [-97.74120169398566, 30.277606880059942], [-97.74117092129768, 30.277626190024048], [-97.7411591671768, 30.27765743420229]]]}}, {"type": "Feature", "properties": {"kind": "street", "radius_m": 5.3, "source": "snapshot"}, "geometry": {"type": "Polygon", "coordinates": [[[-97.74094314573986, 30.277658028794765], [-97.74095373571012, 30.277686178489787], [-97.74098146061218, 30.277703575958085], [-97.7410157304758, 30.277703575958085], [-97.74104345537785, 30.277686178489787], [-97.74105404534811, 30.277658028794765], [-97.74104345537785, 30.27762987909974], [-97.7410157304758, 30.277612481631444], [-97.74098146061218, 30.277612481631444], [-97.74095373571012, 30.27762987909974], [-97.74094314573986, 30.277658028794765]]]}}, {"type": "Feature", "properties": {"kind": "street", "radius_m": 5.7, "source": "snapshot"}, "geometry": {"type": "Polygon", "coordinates": [[[-97.73638521271002, 30.277639660892422], [-97.73639660479905, 30.277669942736882], [-97.73642642967535, 30.277688657946], [-97.73646329524986, 30.277688657946], [-97.73649312012616, 30.277669942736882], [-97.73650451221519, 30.277639660892422], [-97.73649312012616, 30.277609379047963], [-97.73646329524986, 30.277590663838843], [-97.73642642967535, 30.277590663838843], [-97.73639660479905, 30.277609379047963], [-97.73638521271002, 30.277639660892422]]]}}, {"type": "Feature", "properties": {"kind": "street", "radius_m": 5.3, "source": "snapshot"}, "geometry": {"type": "Polygon", "coordinates": [[[-97.73404432983786, 30.277657551499082], [-97.73405479920798, 30.277685380621264], [-97.73408220837482, 30.27770257996465], [-97.7341160879682, 30.27770257996465], [-97.73414349713504, 30.277685380621264], [-97.73415396650516, 30.277657551499082], [-97.73414349713504, 30.2776297223769], [-97.7341160879682, 30.277612523033515], [-97.73408220837482, 30.277612523033515], [-97.73405479920798, 30.2776297223769], [-97.73404432983786, 30.277657551499082]]]}}, {"type": "Feature", "properties": {"kind": "street", "radius_m": 5.3, "source": "snapshot"}, "geometry": {"type": "Polygon", "coordinates": [[[-97.73235945996146, 30.277765056912727], [-97.7323700051181, 30.27779308748657], [-97.73239761269657, 30.27781041133393], [-97.73243173754027, 30.27781041133393], [-97.73245934511874, 30.27779308748657], [-97.73246989027538, 30.277765056912727], [-97.73245934511874, 30.277737026338883], [-97.73243173754027, 30.277719702491524], [-97.73239761269657, 30.277719702491524], [-97.7323700051181, 30.277737026338883], [-97.73235945996146, 30.277765056912727]]]}}, {"type": "Feature", "properties": {"kind": "street", "radius_m": 4.8, "source": "snapshot"}, "geometry": {"type": "Polygon", "coordinates": [[[-97.7319637324049, 30.277748486650907], [-97.73197330605238, 30.277773934810856], [-97.73199837018689, 30.277789662638654], [-97.73202935116092, 30.277789662638654], [-97.73205441529542, 30.277773934810856], [-97.7320639889429, 30.277748486650907], [-97.73205441529542, 30.277723038490958], [-97.73202935116092, 30.27770731066316], [-97.73199837018689, 30.27770731066316], [-97.73197330605238, 30.277723038490958], [-97.7319637324049, 30.277748486650907]]]}}, {"type": "Feature", "properties": {"kind": "street", "radius_m": 5.5, "source": "snapshot"}, "geometry": {"type": "Polygon", "coordinates": [[[-97.73143947994295, 30.27765136130616], [-97.73145033454287, 30.27768021442569], [-97.73147875225442, 30.277698046634242], [-97.73151387847764, 30.277698046634242], [-97.73154229618919, 30.27768021442569], [-97.73155315078911, 30.27765136130616], [-97.73154229618919, 30.277622508186628], [-97.73151387847764, 30.277604675978075], [-97.73147875225442, 30.277604675978075], [-97.73145033454287, 30.277622508186628], [-97.73143947994295, 30.27765136130616]]]}}, {"type": "Feature", "properties": {"kind": "street", "radius_m": 5.2, "source": "snapshot"}, "geometry": {"type": "Polygon", "coordinates": [[[-97.73102683102609, 30.27764709691931], [-97.7310372246607, 30.27767472472539], [-97.73106443554938, 30.277691799648583], [-97.73109807005751, 30.277691799648583], [-97.7311252809462, 30.27767472472539], [-97.73113567458081, 30.27764709691931], [-97.7311252809462, 30.27761946911323], [-97.73109807005751, 30.277602394190037], [-97.73106443554938, 30.277602394190037], [-97.7310372246607, 30.27761946911323], [-97.73102683102609, 30.27764709691931]]]}}, {"type": "Feature", "properties": {"kind": "street", "radius_m": 5.0, "source": "snapshot"}, "geometry": {"type": "Polygon", "coordinates": [[[-97.75397308392994, 30.27776441420077], [-97.75398307909047, 30.277790982804277], [-97.75400924676048, 30.27780740310428], [-97.75404159177943, 30.27780740310428], [-97.75406775944943, 30.277790982804277], [-97.75407775460997, 30.27776441420077], [-97.75406775944943, 30.277737845597265], [-97.75404159177943, 30.277721425297262], [-97.75400924676048, 30.277721425297262], [-97.75398307909047, 30.277737845597265], [-97.75397308392994, 30.27776441420077]]]}}, {"type": "Feature", "properties": {"kind": "street", "radius_m": 5.3, "source": "snapshot"}, "geometry": {"type": "Polygon", "coordinates": [[[-97.7537580144286, 30.2777536843187], [-97.75376848568813, 30.27778151846321], [-97.75379589980149, 30.277798720910567], [-97.75382978550915, 30.277798720910567], [-97.75385719962252, 30.27778151846321], [-97.75386767088204, 30.2777536843187], [-97.75385719962252, 30.27772585017419], [-97.75382978550915, 30.277708647726833], [-97.75379589980149, 30.277708647726833], [-97.75376848568813, 30.27772585017419], [-97.7537580144286, 30.2777536843187]]]}}, {"type": "Feature", "properties": {"kind": "street", "radius_m": 4.7, "source": "snapshot"}, "geometry": {"type": "Polygon", "coordinates": [[[-97.75355009942614, 30.277743761479925], [-97.75355950193874, 30.27776875473825], [-97.7535841180363, 30.277784201421383], [-97.75361454520625, 30.277784201421383], [-97.75363916130381, 30.27776875473825], [-97.75364856381641, 30.277743761479925], [-97.75363916130381, 30.2777187682216], [-97.75361454520625, 30.277703321538468], [-97.7535841180363, 30.277703321538468], [-97.75355950193874, 30.2777187682216], [-97.75355009942614, 30.277743761479925]]]}}, {"type": "Feature", "properties": {"kind": "street", "radius_m": 5.1, "source": "snapshot"}, "geometry": {"type": "Polygon", "coordinates": [[[-97.73018737270141, 30.27775107866042], [-97.73019758778359, 30.27777823184793], [-97.73022433121594, 30.277795013440713], [-97.73025738791625, 30.277795013440713], [-97.7302841313486, 30.27777823184793], [-97.73029434643078, 30.27775107866042], [-97.7302841313486, 30.27772392547291], [-97.73025738791625, 30.277707143880125], [-97.73022433121594, 30.277707143880125], [-97.73019758778359, 30.27772392547291], [-97.73018737270141, 30.27775107866042]]]}}, {"type": "Feature", "properties": {"kind": "street", "radius_m": 5.4, "source": "snapshot"}, "geometry": {"type": "Polygon", "coordinates": [[[-97.7547052795233, 30.26110964457027], [-97.75471596067817, 30.261138036647377], [-97.75474392430463, 30.26115558391604], [-97.75477848924787, 30.26115558391604], [-97.75480645287433, 30.261138036647377], [-97.75481713402921, 30.26110964457027], [-97.75480645287433, 30.26108125249316], [-97.75477848924787, 30.261063705224498], [-97.75474392430463, 30.261063705224498], [-97.75471596067817, 30.26108125249316], [-97.7547052795233, 30.26110964457027]]]}}, {"type": "Feature", "properties": {"kind": "street", "radius_m": 5.2, "source": "snapshot"}, "geometry": {"type": "Polygon", "coordinates": [[[-97.7543878813258, 30.26119200700082], [-97.75439824729742, 30.261219561274608], [-97.75442538576345, 30.261236590752347], [-97.75445893075226, 30.261236590752347], [-97.7544860692183, 30.261219561274608], [-97.75449643518992, 30.26119200700082], [-97.7544860692183, 30.26116445272703], [-97.75445893075226, 30.26114742324929], [-97.75442538576345, 30.26114742324929], [-97.75439824729742, 30.26116445272703], [-97.7543878813258, 30.26119200700082]]]}}, {"type": "Feature", "properties": {"kind": "street", "radius_m": 5.3, "source": "snapshot"}, "geometry": {"type": "Polygon", "coordinates": [[[-97.75405893607466, 30.261282282709367], [-97.75406944232284, 30.261310209858863], [-97.7540969480377, 30.26132746978646], [-97.75413094697103, 30.26132746978646], [-97.75415845268589, 30.261310209858863], [-97.75416895893407, 30.261282282709367], [-97.75415845268589, 30.26125435555987], [-97.75413094697103, 30.261237095632275], [-97.7540969480377, 30.261237095632275], [-97.75406944232284, 30.26125435555987], [-97.75405893607466, 30.261282282709367]]]}}, {"type": "Feature", "properties": {"kind": "street", "radius_m": 5.8, "source": "snapshot"}, "geometry": {"type": "Polygon", "coordinates": [[[-97.75338634433236, 30.26142753670295], [-97.75339792600472, 30.261458322487726], [-97.75342824721662, 30.26147734914909], [-97.7534657262957, 30.26147734914909], [-97.7534960475076, 30.261458322487726], [-97.75350762917996, 30.26142753670295], [-97.7534960475076, 30.261396750918173], [-97.7534657262957, 30.26137772425681], [-97.75342824721662, 30.26137772425681], [-97.75339792600472, 30.261396750918173], [-97.75338634433236, 30.26142753670295]]]}}, {"type": "Feature", "properties": {"kind": "street", "radius_m": 6.1, "source": "snapshot"}, "geometry": {"type": "Polygon", "coordinates": [[[-97.75332983493973, 30.2613625277581], [-97.75334195126015, 30.26139473471585], [-97.75337367219882, 30.261414639710413], [-97.75341288143531, 30.261414639710413], [-97.75344460237397, 30.26139473471585], [-97.7534567186944, 30.2613625277581], [-97.75344460237397, 30.261330320800347], [-97.75341288143531, 30.261310415805784], [-97.75337367219882, 30.261310415805784], [-97.75334195126015, 30.261330320800347], [-97.75332983493973, 30.2613625277581]]]}}, {"type": "Feature", "properties": {"kind": "street", "radius_m": 5.5, "source": "snapshot"}, "geometry": {"type": "Polygon", "coordinates": [[[-97.75284674491532, 30.261426509455067], [-97.75285767749475, 30.261455569855556], [-97.75288629935926, 30.261473530170786], [-97.75292167792946, 30.261473530170786], [-97.75295029979398, 30.261455569855556], [-97.75296123237341, 30.261426509455067], [-97.75295029979398, 30.261397449054577], [-97.75292167792946, 30.261379488739347], [-97.75288629935926, 30.261379488739347], [-97.75285767749475, 30.261397449054577], [-97.75284674491532, 30.261426509455067]]]}}, {"type": "Feature", "properties": {"kind": "street", "radius_m": 4.5, "source": "snapshot"}, "geometry": {"type": "Polygon", "coordinates": [[[-97.75223586107067, 30.261555314561793], [-97.75224488390057, 30.26157929856777], [-97.75226850597592, 30.261594121498653], [-97.75229770446681, 30.261594121498653], [-97.75232132654216, 30.26157929856777], [-97.75233034937206, 30.261555314561793], [-97.75232132654216, 30.261531330555815], [-97.75229770446681, 30.261516507624933], [-97.75226850597592, 30.261516507624933], [-97.75224488390057, 30.261531330555815], [-97.75223586107067, 30.261555314561793]]]}}, {"type": "Feature", "properties": {"kind": "street", "radius_m": 5.0, "source": "snapshot"}, "geometry": {"type": "Polygon", "coordinates": [[[-97.75217734833925, 30.261466167971065], [-97.75218722672211, 30.261492426162416], [-97.75221308866423, 30.261508654617156], [-97.75224505578274, 30.261508654617156], [-97.75227091772486, 30.261492426162416], [-97.75228079610773, 30.261466167971065], [-97.75227091772486, 30.261439909779714], [-97.75224505578274, 30.261423681324974], [-97.75221308866423, 30.261423681324974], [-97.75218722672211, 30.261439909779714], [-97.75217734833925, 30.261466167971065]]]}}, {"type": "Feature", "properties": {"kind": "street", "radius_m": 5.4, "source": "snapshot"}, "geometry": {"type": "Polygon", "coordinates": [[[-97.75168809941407, 30.261426728294584], [-97.75169876371014, 30.26145507555857], [-97.75172668319975, 30.2614725951312], [-97.7517611935868, 30.2614725951312], [-97.75178911307641, 30.26145507555857], [-97.75179977737248, 30.261426728294584], [-97.75178911307641, 30.2613983810306], [-97.7517611935868, 30.26138086145797], [-97.75172668319975, 30.26138086145797], [-97.75169876371014, 30.2613983810306], [-97.75168809941407, 30.261426728294584]]]}}, {"type": "Feature", "properties": {"kind": "street", "radius_m": 5.0, "source": "snapshot"}, "geometry": {"type": "Polygon", "coordinates": [[[-97.75151000873512, 30.26142258052703], [-97.75151993178164, 30.261448957440905], [-97.75154591065471, 30.2614652592702], [-97.75157802230781, 30.2614652592702], [-97.75160400118088, 30.261448957440905], [-97.7516139242274, 30.26142258052703], [-97.75160400118088, 30.261396203613153], [-97.75157802230781, 30.261379901783858], [-97.75154591065471, 30.261379901783858], [-97.75151993178164, 30.261396203613153], [-97.75151000873512, 30.26142258052703]]]}}, {"type": "Feature", "properties": {"kind": "street", "radius_m": 6.0, "source": "snapshot"}, "geometry": {"type": "Polygon", "coordinates": [[[-97.75120782359889, 30.26151293490993], [-97.75121980844955, 30.26154479240178], [-97.75125118519593, 30.26156448141454], [-97.75128996898736, 30.26156448141454], [-97.75132134573374, 30.26154479240178], [-97.7513333305844, 30.26151293490993], [-97.75132134573374, 30.261481077418082], [-97.75128996898736, 30.261461388405323], [-97.75125118519593, 30.261461388405323], [-97.75121980844955, 30.261481077418082], [-97.75120782359889, 30.26151293490993]]]}}, {"type": "Feature", "properties": {"kind": "street", "radius_m": 5.9, "source": "snapshot"}, "geometry": {"type": "Polygon", "coordinates": [[[-97.75053275740477, 30.261524672214478], [-97.75054450282796, 30.261555893272966], [-97.75057525274508, 30.261575188948274], [-97.75061326173292, 30.261575188948274], [-97.75064401165004, 30.261555893272966], [-97.75065575707323, 30.261524672214478], [-97.75064401165004, 30.26149345115599], [-97.75061326173292, 30.26147415548068], [-97.75057525274508, 30.26147415548068], [-97.75054450282796, 30.26149345115599], [-97.75053275740477, 30.261524672214478]]]}}, {"type": "Feature", "properties": {"kind": "street", "radius_m": 5.8, "source": "snapshot"}, "geometry": {"type": "Polygon", "coordinates": [[[-97.74985110539401, 30.26143187738946], [-97.74986256484044, 30.261462338279756], [-97.74989256606068, 30.261481164145287], [-97.7499296496083, 30.261481164145287], [-97.74995965082854, 30.261462338279756], [-97.74997111027497, 30.26143187738946], [-97.74995965082854, 30.26140141649916], [-97.7499296496083, 30.26138259063363], [-97.74989256606068, 30.26138259063363], [-97.74986256484044, 30.26140141649916], [-97.74985110539401, 30.26143187738946]]]}}, {"type": "Feature", "properties": {"kind": "street", "radius_m": 6.5, "source": "snapshot"}, "geometry": {"type": "Polygon", "coordinates": [[[-97.74954832826019, 30.261503689287082], [-97.7495612017114, 30.261537908809608], [-97.74959490484423, 30.261559057637605], [-97.74963656420746, 30.261559057637605], [-97.74967026734029, 30.261537908809608], [-97.7496831407915, 30.261503689287082], [-97.74967026734029, 30.261469469764556], [-97.74963656420746, 30.26144832093656], [-97.74959490484423, 30.26144832093656], [-97.7495612017114, 30.261469469764556], [-97.74954832826019, 30.261503689287082]]]}}, {"type": "Feature", "properties": {"kind": "street", "radius_m": 4.6, "source": "snapshot"}, "geometry": {"type": "Polygon", "coordinates": [[[-97.74921942959078, 30.26143803738838], [-97.74922857082262, 30.261462336124097], [-97.74925250287828, 30.261477353568655], [-97.7492820845259, 30.261477353568655], [-97.74930601658156, 30.261462336124097], [-97.7493151578134, 30.26143803738838], [-97.74930601658156, 30.261413738652664], [-97.7492820845259, 30.261398721208106], [-97.74925250287828, 30.261398721208106], [-97.74922857082262, 30.261413738652664], [-97.74921942959078, 30.26143803738838]]]}}, {"type": "Feature", "properties": {"kind": "street", "radius_m": 5.0, "source": "snapshot"}, "geometry": {"type": "Polygon", "coordinates": [[[-97.74917141450565, 30.261292967482575], [-97.7491812727175, 30.261319172056357], [-97.74920708185117, 30.26133536737361], [-97.74923898369481, 30.26133536737361], [-97.74926479282848, 30.261319172056357], [-97.74927465104032, 30.261292967482575], [-97.74926479282848, 30.261266762908793], [-97.74923898369481, 30.26125056759154], [-97.74920708185117, 30.26125056759154], [-97.7491812727175, 30.261266762908793], [-97.74917141450565, 30.261292967482575]]]}}, {"type": "Feature", "properties": {"kind": "street", "radius_m": 5.8, "source": "snapshot"}, "geometry": {"type": "Polygon", "coordinates": [[[-97.74883489180114, 30.261198412004017], [-97.74884638857584, 30.26122897211833], [-97.74887648752276, 30.26124785930768], [-97.7489136918672, 30.26124785930768], [-97.74894379081412, 30.26122897211833], [-97.74895528758883, 30.261198412004017], [-97.74894379081412, 30.261167851889702], [-97.7489136918672, 30.261148964700354], [-97.74887648752276, 30.261148964700354], [-97.74884638857584, 30.261167851889702], [-97.74883489180114, 30.261198412004017]]]}}, {"type": "Feature", "properties": {"kind": "street", "radius_m": 5.2, "source": "snapshot"}, "geometry": {"type": "Polygon", "coordinates": [[[-97.74855735519621, 30.261248880006], [-97.7485676885423, 30.261276347556308], [-97.74859474159354, 30.261293323435982], [-97.74862818100388, 30.261293323435982], [-97.74865523405512, 30.261276347556308], [-97.7486655674012, 30.261248880006], [-97.74865523405512, 30.261221412455694], [-97.74862818100388, 30.26120443657602], [-97.74859474159354, 30.26120443657602], [-97.7485676885423, 30.261221412455694], [-97.74855735519621, 30.261248880006]]]}}, {"type": "Feature", "properties": {"kind": "street", "radius_m": 4.6, "source": "snapshot"}, "geometry": {"type": "Polygon", "coordinates": [[[-97.74839556121954, 30.26119969350211], [-97.74840466246026, 30.26122388593554], [-97.74842848981777, 30.26123883768167], [-97.7484579420514, 30.26123883768167], [-97.74848176940891, 30.26122388593554], [-97.74849087064963, 30.26119969350211], [-97.74848176940891, 30.26117550106868], [-97.7484579420514, 30.26116054932255], [-97.74842848981777, 30.26116054932255], [-97.74840466246026, 30.26117550106868], [-97.74839556121954, 30.26119969350211]]]}}, {"type": "Feature", "properties": {"kind": "street", "radius_m": 5.4, "source": "snapshot"}, "geometry": {"type": "Polygon", "coordinates": [[[-97.74820666695689, 30.261160594647077], [-97.74821748114526, 30.261189340346768], [-97.74824579305799, 30.261207106166207], [-97.74828078850668, 30.261207106166207], [-97.7483091004194, 30.261189340346768], [-97.74831991460778, 30.261160594647077], [-97.7483091004194, 30.261131848947386], [-97.74828078850668, 30.261114083127946], [-97.74824579305799, 30.261114083127946], [-97.74821748114526, 30.261131848947386], [-97.74820666695689, 30.261160594647077]]]}}, {"type": "Feature", "properties": {"kind": "street", "radius_m": 5.2, "source": "snapshot"}, "geometry": {"type": "Polygon", "coordinates": [[[-97.74783153769252, 30.260907178015252], [-97.74784192092395, 30.260934778168146], [-97.74786910457675, 30.26095183600073], [-97.74790270541948, 30.26095183600073], [-97.74792988907228, 30.260934778168146], [-97.74794027230371, 30.260907178015252], [-97.74792988907228, 30.260879577862358], [-97.74790270541948, 30.260862520029775], [-97.74786910457675, 30.260862520029775], [-97.74784192092395, 30.260879577862358], [-97.74783153769252, 30.260907178015252]]]}}, {"type": "Feature", "properties": {"kind": "street", "radius_m": 5.6, "source": "snapshot"}, "geometry": {"type": "Polygon", "coordinates": [[[-97.74755855743018, 30.260949201715743], [-97.74756968829055, 30.26097878917611], [-97.74759882926136, 30.260997075232257], [-97.74763484948221, 30.260997075232257], [-97.74766399045302, 30.26097878917611], [-97.74767512131339, 30.260949201715743], [-97.74766399045302, 30.260919614255375], [-97.74763484948221, 30.26090132819923], [-97.74759882926136, 30.26090132819923], [-97.74756968829055, 30.260919614255375], [-97.74755855743018, 30.260949201715743]]]}}, {"type": "Feature", "properties": {"kind": "street", "radius_m": 6.1, "source": "snapshot"}, "geometry": {"type": "Polygon", "coordinates": [[[-97.74720039403144, 30.260873734665605], [-97.74721242687629, 30.26090571973307], [-97.74724392927311, 30.260925487591898], [-97.74728286837703, 30.260925487591898], [-97.74731437077385, 30.26090571973307], [-97.7473264036187, 30.260873734665605], [-97.74731437077385, 30.26084174959814], [-97.74728286837703, 30.260821981739312], [-97.74724392927311, 30.260821981739312], [-97.74721242687629, 30.26084174959814], [-97.74720039403144, 30.260873734665605]]]}}, {"type": "Feature", "properties": {"kind": "street", "radius_m": 5.3, "source": "snapshot"}, "geometry": {"type": "Polygon", "coordinates": [[[-97.74671144656192, 30.260750047763473], [-97.74672191110905, 30.260777864065407], [-97.74674930764908, 30.260795055485442], [-97.74678317163492, 30.260795055485442], [-97.74681056817495, 30.260777864065407], [-97.74682103272208, 30.260750047763473], [-97.74681056817495, 30.26072223146154], [-97.74678317163492, 30.260705040041504], [-97.74674930764908, 30.260705040041504], [-97.74672191110905, 30.26072223146154], [-97.74671144656192, 30.260750047763473]]]}}, {"type": "Feature", "properties": {"kind": "street", "radius_m": 5.7, "source": "snapshot"}, "geometry": {"type": "Polygon", "coordinates": [[[-97.74637101936885, 30.26069573624066], [-97.74638228845572, 30.260725691127313], [-97.74641179130816, 30.260744204265393], [-97.74644825883931, 30.260744204265393], [-97.74647776169175, 30.260725691127313], [-97.74648903077862, 30.26069573624066], [-97.74647776169175, 30.260665781354007], [-97.74644825883931, 30.260647268215926], [-97.74641179130816, 30.260647268215926], [-97.74638228845572, 30.260665781354007], [-97.74637101936885, 30.26069573624066]]]}}, {"type": "Feature", "properties": {"kind": "street", "radius_m": 4.6, "source": "snapshot"}, "geometry": {"type": "Polygon", "coordinates": [[[-97.74585376304094, 30.260491969210427], [-97.74586299931894, 30.2605165205928], [-97.7458871802087, 30.26053169418158], [-97.74591706943217, 30.26053169418158], [-97.74594125032192, 30.2605165205928], [-97.74595048659992, 30.260491969210427], [-97.74594125032192, 30.260467417828053], [-97.74591706943217, 30.260452244239275], [-97.7458871802087, 30.260452244239275], [-97.74586299931894, 30.260467417828053], [-97.74585376304094, 30.260491969210427]]]}}, {"type": "Feature", "properties": {"kind": "street", "radius_m": 4.9, "source": "snapshot"}, "geometry": {"type": "Polygon", "coordinates": [[[-97.7455184309915, 30.26049397827904], [-97.74552817228971, 30.260519872079247], [-97.74555367533954, 30.260535875327875], [-97.74558519884276, 30.260535875327875], [-97.74561070189259, 30.260519872079247], [-97.7456204431908, 30.26049397827904], [-97.74561070189259, 30.260468084478834], [-97.74558519884276, 30.260452081230206], [-97.74555367533954, 30.260452081230206], [-97.74552817228971, 30.260468084478834], [-97.7455184309915, 30.26049397827904]]]}}, {"type": "Feature", "properties": {"kind": "street", "radius_m": 5.0, "source": "snapshot"}, "geometry": {"type": "Polygon", "coordinates": [[[-97.74516739545058, 30.260510926294923], [-97.74517733747996, 30.260537353668024], [-97.7452033660508, 30.260553686682837], [-97.7452355391337, 30.260553686682837], [-97.74526156770455, 30.260537353668024], [-97.74527150973393, 30.260510926294923], [-97.74526156770455, 30.260484498921823], [-97.7452355391337, 30.26046816590701], [-97.7452033660508, 30.26046816590701], [-97.74517733747996, 30.260484498921823], [-97.74516739545058, 30.260510926294923]]]}}, {"type": "Feature", "properties": {"kind": "street", "radius_m": 4.6, "source": "snapshot"}, "geometry": {"type": "Polygon", "coordinates": [[[-97.74385430742174, 30.260528711208316], [-97.74386351521038, 30.260553186861802], [-97.74388762151403, 30.260568313647553], [-97.74391741854402, 30.260568313647553], [-97.74394152484767, 30.260553186861802], [-97.7439507326363, 30.260528711208316], [-97.74394152484767, 30.26050423555483], [-97.74391741854402, 30.26048910876908], [-97.74388762151403, 30.26048910876908], [-97.74386351521038, 30.26050423555483], [-97.74385430742174, 30.260528711208316]]]}}, {"type": "Feature", "properties": {"kind": "street", "radius_m": 4.5, "source": "snapshot"}, "geometry": {"type": "Polygon", "coordinates": [[[-97.74369527177116, 30.260549710543348], [-97.74370429747218, 30.260573702181155], [-97.74372792706417, 30.260588529828766], [-97.74375713484618, 30.260588529828766], [-97.74378076443817, 30.260573702181155], [-97.74378979013919, 30.260549710543348], [-97.74378076443817, 30.26052571890554], [-97.74375713484618, 30.26051089125793], [-97.74372792706417, 30.26051089125793], [-97.74370429747218, 30.26052571890554], [-97.74369527177116, 30.260549710543348]]]}}, {"type": "Feature", "properties": {"kind": "street", "radius_m": 6.1, "source": "snapshot"}, "geometry": {"type": "Polygon", "coordinates": [[[-97.74315155989967, 30.260653884611834], [-97.74316365464897, 30.26068603423037], [-97.7431953191137, 30.26070590378735], [-97.74323445854456, 30.26070590378735], [-97.74326612300929, 30.26068603423037], [-97.74327821775859, 30.260653884611834], [-97.74326612300929, 30.260621734993297], [-97.74323445854456, 30.260601865436318], [-97.7431953191137, 30.260601865436318], [-97.74316365464897, 30.260621734993297], [-97.74315155989967, 30.260653884611834]]]}}, {"type": "Feature", "properties": {"kind": "street", "radius_m": 6.4, "source": "snapshot"}, "geometry": {"type": "Polygon", "coordinates": [[[-97.7425011545647, 30.26080442394145], [-97.74251395308744, 30.26083844429308], [-97.74254746005495, 30.26085947002669], [-97.74258887694454, 30.26085947002669], [-97.74262238391205, 30.26083844429308], [-97.74263518243478, 30.26080442394145], [-97.74262238391205, 30.260770403589824], [-97.74258887694454, 30.26074937785621], [-97.74254746005495, 30.26074937785621], [-97.74251395308744, 30.260770403589824], [-97.7425011545647, 30.26080442394145]]]}}, {"type": "Feature", "properties": {"kind": "street", "radius_m": 6.1, "source": "snapshot"}, "geometry": {"type": "Polygon", "coordinates": [[[-97.74220008788242, 30.260970955617804], [-97.74221212296742, 30.261002946639852], [-97.74224363122894, 30.261022718178815], [-97.74228257758207, 30.261022718178815], [-97.7423140858436, 30.261002946639852], [-97.7423261209286, 30.260970955617804], [-97.7423140858436, 30.260938964595756], [-97.74228257758207, 30.260919193056793], [-97.74224363122894, 30.260919193056793], [-97.74221212296742, 30.260938964595756], [-97.74220008788242, 30.260970955617804]]]}}, {"type": "Feature", "properties": {"kind": "street", "radius_m": 4.8, "source": "snapshot"}, "geometry": {"type": "Polygon", "coordinates": [[[-97.7420612586476, 30.261005040590792], [-97.74207083310392, 30.26103049090078], [-97.74209589935602, 30.261046220057377], [-97.74212688294755, 30.261046220057377], [-97.74215194919964, 30.26103049090078], [-97.74216152365597, 30.261005040590792], [-97.74215194919964, 30.260979590280805], [-97.74212688294755, 30.260963861124207], [-97.74209589935602, 30.260963861124207], [-97.74207083310392, 30.260979590280805], [-97.7420612586476, 30.261005040590792]]]}}, {"type": "Feature", "properties": {"kind": "street", "radius_m": 6.1, "source": "snapshot"}, "geometry": {"type": "Polygon", "coordinates": [[[-97.74183862606563, 30.26099941647584], [-97.74185070594274, 30.261031526561933], [-97.74188233147159, 30.26105137168652], [-97.74192142277506, 30.26105137168652], [-97.74195304830391, 30.261031526561933], [-97.74196512818102, 30.26099941647584], [-97.74195304830391, 30.260967306389748], [-97.74192142277506, 30.26094746126516], [-97.74188233147159, 30.26094746126516], [-97.74185070594274, 30.260967306389748], [-97.74183862606563, 30.26099941647584]]]}}, {"type": "Feature", "properties": {"kind": "street", "radius_m": 5.1, "source": "snapshot"}, "geometry": {"type": "Polygon", "coordinates": [[[-97.74168243905767, 30.261053435830064], [-97.74169258324156, 30.261080400559525], [-97.74171914105978, 30.26109706567883], [-97.74175196832843, 30.26109706567883], [-97.74177852614665, 30.261080400559525], [-97.74178867033054, 30.261053435830064], [-97.74177852614665, 30.261026471100603], [-97.74175196832843, 30.2610098059813], [-97.74171914105978, 30.2610098059813], [-97.74169258324156, 30.261026471100603], [-97.74168243905767, 30.261053435830064]]]}}, {"type": "Feature", "properties": {"kind": "street", "radius_m": 4.8, "source": "snapshot"}, "geometry": {"type": "Polygon", "coordinates": [[[-97.74151854011981, 30.261107739003656], [-97.7415281586982, 30.261133306596566], [-97.74155334046335, 30.261149108237994], [-97.74158446683688, 30.261149108237994], [-97.74160964860204, 30.261133306596566], [-97.74161926718043, 30.261107739003656], [-97.74160964860204, 30.261082171410745], [-97.74158446683688, 30.261066369769317], [-97.74155334046335, 30.261066369769317], [-97.7415281586982, 30.261082171410745], [-97.74151854011981, 30.261107739003656]]]}}, {"type": "Feature", "properties": {"kind": "street", "radius_m": 4.8, "source": "snapshot"}, "geometry": {"type": "Polygon", "coordinates": [[[-97.74122921044585, 30.26126841045327], [-97.74123873777057, 30.261293735480525], [-97.74126368063052, 30.261309387208136], [-97.74129451170096, 30.261309387208136], [-97.74131945456091, 30.261293735480525], [-97.74132898188563, 30.26126841045327], [-97.74131945456091, 30.261243085426013], [-97.74129451170096, 30.2612274336984], [-97.74126368063052, 30.2612274336984], [-97.74123873777057, 30.261243085426013], [-97.74122921044585, 30.26126841045327]]]}}, {"type": "Feature", "properties": {"kind": "street", "radius_m": 5.0, "source": "snapshot"}, "geometry": {"type": "Polygon", "coordinates": [[[-97.74068615641022, 30.261244269278166], [-97.74069608446555, 30.261270659506184], [-97.74072207645185, 30.26128696956407], [-97.74075420431376, 30.26128696956407], [-97.74078019630005, 30.261270659506184], [-97.74079012435539, 30.261244269278166], [-97.74078019630005, 30.261217879050147], [-97.74075420431376, 30.261201568992263], [-97.74072207645185, 30.261201568992263], [-97.74069608446555, 30.261217879050147], [-97.74068615641022, 30.261244269278166]]]}}, {"type": "Feature", "properties": {"kind": "street", "radius_m": 5.2, "source": "snapshot"}, "geometry": {"type": "Polygon", "coordinates": [[[-97.74016983026678, 30.261219912129928], [-97.74018023546348, 30.261247570669767], [-97.74020747662213, 30.261264664587465], [-97.74024114854602, 30.261264664587465], [-97.74026838970467, 30.261247570669767], [-97.74027879490137, 30.261219912129928], [-97.74026838970467, 30.26119225359009], [-97.74024114854602, 30.26117515967239], [-97.74020747662213, 30.26117515967239], [-97.74018023546348, 30.26119225359009], [-97.74016983026678, 30.261219912129928]]]}}, {"type": "Feature", "properties": {"kind": "street", "radius_m": 5.9, "source": "snapshot"}, "geometry": {"type": "Polygon", "coordinates": [[[-97.73984032510273, 30.2612336142728], [-97.73985213257583, 30.261265000269066], [-97.73988304494173, 30.261284397881532], [-97.73992125472734, 30.261284397881532], [-97.73995216709324, 30.261265000269066], [-97.73996397456634, 30.2612336142728], [-97.73995216709324, 30.261202228276534], [-97.73992125472734, 30.26118283066407], [-97.73988304494173, 30.26118283066407], [-97.73985213257583, 30.261202228276534], [-97.73984032510273, 30.2612336142728]]]}}, {"type": "Feature", "properties": {"kind": "street", "radius_m": 4.6, "source": "snapshot"}, "geometry": {"type": "Polygon", "coordinates": [[[-97.73955278726065, 30.261385403037206], [-97.73956195355315, 30.26140976838787], [-97.7395859512185, 30.261424827002728], [-97.73961561396418, 30.261424827002728], [-97.73963961162953, 30.26140976838787], [-97.73964877792203, 30.261385403037206], [-97.73963961162953, 30.26136103768654], [-97.73961561396418, 30.261345979071685], [-97.7395859512185, 30.261345979071685], [-97.73956195355315, 30.26136103768654], [-97.73955278726065, 30.261385403037206]]]}}, {"type": "Feature", "properties": {"kind": "street", "radius_m": 6.4, "source": "snapshot"}, "geometry": {"type": "Polygon", "coordinates": [[[-97.73902272944225, 30.261501286241405], [-97.73903552822834, 30.261535307293045], [-97.73906903588531, 30.261556333459293], [-97.73911045362709, 30.261556333459293], [-97.73914396128406, 30.261535307293045], [-97.73915676007014, 30.261501286241405], [-97.73914396128406, 30.261467265189765], [-97.73911045362709, 30.261446239023517], [-97.73906903588531, 30.261446239023517], [-97.73903552822834, 30.261467265189765], [-97.73902272944225, 30.261501286241405]]]}}, {"type": "Feature", "properties": {"kind": "street", "radius_m": 5.8, "source": "snapshot"}, "geometry": {"type": "Polygon", "coordinates": [[[-97.73803618753753, 30.26163232200294], [-97.73804772384779, 30.26166298720856], [-97.73807792630012, 30.261681939347906], [-97.73811525858432, 30.261681939347906], [-97.73814546103665, 30.26166298720856], [-97.7381569973469, 30.26163232200294], [-97.73814546103665, 30.261601656797318], [-97.73811525858432, 30.26158270465797], [-97.73807792630012, 30.26158270465797], [-97.73804772384779, 30.261601656797318], [-97.73803618753753, 30.26163232200294]]]}}, {"type": "Feature", "properties": {"kind": "street", "radius_m": 6.1, "source": "snapshot"}, "geometry": {"type": "Polygon", "coordinates": [[[-97.73715825143296, 30.261523098857584], [-97.73717039918962, 30.261555389377524], [-97.73720220242949, 30.261575346016365], [-97.73724151339586, 30.261575346016365], [-97.73727331663572, 30.261555389377524], [-97.73728546439239, 30.261523098857584], [-97.73727331663572, 30.261490808337644], [-97.73724151339586, 30.261470851698803], [-97.73720220242949, 30.261470851698803], [-97.73717039918962, 30.261490808337644], [-97.73715825143296, 30.261523098857584]]]}}, {"type": "Feature", "properties": {"kind": "street", "radius_m": 5.2, "source": "snapshot"}, "geometry": {"type": "Polygon", "coordinates": [[[-97.73666622867778, 30.26146043121247], [-97.73667663200665, 30.261488084787334], [-97.73670386827526, 30.26150517563651], [-97.7367375341547, 30.26150517563651], [-97.7367647704233, 30.261488084787334], [-97.73677517375218, 30.26146043121247], [-97.7367647704233, 30.261432777637605], [-97.7367375341547, 30.26141568678843], [-97.73670386827526, 30.26141568678843], [-97.73667663200665, 30.261432777637605], [-97.73666622867778, 30.26146043121247]]]}}, {"type": "Feature", "properties": {"kind": "street", "radius_m": 6.2, "source": "snapshot"}, "geometry": {"type": "Polygon", "coordinates": [[[-97.73621612280334, 30.261493015672222], [-97.73622848755112, 30.261525882986383], [-97.7362608588811, 30.261546196103655], [-97.73630087204545, 30.261546196103655], [-97.73633324337543, 30.261525882986383], [-97.7363456081232, 30.261493015672222], [-97.73633324337543, 30.26146014835806], [-97.73630087204545, 30.26143983524079], [-97.7362608588811, 30.26143983524079], [-97.73622848755112, 30.26146014835806], [-97.73621612280334, 30.261493015672222]]]}}, {"type": "Feature", "properties": {"kind": "street", "radius_m": 5.8, "source": "snapshot"}, "geometry": {"type": "Polygon", "coordinates": [[[-97.7361685016659, 30.261364356852766], [-97.73618001310466, 30.261394955946308], [-97.73621015044259, 30.26141386722614], [-97.73624740224093, 30.26141386722614], [-97.73627753957886, 30.261394955946308], [-97.73628905101762, 30.261364356852766], [-97.73627753957886, 30.261333757759225], [-97.73624740224093, 30.261314846479394], [-97.73621015044259, 30.261314846479394], [-97.73618001310466, 30.261333757759225], [-97.7361685016659, 30.261364356852766]]]}}, {"type": "Feature", "properties": {"kind": "street", "radius_m": 5.3, "source": "snapshot"}, "geometry": {"type": "Polygon", "coordinates": [[[-97.73572644149866, 30.261440831218824], [-97.73573694636165, 30.261468754686263], [-97.73576444845001, 30.261486012338224], [-97.73579844290076, 30.261486012338224], [-97.73582594498912, 30.261468754686263], [-97.73583644985212, 30.261440831218824], [-97.73582594498912, 30.261412907751385], [-97.73579844290076, 30.261395650099423], [-97.73576444845001, 30.261395650099423], [-97.73573694636165, 30.261412907751385], [-97.73572644149866, 30.261440831218824]]]}}, {"type": "Feature", "properties": {"kind": "street", "radius_m": 6.3, "source": "snapshot"}, "geometry": {"type": "Polygon", "coordinates": [[[-97.73538523198903, 30.261453815667167], [-97.7353977825799, 30.261487176979493], [-97.73543064045334, 30.261507795404423], [-97.73547125501854, 30.261507795404423], [-97.73550411289199, 30.261487176979493], [-97.73551666348285, 30.261453815667167], [-97.73550411289199, 30.26142045435484], [-97.73547125501854, 30.26139983592991], [-97.73543064045334, 30.26139983592991], [-97.7353977825799, 30.26142045435484], [-97.73538523198903, 30.261453815667167]]]}}, {"type": "Feature", "properties": {"kind": "street", "radius_m": 6.1, "source": "snapshot"}, "geometry": {"type": "Polygon", "coordinates": [[[-97.73516629587587, 30.261372262998716], [-97.73517844466454, 30.261404556261855], [-97.7352102506062, 30.261424514596083], [-97.73524956491218, 30.261424514596083], [-97.73528137085384, 30.261404556261855], [-97.73529351964251, 30.261372262998716], [-97.73528137085384, 30.261339969735577], [-97.73524956491218, 30.26132001140135], [-97.7352102506062, 30.26132001140135], [-97.73517844466454, 30.261339969735577], [-97.73516629587587, 30.261372262998716]]]}}, {"type": "Feature", "properties": {"kind": "street", "radius_m": 6.0, "source": "snapshot"}, "geometry": {"type": "Polygon", "coordinates": [[[-97.73465143198206, 30.261343917716975], [-97.73466340379458, 30.26137574055158], [-97.73469474640672, 30.26139540814498], [-97.7347334880059, 30.26139540814498], [-97.73476483061803, 30.26137574055158], [-97.73477680243056, 30.261343917716975], [-97.73476483061803, 30.26131209488237], [-97.7347334880059, 30.261292427288968], [-97.73469474640672, 30.261292427288968], [-97.73466340379458, 30.26131209488237], [-97.73465143198206, 30.261343917716975]]]}}, {"type": "Feature", "properties": {"kind": "street", "radius_m": 4.8, "source": "snapshot"}, "geometry": {"type": "Polygon", "coordinates": [[[-97.73422900897202, 30.261382316680145], [-97.73423851443097, 30.26140758358498], [-97.73426340004559, 30.26142319939096], [-97.73429416035691, 30.26142319939096], [-97.73431904597153, 30.26140758358498], [-97.73432855143048, 30.261382316680145], [-97.73431904597153, 30.26135704977531], [-97.73429416035691, 30.261341433969328], [-97.73426340004559, 30.261341433969328], [-97.73423851443097, 30.26135704977531], [-97.73422900897202, 30.261382316680145]]]}}, {"type": "Feature", "properties": {"kind": "street", "radius_m": 4.7, "source": "snapshot"}, "geometry": {"type": "Polygon", "coordinates": [[[-97.73386127441405, 30.261183383216956], [-97.73387063567368, 30.261208266818844], [-97.73389514376959, 30.26122364573057], [-97.73392543744211, 30.26122364573057], [-97.73394994553801, 30.261208266818844], [-97.73395930679764, 30.261183383216956], [-97.73394994553801, 30.261158499615068], [-97.73392543744211, 30.26114312070334], [-97.73389514376959, 30.26114312070334], [-97.73387063567368, 30.261158499615068], [-97.73386127441405, 30.261183383216956]]]}}, {"type": "Feature", "properties": {"kind": "street", "radius_m": 5.5, "source": "snapshot"}, "geometry": {"type": "Polygon", "coordinates": [[[-97.73337432339932, 30.261238039465187], [-97.73338517082915, 30.261266873525564], [-97.73341356976914, 30.26128469395491], [-97.73344867278948, 30.26128469395491], [-97.73347707172947, 30.261266873525564], [-97.7334879191593, 30.261238039465187], [-97.73347707172947, 30.26120920540481], [-97.73344867278948, 30.261191384975465], [-97.73341356976914, 30.261191384975465], [-97.73338517082915, 30.26120920540481], [-97.73337432339932, 30.261238039465187]]]}}, {"type": "Feature", "properties": {"kind": "street", "radius_m": 4.8, "source": "snapshot"}, "geometry": {"type": "Polygon", "coordinates": [[[-97.73306475365573, 30.26115207063713], [-97.73307430630246, 30.261177462974008], [-97.73309931545627, 30.261193156301253], [-97.73313022847047, 30.261193156301253], [-97.73315523762429, 30.261177462974008], [-97.73316479027102, 30.26115207063713], [-97.73315523762429, 30.261126678300254], [-97.73313022847047, 30.26111098497301], [-97.73309931545627, 30.26111098497301], [-97.73307430630246, 30.261126678300254], [-97.73306475365573, 30.26115207063713]]]}}, {"type": "Feature", "properties": {"kind": "street", "radius_m": 4.7, "source": "snapshot"}, "geometry": {"type": "Polygon", "coordinates": [[[-97.73285236673392, 30.260981442613545], [-97.73286179448458, 30.261006502958324], [-97.73288647665623, 30.261021991103167], [-97.73291698549824, 30.261021991103167], [-97.73294166766989, 30.261006502958324], [-97.73295109542055, 30.260981442613545], [-97.73294166766989, 30.260956382268766], [-97.73291698549824, 30.260940894123923], [-97.73288647665623, 30.260940894123923], [-97.73286179448458, 30.260956382268766], [-97.73285236673392, 30.260981442613545]]]}}, {"type": "Feature", "properties": {"kind": "street", "radius_m": 6.2, "source": "snapshot"}, "geometry": {"type": "Polygon", "coordinates": [[[-97.73249185866537, 30.260929929092047], [-97.73250412064169, 30.26096252322455], [-97.73253622291244, 30.26098266750627], [-97.73257590350133, 30.26098266750627], [-97.73260800577208, 30.26096252322455], [-97.7326202677484, 30.260929929092047], [-97.73260800577208, 30.260897334959544], [-97.73257590350133, 30.260877190677824], [-97.73253622291244, 30.260877190677824], [-97.73250412064169, 30.260897334959544], [-97.73249185866537, 30.260929929092047]]]}}, {"type": "Feature", "properties": {"kind": "street", "radius_m": 5.4, "source": "snapshot"}, "geometry": {"type": "Polygon", "coordinates": [[[-97.73220237770731, 30.26101227296281], [-97.73221301342673, 30.26104054426583], [-97.73224085810166, 30.261058016891997], [-97.73227527601269, 30.261058016891997], [-97.73230312068762, 30.26104054426583], [-97.73231375640704, 30.26101227296281], [-97.73230312068762, 30.26098400165979], [-97.73227527601269, 30.26096652903362], [-97.73224085810166, 30.26096652903362], [-97.73221301342673, 30.26098400165979], [-97.73220237770731, 30.26101227296281]]]}}, {"type": "Feature", "properties": {"kind": "street", "radius_m": 6.3, "source": "snapshot"}, "geometry": {"type": "Polygon", "coordinates": [[[-97.73203432457449, 30.260974268976454], [-97.73204675542142, 30.261007311991865], [-97.73207929980121, 30.261027733698477], [-97.73211952686692, 30.261027733698477], [-97.73215207124672, 30.261007311991865], [-97.73216450209365, 30.260974268976454], [-97.73215207124672, 30.260941225961044], [-97.73211952686692, 30.260920804254432], [-97.73207929980121, 30.260920804254432], [-97.73204675542142, 30.260941225961044], [-97.73203432457449, 30.260974268976454]]]}}, {"type": "Feature", "properties": {"kind": "street", "radius_m": 4.7, "source": "snapshot"}, "geometry": {"type": "Polygon", "coordinates": [[[-97.73185858525582, 30.260808096750445], [-97.73186797062927, 30.260833044450354], [-97.73189254185591, 30.26084846297684], [-97.73192291356234, 30.26084846297684], [-97.73194748478899, 30.260833044450354], [-97.73195687016243, 30.260808096750445], [-97.73194748478899, 30.260783149050535], [-97.73192291356234, 30.26076773052405], [-97.73189254185591, 30.26076773052405], [-97.73186797062927, 30.260783149050535], [-97.73185858525582, 30.260808096750445]]]}}, {"type": "Feature", "properties": {"kind": "street", "radius_m": 6.4, "source": "snapshot"}, "geometry": {"type": "Polygon", "coordinates": [[[-97.73154973841639, 30.26090299208553], [-97.7315624746085, 30.260936846753218], [-97.73159581839234, 30.260957770088527], [-97.73163703357578, 30.260957770088527], [-97.73167037735962, 30.260936846753218], [-97.73168311355172, 30.26090299208553], [-97.73167037735962, 30.260869137417842], [-97.73163703357578, 30.260848214082532], [-97.73159581839234, 30.260848214082532], [-97.7315624746085, 30.260869137417842], [-97.73154973841639, 30.26090299208553]]]}}, {"type": "Feature", "properties": {"kind": "street", "radius_m": 6.3, "source": "snapshot"}, "geometry": {"type": "Polygon", "coordinates": [[[-97.73136797351837, 30.260903866621486], [-97.73138058047749, 30.26093737776892], [-97.73141358592497, 30.260958088797032], [-97.73145438290166, 30.260958088797032], [-97.73148738834914, 30.26093737776892], [-97.73149999530825, 30.260903866621486], [-97.73148738834914, 30.260870355474054], [-97.73145438290166, 30.26084964444594], [-97.73141358592497, 30.26084964444594], [-97.73138058047749, 30.260870355474054], [-97.73136797351837, 30.260903866621486]]]}}, {"type": "Feature", "properties": {"kind": "street", "radius_m": 5.9, "source": "snapshot"}, "geometry": {"type": "Polygon", "coordinates": [[[-97.73066908566403, 30.260785713229833], [-97.73068072371207, 30.260816648869397], [-97.73071119251738, 30.260835768146112], [-97.73074885403192, 30.260835768146112], [-97.73077932283722, 30.260816648869397], [-97.73079096088526, 30.260785713229833], [-97.73077932283722, 30.260754777590268], [-97.73074885403192, 30.260735658313553], [-97.73071119251738, 30.260735658313553], [-97.73068072371207, 30.260754777590268], [-97.73066908566403, 30.260785713229833]]]}}, {"type": "Feature", "properties": {"kind": "street", "radius_m": 6.1, "source": "snapshot"}, "geometry": {"type": "Polygon", "coordinates": [[[-97.73036856412713, 30.26091475657703], [-97.73038075093476, 30.260947150900144], [-97.73041265641135, 30.26096717169287], [-97.73045209374928, 30.26096717169287], [-97.73048399922587, 30.260947150900144], [-97.73049618603349, 30.26091475657703], [-97.73048399922587, 30.260882362253916], [-97.73045209374928, 30.26086234146119], [-97.73041265641135, 30.26086234146119], [-97.73038075093476, 30.260882362253916], [-97.73036856412713, 30.26091475657703]]]}}, {"type": "Feature", "properties": {"kind": "street", "radius_m": 5.8, "source": "snapshot"}, "geometry": {"type": "Polygon", "coordinates": [[[-97.73032281076556, 30.260829042019807], [-97.7303343784887, 30.260859790725537], [-97.7303646631811, 30.260878794470788], [-97.73040209711958, 30.260878794470788], [-97.73043238181198, 30.260859790725537], [-97.73044394953513, 30.260829042019807], [-97.73043238181198, 30.260798293314078], [-97.73040209711958, 30.260779289568827], [-97.7303646631811, 30.260779289568827], [-97.7303343784887, 30.260798293314078], [-97.73032281076556, 30.260829042019807]]]}}, {"type": "Feature", "properties": {"kind": "street", "radius_m": 4.8, "source": "snapshot"}, "geometry": {"type": "Polygon", "coordinates": [[[-97.72999697593629, 30.261028817280863], [-97.7300065052612, 30.261054147624925], [-97.73003145335771, 30.2610698026385], [-97.7300622909009, 30.2610698026385], [-97.73008723899741, 30.261054147624925], [-97.73009676832233, 30.261028817280863], [-97.73008723899741, 30.2610034869368], [-97.7300622909009, 30.260987831923227], [-97.73003145335771, 30.260987831923227], [-97.7300065052612, 30.2610034869368], [-97.72999697593629, 30.261028817280863]]]}}, {"type": "Feature", "properties": {"kind": "street", "radius_m": 6.1, "source": "snapshot"}, "geometry": {"type": "Polygon", "coordinates": [[[-97.7299958469801, 30.261322749598243], [-97.73000790659283, 30.26135480581863], [-97.73003947906884, 30.26137461765238], [-97.73007850479539, 30.26137461765238], [-97.73011007727139, 30.26135480581863], [-97.73012213688412, 30.261322749598243], [-97.73011007727139, 30.261290693377855], [-97.73007850479539, 30.261270881544107], [-97.73003947906884, 30.261270881544107], [-97.73000790659283, 30.261290693377855], [-97.7299958469801, 30.261322749598243]]]}}, {"type": "Feature", "properties": {"kind": "street", "radius_m": 6.4, "source": "snapshot"}, "geometry": {"type": "Polygon", "coordinates": [[[-97.75241381195609, 30.25990321648487], [-97.75242656299154, 30.259937110608366], [-97.75245994563578, 30.259958058328703], [-97.75250120885333, 30.259958058328703], [-97.75253459149756, 30.259937110608366], [-97.75254734253302, 30.25990321648487], [-97.75253459149756, 30.25986932236137], [-97.75250120885333, 30.259848374641034], [-97.75245994563578, 30.259848374641034], [-97.75242656299154, 30.25986932236137], [-97.75241381195609, 30.25990321648487]]]}}, {"type": "Feature", "properties": {"kind": "street", "radius_m": 4.9, "source": "snapshot"}, "geometry": {"type": "Polygon", "coordinates": [[[-97.7524079843718, 30.26004804760101], [-97.75241764571037, 30.260073728856757], [-97.75244293942313, 30.26008960074568], [-97.7524742041715, 30.26008960074568], [-97.75249949788427, 30.260073728856757], [-97.75250915922284, 30.26004804760101], [-97.75249949788427, 30.260022366345265], [-97.7524742041715, 30.26000649445634], [-97.75244293942313, 30.26000649445634], [-97.75241764571037, 30.260022366345265], [-97.7524079843718, 30.26004804760101]]]}}, {"type": "Feature", "properties": {"kind": "street", "radius_m": 5.9, "source": "snapshot"}, "geometry": {"type": "Polygon", "coordinates": [[[-97.75226822192425, 30.260285392987242], [-97.7522799155419, 30.260316476338982], [-97.75231052983032, 30.260335686906842], [-97.75234837117192, 30.260335686906842], [-97.75237898546034, 30.260316476338982], [-97.75239067907799, 30.260285392987242], [-97.75237898546034, 30.260254309635503], [-97.75234837117192, 30.260235099067643], [-97.75231052983032, 30.260235099067643], [-97.7522799155419, 30.260254309635503], [-97.75226822192425, 30.260285392987242]]]}}, {"type": "Feature", "properties": {"kind": "street", "radius_m": 6.1, "source": "snapshot"}, "geometry": {"type": "Polygon", "coordinates": [[[-97.75222843716537, 30.260443626525074], [-97.75224056270604, 30.26047585799158], [-97.7522723077836, 30.260495778133386], [-97.75231154685743, 30.260495778133386], [-97.75234329193499, 30.26047585799158], [-97.75235541747566, 30.260443626525074], [-97.75234329193499, 30.26041139505857], [-97.75231154685743, 30.260391474916762], [-97.7522723077836, 30.260391474916762], [-97.75224056270604, 30.26041139505857], [-97.75222843716537, 30.260443626525074]]]}}, {"type": "Feature", "properties": {"kind": "street", "radius_m": 5.6, "source": "snapshot"}, "geometry": {"type": "Polygon", "coordinates": [[[-97.75220026132142, 30.260724433874366], [-97.75221132068104, 30.260753831275228], [-97.75224027446043, 30.26077199986814], [-97.75227606329997, 30.26077199986814], [-97.75230501707937, 30.260753831275228], [-97.75231607643899, 30.260724433874366], [-97.75230501707937, 30.260695036473503], [-97.75227606329997, 30.26067686788059], [-97.75224027446043, 30.26067686788059], [-97.75221132068104, 30.260695036473503], [-97.75220026132142, 30.260724433874366]]]}}, {"type": "Feature", "properties": {"kind": "street", "radius_m": 5.7, "source": "snapshot"}, "geometry": {"type": "Polygon", "coordinates": [[[-97.75212609767854, 30.26116517150388], [-97.75213733226158, 30.261195034674316], [-97.75216674478186, 30.261213491128657], [-97.7522031006563, 30.261213491128657], [-97.75223251317658, 30.261195034674316], [-97.75224374775962, 30.26116517150388], [-97.75223251317658, 30.261135308333444], [-97.7522031006563, 30.261116851879102], [-97.75216674478186, 30.261116851879102], [-97.75213733226158, 30.261135308333444], [-97.75212609767854, 30.26116517150388]]]}}, {"type": "Feature", "properties": {"kind": "street", "radius_m": 4.5, "source": "snapshot"}, "geometry": {"type": "Polygon", "coordinates": [[[-97.75215867803662, 30.26165040784839], [-97.75216768498504, 30.261674349639062], [-97.75219126548213, 30.26168914647945], [-97.75222041257946, 30.26168914647945], [-97.75224399307655, 30.261674349639062], [-97.75225300002496, 30.26165040784839], [-97.75224399307655, 30.261626466057717], [-97.75222041257946, 30.261611669217327], [-97.75219126548213, 30.261611669217327], [-97.75216768498504, 30.261626466057717], [-97.75215867803662, 30.26165040784839]]]}}, {"type": "Feature", "properties": {"kind": "street", "radius_m": 6.2, "source": "snapshot"}, "geometry": {"type": "Polygon", "coordinates": [[[-97.75206090650698, 30.262222888586027], [-97.75207328881588, 30.262255802580192], [-97.75210570612143, 30.262276144547293], [-97.75214577611473, 30.262276144547293], [-97.75217819342028, 30.262255802580192], [-97.75219057572917, 30.262222888586027], [-97.75217819342028, 30.262189974591863], [-97.75214577611473, 30.26216963262476], [-97.75210570612143, 30.26216963262476], [-97.75207328881588, 30.262189974591863], [-97.75206090650698, 30.262222888586027]]]}}, {"type": "Feature", "properties": {"kind": "street", "radius_m": 6.4, "source": "snapshot"}, "geometry": {"type": "Polygon", "coordinates": [[[-97.75200686375376, 30.26251932787705], [-97.75201966339358, 30.262553351198058], [-97.75205317328567, 30.26257437876685], [-97.75209459379022, 30.26257437876685], [-97.75212810368231, 30.262553351198058], [-97.75214090332213, 30.26251932787705], [-97.75212810368231, 30.262485304556044], [-97.75209459379022, 30.262464276987252], [-97.75205317328567, 30.262464276987252], [-97.75201966339358, 30.262485304556044], [-97.75200686375376, 30.26251932787705]]]}}, {"type": "Feature", "properties": {"kind": "street", "radius_m": 4.8, "source": "snapshot"}, "geometry": {"type": "Polygon", "coordinates": [[[-97.75185482213149, 30.262917278704847], [-97.75186430838477, 30.26294249455819], [-97.75188914371829, 30.262958078812613], [-97.75191984187875, 30.262958078812613], [-97.75194467721226, 30.26294249455819], [-97.75195416346554, 30.262917278704847], [-97.75194467721226, 30.262892062851506], [-97.75191984187875, 30.262876478597082], [-97.75188914371829, 30.262876478597082], [-97.75186430838477, 30.262892062851506], [-97.75185482213149, 30.262917278704847]]]}}, {"type": "Feature", "properties": {"kind": "street", "radius_m": 5.2, "source": "snapshot"}, "geometry": {"type": "Polygon", "coordinates": [[[-97.7519883994696, 30.263395229602526], [-97.75199881489257, 30.263422915325258], [-97.75202608282392, 30.26344002604291], [-97.75205978784065, 30.26344002604291], [-97.752087055772, 30.263422915325258], [-97.75209747119497, 30.263395229602526], [-97.752087055772, 30.263367543879795], [-97.75205978784065, 30.26335043316214], [-97.75202608282392, 30.26335043316214], [-97.75199881489257, 30.263367543879795], [-97.7519883994696, 30.263395229602526]]]}}, {"type": "Feature", "properties": {"kind": "street", "radius_m": 4.6, "source": "snapshot"}, "geometry": {"type": "Polygon", "coordinates": [[[-97.75206172061804, 30.26380973489415], [-97.75207077933632, 30.263833814296678], [-97.75209449536862, 30.26384869618587], [-97.75212380999673, 30.26384869618587], [-97.75214752602903, 30.263833814296678], [-97.75215658474731, 30.26380973489415], [-97.75214752602903, 30.26378565549162], [-97.75212380999673, 30.263770773602428], [-97.75209449536862, 30.263770773602428], [-97.75207077933632, 30.26378565549162], [-97.75206172061804, 30.26380973489415]]]}}, {"type": "Feature", "properties": {"kind": "street", "radius_m": 5.6, "source": "snapshot"}, "geometry": {"type": "Polygon", "coordinates": [[[-97.75194194138639, 30.26406073463778], [-97.75195314143278, 30.264090506004685], [-97.75198246353487, 30.264108905721322], [-97.75201870764631, 30.264108905721322], [-97.75204802974841, 30.264090506004685], [-97.7520592297948, 30.26406073463778], [-97.75204802974841, 30.264030963270876], [-97.75201870764631, 30.26401256355424], [-97.75198246353487, 30.26401256355424], [-97.75195314143278, 30.264030963270876], [-97.75194194138639, 30.26406073463778]]]}}, {"type": "Feature", "properties": {"kind": "street", "radius_m": 6.0, "source": "snapshot"}, "geometry": {"type": "Polygon", "coordinates": [[[-97.75206725741505, 30.264263750686897], [-97.7520791682903, 30.264295411541237], [-97.75211035136651, 30.26431497902533], [-97.75214889576849, 30.26431497902533], [-97.7521800788447, 30.264295411541237], [-97.75219198971995, 30.264263750686897], [-97.7521800788447, 30.264232089832557], [-97.75214889576849, 30.264212522348465], [-97.75211035136651, 30.264212522348465], [-97.7520791682903, 30.264232089832557], [-97.75206725741505, 30.264263750686897]]]}}, {"type": "Feature", "properties": {"kind": "street", "radius_m": 6.1, "source": "snapshot"}, "geometry": {"type": "Polygon", "coordinates": [[[-97.75198169657403, 30.26465151426024], [-97.75199373970288, 30.264683526664054], [-97.75202526902352, 30.264703311417673], [-97.75206424140713, 30.264703311417673], [-97.75209577072776, 30.264683526664054], [-97.75210781385661, 30.26465151426024], [-97.75209577072776, 30.264619501856426], [-97.75206424140713, 30.264599717102808], [-97.75202526902352, 30.264599717102808], [-97.75199373970288, 30.264619501856426], [-97.75198169657403, 30.26465151426024]]]}}, {"type": "Feature", "properties": {"kind": "street", "radius_m": 4.6, "source": "snapshot"}, "geometry": {"type": "Polygon", "coordinates": [[[-97.75213586870639, 30.26484628402796], [-97.75214493510558, 30.264870383847494], [-97.75216867124679, 30.264885278355088], [-97.75219801073085, 30.264885278355088], [-97.75222174687207, 30.264870383847494], [-97.75223081327125, 30.26484628402796], [-97.75222174687207, 30.264822184208427], [-97.75219801073085, 30.264807289700833], [-97.75216867124679, 30.264807289700833], [-97.75214493510558, 30.264822184208427], [-97.75213586870639, 30.26484628402796]]]}}, {"type": "Feature", "properties": {"kind": "street", "radius_m": 6.3, "source": "snapshot"}, "geometry": {"type": "Polygon", "coordinates": [[[-97.752180341813, 30.265264408549378], [-97.75219276068756, 30.265297419740428], [-97.75222527372324, 30.265317821778503], [-97.7522654620455, 30.265317821778503], [-97.75229797508118, 30.265297419740428], [-97.75231039395574, 30.265264408549378], [-97.75229797508118, 30.265231397358328], [-97.7522654620455, 30.265210995320253], [-97.75222527372324, 30.265210995320253], [-97.75219276068756, 30.265231397358328], [-97.752180341813, 30.265264408549378]]]}}, {"type": "Feature", "properties": {"kind": "street", "radius_m": 5.5, "source": "snapshot"}, "geometry": {"type": "Polygon", "coordinates": [[[-97.75223105312627, 30.266298828585057], [-97.75224206374124, 30.26632809641547], [-97.75227088990546, 30.266346184929443], [-97.75230652100397, 30.266346184929443], [-97.7523353471682, 30.26632809641547], [-97.75234635778317, 30.266298828585057], [-97.7523353471682, 30.266269560754644], [-97.75230652100397, 30.266251472240672], [-97.75227088990546, 30.266251472240672], [-97.75224206374124, 30.266269560754644], [-97.75223105312627, 30.266298828585057]]]}}, {"type": "Feature", "properties": {"kind": "street", "radius_m": 4.9, "source": "snapshot"}, "geometry": {"type": "Polygon", "coordinates": [[[-97.75220428318016, 30.26658430117921], [-97.75221409164766, 30.26661037352522], [-97.75223977054894, 30.26662648712122], [-97.75227151141651, 30.26662648712122], [-97.75229719031779, 30.26661037352522], [-97.75230699878529, 30.26658430117921], [-97.75229719031779, 30.2665582288332], [-97.75227151141651, 30.266542115237204], [-97.75223977054894, 30.266542115237204], [-97.75221409164766, 30.2665582288332], [-97.75220428318016, 30.26658430117921]]]}}, {"type": "Feature", "properties": {"kind": "street", "radius_m": 6.2, "source": "snapshot"}, "geometry": {"type": "Polygon", "coordinates": [[[-97.75219060273034, 30.26671338495138], [-97.75220288548282, 30.26674603430998], [-97.75223504214628, 30.2667662127233], [-97.75227478996825, 30.2667662127233], [-97.75230694663172, 30.26674603430998], [-97.7523192293842, 30.26671338495138], [-97.75230694663172, 30.266680735592782], [-97.75227478996825, 30.26666055717946], [-97.75223504214628, 30.26666055717946], [-97.75220288548282, 30.266680735592782], [-97.75219060273034, 30.26671338495138]]]}}, {"type": "Feature", "properties": {"kind": "street", "radius_m": 6.2, "source": "snapshot"}, "geometry": {"type": "Polygon", "coordinates": [[[-97.7521426161561, 30.267012005309187], [-97.75215484146467, 30.26704450197341], [-97.75218684773799, 30.267064586016417], [-97.75222640966751, 30.267064586016417], [-97.75225841594083, 30.26704450197341], [-97.7522706412494, 30.267012005309187], [-97.75225841594083, 30.266979508644965], [-97.75222640966751, 30.266959424601957], [-97.75218684773799, 30.266959424601957], [-97.75215484146467, 30.266979508644965], [-97.7521426161561, 30.267012005309187]]]}}, {"type": "Feature", "properties": {"kind": "street", "radius_m": 4.9, "source": "snapshot"}, "geometry": {"type": "Polygon", "coordinates": [[[-97.75215367651977, 30.267142274364158], [-97.75216338894158, 30.26716809140667], [-97.75218881639202, 30.267184047216432], [-97.75222024644927, 30.267184047216432], [-97.75224567389971, 30.26716809140667], [-97.75225538632152, 30.267142274364158], [-97.75224567389971, 30.267116457321645], [-97.75222024644927, 30.267100501511884], [-97.75218881639202, 30.267100501511884], [-97.75216338894158, 30.267116457321645], [-97.75215367651977, 30.267142274364158]]]}}, {"type": "Feature", "properties": {"kind": "street", "radius_m": 6.2, "source": "snapshot"}, "geometry": {"type": "Polygon", "coordinates": [[[-97.752100086375, 30.267305305194668], [-97.75211238857942, 30.26733800625941], [-97.75214459616876, 30.267358216628892], [-97.75218440693857, 30.267358216628892], [-97.75221661452791, 30.26733800625941], [-97.75222891673234, 30.267305305194668], [-97.75221661452791, 30.267272604129925], [-97.75218440693857, 30.267252393760444], [-97.75214459616876, 30.267252393760444], [-97.75211238857942, 30.267272604129925], [-97.752100086375, 30.267305305194668]]]}}, {"type": "Feature", "properties": {"kind": "street", "radius_m": 4.6, "source": "snapshot"}, "geometry": {"type": "Polygon", "coordinates": [[[-97.75210532513809, 30.267443275055747], [-97.75211452343441, 30.26746772547725], [-97.75213860488684, 30.267482836668776], [-97.75216837119903, 30.267482836668776], [-97.75219245265146, 30.26746772547725], [-97.75220165094778, 30.267443275055747], [-97.75219245265146, 30.267418824634245], [-97.75216837119903, 30.267403713442718], [-97.75213860488684, 30.267403713442718], [-97.75211452343441, 30.267418824634245], [-97.75210532513809, 30.267443275055747]]]}}, {"type": "Feature", "properties": {"kind": "street", "radius_m": 4.6, "source": "snapshot"}, "geometry": {"type": "Polygon", "coordinates": [[[-97.7520622453547, 30.267866447411684], [-97.75207131273787, 30.267890549846836], [-97.75209505145523, 30.267905445970968], [-97.7521243941236, 30.267905445970968], [-97.75214813284096, 30.267890549846836], [-97.75215720022413, 30.267866447411684], [-97.75214813284096, 30.267842344976533], [-97.7521243941236, 30.2678274488524], [-97.75209505145523, 30.2678274488524], [-97.75207131273787, 30.267842344976533], [-97.7520622453547, 30.267866447411684]]]}}, {"type": "Feature", "properties": {"kind": "street", "radius_m": 5.6, "source": "snapshot"}, "geometry": {"type": "Polygon", "coordinates": [[[-97.75204706081641, 30.267998472965864], [-97.75205823923554, 30.268028186844365], [-97.75208750471677, 30.268046551031215], [-97.75212367884095, 30.268046551031215], [-97.75215294432218, 30.268028186844365], [-97.7521641227413, 30.267998472965864], [-97.75215294432218, 30.267968759087363], [-97.75212367884095, 30.267950394900513], [-97.75208750471677, 30.267950394900513], [-97.75205823923554, 30.267968759087363], [-97.75204706081641, 30.267998472965864]]]}}, {"type": "Feature", "properties": {"kind": "street", "radius_m": 4.5, "source": "snapshot"}, "geometry": {"type": "Polygon", "coordinates": [[[-97.75200316983613, 30.26830327218041], [-97.75201214231687, 30.26832712235092], [-97.75203563257638, 30.268341862566935], [-97.75206466813397, 30.268341862566935], [-97.75208815839348, 30.26832712235092], [-97.75209713087422, 30.26830327218041], [-97.75208815839348, 30.2682794220099], [-97.75206466813397, 30.268264681793887], [-97.75203563257638, 30.268264681793887], [-97.75201214231687, 30.2682794220099], [-97.75200316983613, 30.26830327218041]]]}}, {"type": "Feature", "properties": {"kind": "street", "radius_m": 4.9, "source": "snapshot"}, "geometry": {"type": "Polygon", "coordinates": [[[-97.75186966517009, 30.26854368672781], [-97.75187937820021, 30.268569505387283], [-97.7519048072432, 30.26858546219638], [-97.75193623926897, 30.26858546219638], [-97.75196166831196, 30.268569505387283], [-97.75197138134209, 30.26854368672781], [-97.75196166831196, 30.268517868068336], [-97.75193623926897, 30.26850191125924], [-97.7519048072432, 30.26850191125924], [-97.75187937820021, 30.268517868068336], [-97.75186966517009, 30.26854368672781]]]}}, {"type": "Feature", "properties": {"kind": "street", "radius_m": 4.7, "source": "snapshot"}, "geometry": {"type": "Polygon", "coordinates": [[[-97.75189979002901, 30.269161643373305], [-97.75190913008954, 30.269186470624884], [-97.7519335826855, 30.269201814710204], [-97.75196380775631, 30.269201814710204], [-97.75198826035226, 30.269186470624884], [-97.75199760041279, 30.269161643373305], [-97.75198826035226, 30.269136816121726], [-97.75196380775631, 30.269121472036407], [-97.7519335826855, 30.269121472036407], [-97.75190913008954, 30.269136816121726], [-97.75189979002901, 30.269161643373305]]]}}, {"type": "Feature", "properties": {"kind": "street", "radius_m": 5.7, "source": "snapshot"}, "geometry": {"type": "Polygon", "coordinates": [[[-97.75174331635682, 30.269699726253396], [-97.7517545846362, 30.269729678993645], [-97.75178408537464, 30.269748190805174], [-97.75182055029272, 30.269748190805174], [-97.75185005103116, 30.269729678993645], [-97.75186131931054, 30.269699726253396], [-97.75185005103116, 30.269669773513147], [-97.75182055029272, 30.26965126170162], [-97.75178408537464, 30.26965126170162], [-97.7517545846362, 30.269669773513147], [-97.75174331635682, 30.269699726253396]]]}}, {"type": "Feature", "properties": {"kind": "street", "radius_m": 6.3, "source": "snapshot"}, "geometry": {"type": "Polygon", "coordinates": [[[-97.75177677987301, 30.269974942628753], [-97.751789235406, 30.270008051263307], [-97.7518218444147, 30.270028513524785], [-97.75186215136617, 30.270028513524785], [-97.75189476037488, 30.270008051263307], [-97.75190721590786, 30.269974942628753], [-97.75189476037488, 30.2699418339942], [-97.75186215136617, 30.26992137173272], [-97.7518218444147, 30.26992137173272], [-97.751789235406, 30.2699418339942], [-97.75177677987301, 30.269974942628753]]]}}, {"type": "Feature", "properties": {"kind": "street", "radius_m": 6.1, "source": "snapshot"}, "geometry": {"type": "Polygon", "coordinates": [[[-97.7519121949459, 30.27001412694824], [-97.75192434168186, 30.270046414754958], [-97.75195614224944, 30.270066369716933], [-97.7519954499127, 30.270066369716933], [-97.75202725048028, 30.270046414754958], [-97.75203939721624, 30.27001412694824], [-97.75202725048028, 30.269981839141522], [-97.7519954499127, 30.269961884179548], [-97.75195614224944, 30.269961884179548], [-97.75192434168186, 30.269981839141522], [-97.7519121949459, 30.27001412694824]]]}}, {"type": "Feature", "properties": {"kind": "street", "radius_m": 6.0, "source": "snapshot"}, "geometry": {"type": "Polygon", "coordinates": [[[-97.75196061470085, 30.27043795362848], [-97.7519724485575, 30.27046940975609], [-97.75200342999642, 30.270488850712105], [-97.75204172516098, 30.270488850712105], [-97.7520727065999, 30.27046940975609], [-97.75208454045655, 30.27043795362848], [-97.7520727065999, 30.270406497500872], [-97.75204172516098, 30.270387056544855], [-97.75200342999642, 30.270387056544855], [-97.7519724485575, 30.270406497500872], [-97.75196061470085, 30.27043795362848]]]}}, {"type": "Feature", "properties": {"kind": "street", "radius_m": 5.2, "source": "snapshot"}, "geometry": {"type": "Polygon", "coordinates": [[[-97.75185922609826, 30.270996371322095], [-97.75186959635896, 30.271023936996865], [-97.75189674605392, 30.271040973520797], [-97.75193030492247, 30.271040973520797], [-97.75195745461743, 30.271023936996865], [-97.75196782487812, 30.270996371322095], [-97.75195745461743, 30.270968805647325], [-97.75193030492247, 30.270951769123393], [-97.75189674605392, 30.270951769123393], [-97.75186959635896, 30.270968805647325], [-97.75185922609826, 30.270996371322095]]]}}, {"type": "Feature", "properties": {"kind": "street", "radius_m": 5.3, "source": "snapshot"}, "geometry": {"type": "Polygon", "coordinates": [[[-97.7520306499076, 30.2711573118955], [-97.75204112869687, 30.271185166055144], [-97.75206856252332, 30.271202380872534], [-97.75210247259771, 30.271202380872534], [-97.75212990642416, 30.271185166055144], [-97.75214038521344, 30.2711573118955], [-97.75212990642416, 30.271129457735857], [-97.75210247259771, 30.271112242918466], [-97.75206856252332, 30.271112242918466], [-97.75204112869687, 30.271129457735857], [-97.7520306499076, 30.2711573118955]]]}}, {"type": "Feature", "properties": {"kind": "street", "radius_m": 4.8, "source": "snapshot"}, "geometry": {"type": "Polygon", "coordinates": [[[-97.75190814092699, 30.271422090924354], [-97.75191768518349, 30.271447460958797], [-97.75194267237144, 30.271463140502377], [-97.7519735582343, 30.271463140502377], [-97.75199854542225, 30.271447460958797], [-97.75200808967875, 30.271422090924354], [-97.75199854542225, 30.27139672088991], [-97.7519735582343, 30.27138104134633], [-97.75194267237144, 30.27138104134633], [-97.75191768518349, 30.27139672088991], [-97.75190814092699, 30.271422090924354]]]}}, {"type": "Feature", "properties": {"kind": "street", "radius_m": 6.2, "source": "snapshot"}, "geometry": {"type": "Polygon", "coordinates": [[[-97.75191322707357, 30.271714284758648], [-97.75192562402212, 30.27174723766715], [-97.75195807965477, 30.271767603684633], [-97.75199819702297, 30.271767603684633], [-97.75203065265562, 30.27174723766715], [-97.75204304960417, 30.271714284758648], [-97.75203065265562, 30.271681331850147], [-97.75199819702297, 30.271660965832663], [-97.75195807965477, 30.271660965832663], [-97.75192562402212, 30.271681331850147], [-97.75191322707357, 30.271714284758648]]]}}, {"type": "Feature", "properties": {"kind": "street", "radius_m": 6.4, "source": "snapshot"}, "geometry": {"type": "Polygon", "coordinates": [[[-97.7519862510933, 30.272269047268974], [-97.75199890070583, 30.272302671795426], [-97.75203201782138, 30.27232345289563], [-97.75207295282742, 30.27232345289563], [-97.75210606994297, 30.272302671795426], [-97.7521187195555, 30.272269047268974], [-97.75210606994297, 30.272235422742522], [-97.75207295282742, 30.272214641642318], [-97.75203201782138, 30.272214641642318], [-97.75199890070583, 30.272235422742522], [-97.7519862510933, 30.272269047268974]]]}}, {"type": "Feature", "properties": {"kind": "street", "radius_m": 4.7, "source": "snapshot"}, "geometry": {"type": "Polygon", "coordinates": [[[-97.75201106470628, 30.272417538195896], [-97.75202035799252, 30.272442241114508], [-97.75204468813175, 30.27245750835783], [-97.75207476183772, 30.27245750835783], [-97.75209909197694, 30.272442241114508], [-97.75210838526318, 30.272417538195896], [-97.75209909197694, 30.272392835277284], [-97.75207476183772, 30.27237756803396], [-97.75204468813175, 30.27237756803396], [-97.75202035799252, 30.272392835277284], [-97.75201106470628, 30.272417538195896]]]}}, {"type": "Feature", "properties": {"kind": "street", "radius_m": 5.4, "source": "snapshot"}, "geometry": {"type": "Polygon", "coordinates": [[[-97.75200077337449, 30.272574270764746], [-97.7520115923413, 30.272603029166234], [-97.75203991676415, 30.272620802835817], [-97.7520749276762, 30.272620802835817], [-97.75210325209905, 30.272603029166234], [-97.75211407106586, 30.272574270764746], [-97.75210325209905, 30.27254551236326], [-97.7520749276762, 30.272527738693675], [-97.75203991676415, 30.272527738693675], [-97.7520115923413, 30.27254551236326], [-97.75200077337449, 30.272574270764746]]]}}, {"type": "Feature", "properties": {"kind": "street", "radius_m": 4.8, "source": "snapshot"}, "geometry": {"type": "Polygon", "coordinates": [[[-97.75216578910877, 30.272592472389437], [-97.7521752858738, 30.272617716184552], [-97.75220014872744, 30.27263331770794], [-97.75223088090465, 30.27263331770794], [-97.75225574375828, 30.272617716184552], [-97.75226524052331, 30.272592472389437], [-97.75225574375828, 30.272567228594323], [-97.75223088090465, 30.272551627070936], [-97.75220014872744, 30.272551627070936], [-97.7521752858738, 30.272567228594323], [-97.75216578910877, 30.272592472389437]]]}}, {"type": "Feature", "properties": {"kind": "street", "radius_m": 6.2, "source": "snapshot"}, "geometry": {"type": "Polygon", "coordinates": [[[-97.75199886101285, 30.27299785625444], [-97.75201121245607, 30.27303068820311], [-97.75204354895423, 30.273050979463303], [-97.7520835190641, 30.273050979463303], [-97.75211585556227, 30.27303068820311], [-97.75212820700548, 30.27299785625444], [-97.75211585556227, 30.272965024305773], [-97.7520835190641, 30.27294473304558], [-97.75204354895423, 30.27294473304558], [-97.75201121245607, 30.272965024305773], [-97.75199886101285, 30.27299785625444]]]}}, {"type": "Feature", "properties": {"kind": "street", "radius_m": 4.8, "source": "snapshot"}, "geometry": {"type": "Polygon", "coordinates": [[[-97.75212582610979, 30.27302069091729], [-97.7521352773346, 30.27304581365985], [-97.75216002096244, 30.27306134036864], [-97.75219060576842, 30.27306134036864], [-97.75221534939625, 30.27304581365985], [-97.75222480062106, 30.27302069091729], [-97.75221534939625, 30.27299556817473], [-97.75219060576842, 30.27298004146594], [-97.75216002096244, 30.27298004146594], [-97.7521352773346, 30.27299556817473], [-97.75212582610979, 30.27302069091729]]]}}, {"type": "Feature", "properties": {"kind": "street", "radius_m": 5.2, "source": "snapshot"}, "geometry": {"type": "Polygon", "coordinates": [[[-97.75209404054175, 30.273163124027608], [-97.7521044639058, 30.273190830858912], [-97.75213175262716, 30.273207954622375], [-97.75216548334181, 30.273207954622375], [-97.75219277206318, 30.273190830858912], [-97.75220319542723, 30.273163124027608], [-97.75219277206318, 30.273135417196304], [-97.75216548334181, 30.27311829343284], [-97.75213175262716, 30.27311829343284], [-97.7521044639058, 30.273135417196304], [-97.75209404054175, 30.273163124027608]]]}}, {"type": "Feature", "properties": {"kind": "street", "radius_m": 5.7, "source": "snapshot"}, "geometry": {"type": "Polygon", "coordinates": [[[-97.75201091451149, 30.27358861245058], [-97.75202231888115, 30.273618926938756], [-97.75205217590855, 30.273637662322802], [-97.75208908122403, 30.273637662322802], [-97.75211893825143, 30.273618926938756], [-97.75213034262109, 30.27358861245058], [-97.75211893825143, 30.273558297962406], [-97.75208908122403, 30.27353956257836], [-97.75205217590855, 30.27353956257836], [-97.75202231888115, 30.273558297962406], [-97.75201091451149, 30.27358861245058]]]}}, {"type": "Feature", "properties": {"kind": "street", "radius_m": 6.2, "source": "snapshot"}, "geometry": {"type": "Polygon", "coordinates": [[[-97.75178057958487, 30.274141503109576], [-97.75179290741589, 30.274174272293518], [-97.75182518209647, 30.27419452476298], [-97.75186507579562, 30.27419452476298], [-97.7518973504762, 30.274174272293518], [-97.75190967830721, 30.274141503109576], [-97.7518973504762, 30.274108733925633], [-97.75186507579562, 30.27408848145617], [-97.75182518209647, 30.27408848145617], [-97.75179290741589, 30.274108733925633], [-97.75178057958487, 30.274141503109576]]]}}, {"type": "Feature", "properties": {"kind": "street", "radius_m": 4.6, "source": "snapshot"}, "geometry": {"type": "Polygon", "coordinates": [[[-97.75179117926433, 30.274265740175704], [-97.75180040799034, 30.274290271483785], [-97.75182456910873, 30.274305432665965], [-97.75185443389346, 30.274305432665965], [-97.75187859501185, 30.274290271483785], [-97.75188782373786, 30.274265740175704], [-97.75187859501185, 30.274241208867622], [-97.75185443389346, 30.274226047685442], [-97.75182456910873, 30.274226047685442], [-97.75180040799034, 30.274241208867622], [-97.75179117926433, 30.274265740175704]]]}}, {"type": "Feature", "properties": {"kind": "street", "radius_m": 5.4, "source": "snapshot"}, "geometry": {"type": "Polygon", "coordinates": [[[-97.7517472025426, 30.274416039997835], [-97.75175799217682, 30.27444472042899], [-97.75178623980594, 30.274462445910252], [-97.75182115579574, 30.274462445910252], [-97.75184940342486, 30.27444472042899], [-97.75186019305907, 30.274416039997835], [-97.75184940342486, 30.27438735956668], [-97.75182115579574, 30.274369634085417], [-97.75178623980594, 30.274369634085417], [-97.75175799217682, 30.27438735956668], [-97.7517472025426, 30.274416039997835]]]}}, {"type": "Feature", "properties": {"kind": "street", "radius_m": 6.3, "source": "snapshot"}, "geometry": {"type": "Polygon", "coordinates": [[[-97.7517695719822, 30.274746736820763], [-97.75178215566368, 30.27478018609281], [-97.7518151001695, 30.274800858879832], [-97.75185582181817, 30.274800858879832], [-97.75188876632399, 30.27478018609281], [-97.75190135000547, 30.274746736820763], [-97.75188876632399, 30.274713287548717], [-97.75185582181817, 30.274692614761694], [-97.7518151001695, 30.274692614761694], [-97.75178215566368, 30.274713287548717], [-97.7517695719822, 30.274746736820763]]]}}, {"type": "Feature", "properties": {"kind": "street", "radius_m": 6.5, "source": "snapshot"}, "geometry": {"type": "Polygon", "coordinates": [[[-97.75158243854366, 30.27526507227921], [-97.75159533598834, 30.275299355579882], [-97.75162910193687, 30.275320543824943], [-97.75167083894458, 30.275320543824943], [-97.7517046048931, 30.275299355579882], [-97.75171750233778, 30.27526507227921], [-97.7517046048931, 30.27523078897854], [-97.75167083894458, 30.27520960073348], [-97.75162910193687, 30.27520960073348], [-97.75159533598834, 30.27523078897854], [-97.75158243854366, 30.27526507227921]]]}}, {"type": "Feature", "properties": {"kind": "street", "radius_m": 5.1, "source": "snapshot"}, "geometry": {"type": "Polygon", "coordinates": [[[-97.7515594033684, 30.275417245010967], [-97.75156944809285, 30.27544394536264], [-97.75159574552288, 30.275460447087486], [-97.75162825093403, 30.275460447087486], [-97.75165454836406, 30.27544394536264], [-97.7516645930885, 30.275417245010967], [-97.75165454836406, 30.275390544659295], [-97.75162825093403, 30.27537404293445], [-97.75159574552288, 30.27537404293445], [-97.75156944809285, 30.275390544659295], [-97.7515594033684, 30.275417245010967]]]}}, {"type": "Feature", "properties": {"kind": "street", "radius_m": 5.8, "source": "snapshot"}, "geometry": {"type": "Polygon", "coordinates": [[[-97.75150732035702, 30.275691679945993], [-97.7515188026041, 30.275722201443752], [-97.7515488635172, 30.275741064766756], [-97.75158602084926, 30.275741064766756], [-97.75161608176236, 30.275722201443752], [-97.75162756400944, 30.275691679945993], [-97.75161608176236, 30.275661158448234], [-97.75158602084926, 30.27564229512523], [-97.7515488635172, 30.27564229512523], [-97.7515188026041, 30.275661158448234], [-97.75150732035702, 30.275691679945993]]]}}, {"type": "Feature", "properties": {"kind": "street", "radius_m": 5.3, "source": "snapshot"}, "geometry": {"type": "Polygon", "coordinates": [[[-97.75157687851178, 30.275752849503313], [-97.75158732810317, 30.27578062605072], [-97.7516146854886, 30.275797792901113], [-97.75164850107667, 30.275797792901113], [-97.75167585846211, 30.27578062605072], [-97.7516863080535, 30.275752849503313], [-97.75167585846211, 30.275725072955904], [-97.75164850107667, 30.275707906105513], [-97.7516146854886, 30.275707906105513], [-97.75158732810317, 30.275725072955904], [-97.75157687851178, 30.275752849503313]]]}}, {"type": "Feature", "properties": {"kind": "street", "radius_m": 4.6, "source": "snapshot"}, "geometry": {"type": "Polygon", "coordinates": [[[-97.7514050697132, 30.276140250468547], [-97.75141422334872, 30.276164582175042], [-97.7514381878776, 30.27617961999666], [-97.75146780966435, 30.27617961999666], [-97.75149177419323, 30.276164582175042], [-97.75150092782874, 30.276140250468547], [-97.75149177419323, 30.276115918762052], [-97.75146780966435, 30.276100880940433], [-97.7514381878776, 30.276100880940433], [-97.75141422334872, 30.276115918762052], [-97.7514050697132, 30.276140250468547]]]}}, {"type": "Feature", "properties": {"kind": "street", "radius_m": 4.6, "source": "snapshot"}, "geometry": {"type": "Polygon", "coordinates": [[[-97.75125716285085, 30.27673402594108], [-97.75126637679953, 30.27675851796885], [-97.75129049923036, 30.276773654874464], [-97.75132031619465, 30.276773654874464], [-97.75134443862548, 30.27675851796885], [-97.75135365257417, 30.27673402594108], [-97.75134443862548, 30.276709533913312], [-97.75132031619465, 30.2766943970077], [-97.75129049923036, 30.2766943970077], [-97.75126637679953, 30.276709533913312], [-97.75125716285085, 30.27673402594108]]]}}, {"type": "Feature", "properties": {"kind": "street", "radius_m": 6.2, "source": "snapshot"}, "geometry": {"type": "Polygon", "coordinates": [[[-97.75132793745468, 30.276775065430368], [-97.75134033770719, 30.276808027121323], [-97.75137280198976, 30.27682839856666], [-97.75141293004987, 30.27682839856666], [-97.75144539433244, 30.276808027121323], [-97.75145779458495, 30.276775065430368], [-97.75144539433244, 30.276742103739412], [-97.75141293004987, 30.276721732294074], [-97.75137280198976, 30.276721732294074], [-97.75134033770719, 30.276742103739412], [-97.75132793745468, 30.276775065430368]]]}}, {"type": "Feature", "properties": {"kind": "street", "radius_m": 6.3, "source": "snapshot"}, "geometry": {"type": "Polygon", "coordinates": [[[-97.75109259105993, 30.277327512631135], [-97.75110511189725, 30.27736079485416], [-97.75113789187489, 30.27738136439921], [-97.75117841015557, 30.27738136439921], [-97.75121119013322, 30.27736079485416], [-97.75122371097054, 30.277327512631135], [-97.75121119013322, 30.27729423040811], [-97.75117841015557, 30.27727366086306], [-97.75113789187489, 30.27727366086306], [-97.75110511189725, 30.27729423040811], [-97.75109259105993, 30.277327512631135]]]}}, {"type": "Feature", "properties": {"kind": "street", "radius_m": 5.2, "source": "snapshot"}, "geometry": {"type": "Polygon", "coordinates": [[[-97.75107120141475, 30.277472486302646], [-97.75108152781536, 30.277499935390892], [-97.75110856268314, 30.277516899860387], [-97.75114197961749, 30.277516899860387], [-97.75116901448527, 30.277499935390892], [-97.75117934088588, 30.277472486302646], [-97.75116901448527, 30.2774450372144], [-97.75114197961749, 30.277428072744904], [-97.75110856268314, 30.277428072744904], [-97.75108152781536, 30.2774450372144], [-97.75107120141475, 30.277472486302646]]]}}, {"type": "Feature", "properties": {"kind": "street", "radius_m": 4.8, "source": "snapshot"}, "geometry": {"type": "Polygon", "coordinates": [[[-97.75117177661839, 30.277505585133312], [-97.75118135380048, 30.277531042688757], [-97.75120642718869, 30.277546776323295], [-97.75123741960095, 30.277546776323295], [-97.75126249298917, 30.277531042688757], [-97.75127207017125, 30.277505585133312], [-97.75126249298917, 30.277480127577867], [-97.75123741960095, 30.27746439394333], [-97.75120642718869, 30.27746439394333], [-97.75118135380048, 30.277480127577867], [-97.75117177661839, 30.277505585133312]]]}}, {"type": "Feature", "properties": {"kind": "street", "radius_m": 4.5, "source": "snapshot"}, "geometry": {"type": "Polygon", "coordinates": [[[-97.75097425879243, 30.27791203841246], [-97.75098323704475, 30.277935903924714], [-97.75100674241449, 30.277950653622447], [-97.75103579664935, 30.277950653622447], [-97.75105930201909, 30.277935903924714], [-97.75106828027141, 30.27791203841246], [-97.75105930201909, 30.277888172900205], [-97.75103579664935, 30.27787342320247], [-97.75100674241449, 30.27787342320247], [-97.75098323704475, 30.277888172900205], [-97.75097425879243, 30.27791203841246]]]}}, {"type": "Feature", "properties": {"kind": "street", "radius_m": 5.1, "source": "snapshot"}, "geometry": {"type": "Polygon", "coordinates": [[[-97.75283586804174, 30.26564157485209], [-97.75284609296244, 30.265668754191847], [-97.75287286215239, 30.265685551947605], [-97.75290595069085, 30.265685551947605], [-97.75293271988079, 30.265668754191847], [-97.75294294480149, 30.26564157485209], [-97.75293271988079, 30.265614395512333], [-97.75290595069085, 30.265597597756575], [-97.75287286215239, 30.265597597756575], [-97.75284609296244, 30.265614395512333], [-97.75283586804174, 30.26564157485209]]]}}, {"type": "Feature", "properties": {"kind": "street", "radius_m": 4.8, "source": "snapshot"}, "geometry": {"type": "Polygon", "coordinates": [[[-97.75290950750373, 30.27004448004706], [-97.75291903223464, 30.270069798179613], [-97.75294396830392, 30.27008544564606], [-97.75297479098066, 30.27008544564606], [-97.75299972704994, 30.270069798179613], [-97.75300925178085, 30.27004448004706], [-97.75299972704994, 30.270019161914504], [-97.75297479098066, 30.270003514448057], [-97.75294396830392, 30.270003514448057], [-97.75291903223464, 30.270019161914504], [-97.75290950750373, 30.27004448004706]]]}}, {"type": "Feature", "properties": {"kind": "street", "radius_m": 5.5, "source": "snapshot"}, "geometry": {"type": "Polygon", "coordinates": [[[-97.75181969442565, 30.275416564214648], [-97.75183070182524, 30.275445823498135], [-97.75185951957152, 30.275463906729815], [-97.75189514026488, 30.275463906729815], [-97.75192395801116, 30.275445823498135], [-97.75193496541075, 30.275416564214648], [-97.75192395801116, 30.27538730493116], [-97.75189514026488, 30.27536922169948], [-97.75185951957152, 30.27536922169948], [-97.75183070182524, 30.27538730493116], [-97.75181969442565, 30.275416564214648]]]}}, {"type": "Feature", "properties": {"kind": "street", "radius_m": 4.8, "source": "snapshot"}, "geometry": {"type": "Polygon", "coordinates": [[[-97.75181584353557, 30.275372433732464], [-97.75182528178112, 30.27539752197423], [-97.75184999142878, 30.27541302736036], [-97.751880534233, 30.27541302736036], [-97.75190524388066, 30.27539752197423], [-97.75191468212621, 30.275372433732464], [-97.75190524388066, 30.275347345490697], [-97.751880534233, 30.275331840104567], [-97.75184999142878, 30.275331840104567], [-97.75182528178112, 30.275347345490697], [-97.75181584353557, 30.275372433732464]]]}}, {"type": "Feature", "properties": {"kind": "street", "radius_m": 4.9, "source": "snapshot"}, "geometry": {"type": "Polygon", "coordinates": [[[-97.75259446692534, 30.260012004783814], [-97.75260427426599, 30.260038074134496], [-97.75262995021714, 30.26005418587928], [-97.75266168743815, 30.26005418587928], [-97.7526873633893, 30.260038074134496], [-97.75269717072995, 30.260012004783814], [-97.7526873633893, 30.259985935433132], [-97.75266168743815, 30.259969823688348], [-97.75262995021714, 30.259969823688348], [-97.75260427426599, 30.259985935433132], [-97.75259446692534, 30.260012004783814]]]}}, {"type": "Feature", "properties": {"kind": "street", "radius_m": 5.3, "source": "snapshot"}, "geometry": {"type": "Polygon", "coordinates": [[[-97.7525589166182, 30.260291504300064], [-97.7525693553708, 30.26031925203636], [-97.75259668437988, 30.260336401080504], [-97.75263046489289, 30.260336401080504], [-97.75265779390197, 30.26031925203636], [-97.75266823265457, 30.260291504300064], [-97.75265779390197, 30.260263756563766], [-97.75263046489289, 30.260246607519623], [-97.75259668437988, 30.260246607519623], [-97.7525693553708, 30.260263756563766], [-97.7525589166182, 30.260291504300064]]]}}, {"type": "Feature", "properties": {"kind": "street", "radius_m": 5.7, "source": "snapshot"}, "geometry": {"type": "Polygon", "coordinates": [[[-97.75267240843942, 30.260315728255087], [-97.75268363889073, 30.26034558044272], [-97.75271304059393, 30.26036403010932], [-97.75274938309775, 30.26036403010932], [-97.75277878480095, 30.26034558044272], [-97.75279001525226, 30.260315728255087], [-97.75277878480095, 30.260285876067453], [-97.75274938309775, 30.260267426400855], [-97.75271304059393, 30.260267426400855], [-97.75268363889073, 30.260285876067453], [-97.75267240843942, 30.260315728255087]]]}}, {"type": "Feature", "properties": {"kind": "street", "radius_m": 6.3, "source": "snapshot"}, "geometry": {"type": "Polygon", "coordinates": [[[-97.75249431110548, 30.260589627542654], [-97.75250681213114, 30.26062285710342], [-97.75253954024124, 30.260643394101407], [-97.75257999441008, 30.260643394101407], [-97.75261272252018, 30.26062285710342], [-97.75262522354585, 30.260589627542654], [-97.75261272252018, 30.260556397981887], [-97.75257999441008, 30.2605358609839], [-97.75253954024124, 30.2605358609839], [-97.75250681213114, 30.260556397981887], [-97.75249431110548, 30.260589627542654]]]}}, {"type": "Feature", "properties": {"kind": "street", "radius_m": 5.6, "source": "snapshot"}, "geometry": {"type": "Polygon", "coordinates": [[[-97.75240062946486, 30.261306029109168], [-97.75241172337341, 30.261335518346137], [-97.75244076760306, 30.261353743696883], [-97.75247666824525, 30.261353743696883], [-97.7525057124749, 30.261335518346137], [-97.75251680638345, 30.261306029109168], [-97.7525057124749, 30.2612765398722], [-97.75247666824525, 30.261258314521452], [-97.75244076760306, 30.261258314521452], [-97.75241172337341, 30.2612765398722], [-97.75240062946486, 30.261306029109168]]]}}, {"type": "Feature", "properties": {"kind": "street", "radius_m": 4.9, "source": "snapshot"}, "geometry": {"type": "Polygon", "coordinates": [[[-97.75234737154099, 30.261736071158957], [-97.75235701310625, 30.261761699854326], [-97.7523822550518, 30.261777539259153], [-97.75241345581239, 30.261777539259153], [-97.75243869775794, 30.261761699854326], [-97.7524483393232, 30.261736071158957], [-97.75243869775794, 30.26171044246359], [-97.75241345581239, 30.26169460305876], [-97.7523822550518, 30.26169460305876], [-97.75235701310625, 30.26171044246359], [-97.75234737154099, 30.261736071158957]]]}}, {"type": "Feature", "properties": {"kind": "street", "radius_m": 5.4, "source": "snapshot"}, "geometry": {"type": "Polygon", "coordinates": [[[-97.75239923215578, 30.26206407406732], [-97.75240990902638, 30.262092454756253], [-97.75243786143653, 30.262109994986634], [-97.75247241251563, 30.262109994986634], [-97.75250036492578, 30.262092454756253], [-97.75251104179638, 30.26206407406732], [-97.75250036492578, 30.26203569337839], [-97.75247241251563, 30.26201815314801], [-97.75243786143653, 30.26201815314801], [-97.75240990902638, 30.26203569337839], [-97.75239923215578, 30.26206407406732]]]}}, {"type": "Feature", "properties": {"kind": "street", "radius_m": 6.2, "source": "snapshot"}, "geometry": {"type": "Polygon", "coordinates": [[[-97.75236076670251, 30.262215584535852], [-97.75237311017634, 30.26224839530072], [-97.75240542581037, 30.262268673468604], [-97.75244537013077, 30.262268673468604], [-97.7524776857648, 30.26224839530072], [-97.75249002923863, 30.262215584535852], [-97.7524776857648, 30.262182773770984], [-97.75244537013077, 30.2621624956031], [-97.75240542581037, 30.2621624956031], [-97.75237311017634, 30.262182773770984], [-97.75236076670251, 30.262215584535852]]]}}, {"type": "Feature", "properties": {"kind": "street", "radius_m": 5.3, "source": "snapshot"}, "geometry": {"type": "Polygon", "coordinates": [[[-97.75230276925319, 30.262651159955457], [-97.75231334198084, 30.262679263817095], [-97.75234102174116, 30.262696632958804], [-97.75237523580651, 30.262696632958804], [-97.75240291556683, 30.262679263817095], [-97.75241348829448, 30.262651159955457], [-97.75240291556683, 30.26262305609382], [-97.75237523580651, 30.26260568695211], [-97.75234102174116, 30.26260568695211], [-97.75231334198084, 30.26262305609382], [-97.75230276925319, 30.262651159955457]]]}}, {"type": "Feature", "properties": {"kind": "street", "radius_m": 4.7, "source": "snapshot"}, "geometry": {"type": "Polygon", "coordinates": [[[-97.75228970923845, 30.262793862915238], [-97.75229904413114, 30.262818676429887], [-97.75232348319744, 30.262834012025323], [-97.75235369154473, 30.262834012025323], [-97.75237813061104, 30.262818676429887], [-97.75238746550372, 30.262793862915238], [-97.75237813061104, 30.26276904940059], [-97.75235369154473, 30.262753713805154], [-97.75232348319744, 30.262753713805154], [-97.75229904413114, 30.26276904940059], [-97.75228970923845, 30.262793862915238]]]}}, {"type": "Feature", "properties": {"kind": "street", "radius_m": 5.1, "source": "snapshot"}, "geometry": {"type": "Polygon", "coordinates": [[[-97.75214146143087, 30.26320154240699], [-97.75215155195929, 30.263228364512333], [-97.75217796930565, 30.263244941485084], [-97.75221062294156, 30.263244941485084], [-97.75223704028792, 30.263228364512333], [-97.75224713081634, 30.26320154240699], [-97.75223704028792, 30.263174720301645], [-97.75221062294156, 30.263158143328894], [-97.75217796930565, 30.263158143328894], [-97.75215155195929, 30.263174720301645], [-97.75214146143087, 30.26320154240699]]]}}, {"type": "Feature", "properties": {"kind": "street", "radius_m": 5.3, "source": "snapshot"}, "geometry": {"type": "Polygon", "coordinates": [[[-97.75216438282061, 30.263337339544673], [-97.7521748355704, 30.26336512448758], [-97.75220220122463, 30.263382296526675], [-97.75223602703352, 30.263382296526675], [-97.75226339268775, 30.26336512448758], [-97.75227384543754, 30.263337339544673], [-97.75226339268775, 30.263309554601765], [-97.75223602703352, 30.26329238256267], [-97.75220220122463, 30.26329238256267], [-97.7521748355704, 30.263309554601765], [-97.75216438282061, 30.263337339544673]]]}}, {"type": "Feature", "properties": {"kind": "street", "radius_m": 6.4, "source": "snapshot"}, "geometry": {"type": "Polygon", "coordinates": [[[-97.75215812058723, 30.263489442352924], [-97.7521709035274, 30.263523421283796], [-97.75220436969921, 30.263544421417976], [-97.75224573616255, 30.263544421417976], [-97.75227920233436, 30.263523421283796], [-97.75229198527454, 30.263489442352924], [-97.75227920233436, 30.26345546342205], [-97.75224573616255, 30.263434463287872], [-97.75220436969921, 30.263434463287872], [-97.7521709035274, 30.26345546342205], [-97.75215812058723, 30.263489442352924]]]}}, {"type": "Feature", "properties": {"kind": "street", "radius_m": 6.0, "source": "snapshot"}, "geometry": {"type": "Polygon", "coordinates": [[[-97.75232396377731, 30.26366473900534], [-97.75233584702545, 30.26369632642277], [-97.75236695777296, 30.26371584852036], [-97.75240541277172, 30.26371584852036], [-97.75243652351924, 30.26369632642277], [-97.75244840676737, 30.26366473900534], [-97.75243652351924, 30.263633151587907], [-97.75240541277172, 30.26361362949032], [-97.75236695777296, 30.26361362949032], [-97.75233584702545, 30.263633151587907], [-97.75232396377731, 30.26366473900534]]]}}, {"type": "Feature", "properties": {"kind": "street", "radius_m": 5.1, "source": "snapshot"}, "geometry": {"type": "Polygon", "coordinates": [[[-97.75221622047357, 30.263923247677], [-97.75222628597322, 30.263950003252184], [-97.7522526377934, 30.263966539107038], [-97.7522852104345, 30.263966539107038], [-97.75231156225468, 30.263950003252184], [-97.75232162775433, 30.263923247677], [-97.75231156225468, 30.263896492101814], [-97.7522852104345, 30.26387995624696], [-97.7522526377934, 30.26387995624696], [-97.75222628597322, 30.263896492101814], [-97.75221622047357, 30.263923247677]]]}}, {"type": "Feature", "properties": {"kind": "street", "radius_m": 5.3, "source": "snapshot"}, "geometry": {"type": "Polygon", "coordinates": [[[-97.75237222706494, 30.264100615769635], [-97.75238281344654, 30.264128755925483], [-97.75241052895338, 30.26414614749825], [-97.75244478720386, 30.26414614749825], [-97.75247250271069, 30.264128755925483], [-97.7524830890923, 30.264100615769635], [-97.75247250271069, 30.264072475613787], [-97.75244478720386, 30.264055084041022], [-97.75241052895338, 30.264055084041022], [-97.75238281344654, 30.264072475613787], [-97.75237222706494, 30.264100615769635]]]}}, {"type": "Feature", "properties": {"kind": "street", "radius_m": 4.5, "source": "snapshot"}, "geometry": {"type": "Polygon", "coordinates": [[[-97.75224630759682, 30.264373774360042], [-97.75225530809108, 30.26439769899462], [-97.75227887169098, 30.26441248523196], [-97.75230799790222, 30.26441248523196], [-97.75233156150212, 30.26439769899462], [-97.75234056199638, 30.264373774360042], [-97.75233156150212, 30.264349849725463], [-97.75230799790222, 30.264335063488122], [-97.75227887169098, 30.264335063488122], [-97.75225530809108, 30.264349849725463], [-97.75224630759682, 30.264373774360042]]]}}, {"type": "Feature", "properties": {"kind": "street", "radius_m": 6.1, "source": "snapshot"}, "geometry": {"type": "Polygon", "coordinates": [[[-97.75237658790398, 30.264404031465855], [-97.75238878453176, 30.264436451892347], [-97.75242071571782, 30.26445648881785], [-97.75246018483438, 30.26445648881785], [-97.75249211602043, 30.264436451892347], [-97.75250431264821, 30.264404031465855], [-97.75249211602043, 30.264371611039362], [-97.75246018483438, 30.26435157411386], [-97.75242071571782, 30.26435157411386], [-97.75238878453176, 30.264371611039362], [-97.75237658790398, 30.264404031465855]]]}}, {"type": "Feature", "properties": {"kind": "street", "radius_m": 5.0, "source": "snapshot"}, "geometry": {"type": "Polygon", "coordinates": [[[-97.75243413429239, 30.264679181802205], [-97.75244403383509, 30.264705496239493], [-97.75246995117438, 30.264721759456133], [-97.75250198676751, 30.264721759456133], [-97.7525279041068, 30.264705496239493], [-97.7525378036495, 30.264679181802205], [-97.7525279041068, 30.264652867364916], [-97.75250198676751, 30.264636604148276], [-97.75246995117438, 30.264636604148276], [-97.75244403383509, 30.264652867364916], [-97.75243413429239, 30.264679181802205]]]}}, {"type": "Feature", "properties": {"kind": "street", "radius_m": 6.1, "source": "snapshot"}, "geometry": {"type": "Polygon", "coordinates": [[[-97.75243994804926, 30.26497857255593], [-97.7524520703748, 30.265010795476186], [-97.75248380703509, 30.26503071033612], [-97.75252303570458, 30.26503071033612], [-97.75255477236487, 30.265010795476186], [-97.75256689469042, 30.26497857255593], [-97.75255477236487, 30.26494634963567], [-97.75252303570458, 30.264926434775738], [-97.75248380703509, 30.264926434775738], [-97.7524520703748, 30.26494634963567], [-97.75243994804926, 30.26497857255593]]]}}, {"type": "Feature", "properties": {"kind": "street", "radius_m": 4.8, "source": "snapshot"}, "geometry": {"type": "Polygon", "coordinates": [[[-97.75248002167037, 30.26526970157677], [-97.7524896506105, 30.26529529671273], [-97.75251485950307, 30.2653111153767], [-97.75254601940793, 30.2653111153767], [-97.7525712283005, 30.26529529671273], [-97.75258085724063, 30.26526970157677], [-97.7525712283005, 30.26524410644081], [-97.75254601940793, 30.26522828777684], [-97.75251485950307, 30.26522828777684], [-97.7524896506105, 30.26524410644081], [-97.75248002167037, 30.26526970157677]]]}}, {"type": "Feature", "properties": {"kind": "street", "radius_m": 5.5, "source": "snapshot"}, "geometry": {"type": "Polygon", "coordinates": [[[-97.75249730853983, 30.265720528801907], [-97.75250825064788, 30.26574961453085], [-97.75253689745864, 30.265767590499927], [-97.75257230686407, 30.265767590499927], [-97.75260095367483, 30.26574961453085], [-97.75261189578288, 30.265720528801907], [-97.75260095367483, 30.265691443072964], [-97.75257230686407, 30.265673467103888], [-97.75253689745864, 30.265673467103888], [-97.75250825064788, 30.265691443072964], [-97.75249730853983, 30.265720528801907]]]}}, {"type": "Feature", "properties": {"kind": "street", "radius_m": 4.9, "source": "snapshot"}, "geometry": {"type": "Polygon", "coordinates": [[[-97.75250643962994, 30.266575110343823], [-97.75251618793402, 30.26660102276666], [-97.75254170932546, 30.266617037524707], [-97.75257325550014, 30.266617037524707], [-97.75259877689157, 30.26660102276666], [-97.75260852519565, 30.266575110343823], [-97.75259877689157, 30.266549197920984], [-97.75257325550014, 30.266533183162938], [-97.75254170932546, 30.266533183162938], [-97.75251618793402, 30.266549197920984], [-97.75250643962994, 30.266575110343823]]]}}, {"type": "Feature", "properties": {"kind": "street", "radius_m": 5.7, "source": "snapshot"}, "geometry": {"type": "Polygon", "coordinates": [[[-97.75247734204044, 30.266721700834385], [-97.75248863785127, 30.26675172675726], [-97.75251821066796, 30.266770283798138], [-97.75255476467969, 30.266770283798138], [-97.75258433749637, 30.26675172675726], [-97.75259563330721, 30.266721700834385], [-97.75258433749637, 30.26669167491151], [-97.75255476467969, 30.26667311787063], [-97.75251821066796, 30.26667311787063], [-97.75248863785127, 30.26669167491151], [-97.75247734204044, 30.266721700834385]]]}}, {"type": "Feature", "properties": {"kind": "street", "radius_m": 4.7, "source": "snapshot"}, "geometry": {"type": "Polygon", "coordinates": [[[-97.75247908318919, 30.266857898600957], [-97.7524883349329, 30.266882491093483], [-97.75251255631244, 30.266897690089735], [-97.75254249558404, 30.266897690089735], [-97.75256671696357, 30.266882491093483], [-97.75257596870729, 30.266857898600957], [-97.75256671696357, 30.26683330610843], [-97.75254249558404, 30.26681810711218], [-97.75251255631244, 30.26681810711218], [-97.7524883349329, 30.26683330610843], [-97.75247908318919, 30.266857898600957]]]}}, {"type": "Feature", "properties": {"kind": "street", "radius_m": 5.4, "source": "snapshot"}, "geometry": {"type": "Polygon", "coordinates": [[[-97.75231504290805, 30.26712129912749], [-97.75232578418802, 30.26714985102593], [-97.75235390522404, 30.267167497069607], [-97.75238866473616, 30.267167497069607], [-97.75241678577218, 30.26714985102593], [-97.75242752705215, 30.26712129912749], [-97.75241678577218, 30.267092747229047], [-97.75238866473616, 30.26707510118537], [-97.75235390522404, 30.26707510118537], [-97.75232578418802, 30.267092747229047], [-97.75231504290805, 30.26712129912749]]]}}, {"type": "Feature", "properties": {"kind": "street", "radius_m": 5.1, "source": "snapshot"}, "geometry": {"type": "Polygon", "coordinates": [[[-97.75240777301534, 30.267300941738657], [-97.75241789142504, 30.26732783795655], [-97.75244438176557, 30.26734446073338], [-97.7524771256272, 30.26734446073338], [-97.75250361596773, 30.26732783795655], [-97.75251373437743, 30.267300941738657], [-97.75250361596773, 30.267274045520765], [-97.7524771256272, 30.267257422743935], [-97.75244438176557, 30.267257422743935], [-97.75241789142504, 30.267274045520765], [-97.75240777301534, 30.267300941738657]]]}}, {"type": "Feature", "properties": {"kind": "street", "radius_m": 6.0, "source": "snapshot"}, "geometry": {"type": "Polygon", "coordinates": [[[-97.75238000045127, 30.26757333734407], [-97.75239199985819, 30.267605233528585], [-97.75242341471333, 30.267624946454728], [-97.7524622456098, 30.267624946454728], [-97.75249366046495, 30.267605233528585], [-97.75250565987187, 30.26757333734407], [-97.75249366046495, 30.26754144115956], [-97.7524622456098, 30.267521728233415], [-97.75242341471333, 30.267521728233415], [-97.75239199985819, 30.26754144115956], [-97.75238000045127, 30.26757333734407]]]}}, {"type": "Feature", "properties": {"kind": "street", "radius_m": 5.8, "source": "snapshot"}, "geometry": {"type": "Polygon", "coordinates": [[[-97.75235279856292, 30.26785611814876], [-97.75236427354052, 30.26788662032319], [-97.7523943154219, 30.267905471703717], [-97.75243144922945, 30.267905471703717], [-97.75246149111082, 30.26788662032319], [-97.75247296608842, 30.26785611814876], [-97.75246149111082, 30.26782561597433], [-97.75243144922945, 30.267806764593804], [-97.7523943154219, 30.267806764593804], [-97.75236427354052, 30.26782561597433], [-97.75235279856292, 30.26785611814876]]]}}, {"type": "Feature", "properties": {"kind": "street", "radius_m": 4.7, "source": "snapshot"}, "geometry": {"type": "Polygon", "coordinates": [[[-97.7523142204014, 30.268155898462354], [-97.7523235845918, 30.268180789854654], [-97.75234810036055, 30.26819617358112], [-97.75237840351726, 30.26819617358112], [-97.752402919286, 30.268180789854654], [-97.7524122834764, 30.268155898462354], [-97.752402919286, 30.268131007070053], [-97.75237840351726, 30.268115623343586], [-97.75234810036055, 30.268115623343586], [-97.7523235845918, 30.268131007070053], [-97.7523142204014, 30.268155898462354]]]}}, {"type": "Feature", "properties": {"kind": "street", "radius_m": 5.5, "source": "snapshot"}, "geometry": {"type": "Polygon", "coordinates": [[[-97.75215292679343, 30.26841670692028], [-97.75216382912583, 30.268445686919737], [-97.75219237180262, 30.268463597544397], [-97.75222765249138, 30.268463597544397], [-97.75225619516817, 30.268445686919737], [-97.75226709750058, 30.26841670692028], [-97.75225619516817, 30.268387726920825], [-97.75222765249138, 30.268369816296165], [-97.75219237180262, 30.268369816296165], [-97.75216382912583, 30.268387726920825], [-97.75215292679343, 30.26841670692028]]]}}, {"type": "Feature", "properties": {"kind": "street", "radius_m": 5.5, "source": "snapshot"}, "geometry": {"type": "Polygon", "coordinates": [[[-97.75213735859276, 30.268558668232576], [-97.75214824818005, 30.26858761435366], [-97.7521767574897, 30.268605504040334], [-97.75221199693442, 30.268605504040334], [-97.75224050624408, 30.26858761435366], [-97.75225139583137, 30.268558668232576], [-97.75224050624408, 30.26852972211149], [-97.75221199693442, 30.268511832424817], [-97.7521767574897, 30.268511832424817], [-97.75214824818005, 30.26852972211149], [-97.75213735859276, 30.268558668232576]]]}}, {"type": "Feature", "properties": {"kind": "street", "radius_m": 4.7, "source": "snapshot"}, "geometry": {"type": "Polygon", "coordinates": [[[-97.75225065615523, 30.268596723608436], [-97.7522598981266, 30.268621290124578], [-97.75228409392173, 30.26863647306654], [-97.75231400156929, 30.26863647306654], [-97.75233819736442, 30.268621290124578], [-97.7523474393358, 30.268596723608436], [-97.75233819736442, 30.268572157092294], [-97.75231400156929, 30.268556974150332], [-97.75228409392173, 30.268556974150332], [-97.7522598981266, 30.268572157092294], [-97.75225065615523, 30.268596723608436]]]}}, {"type": "Feature", "properties": {"kind": "street", "radius_m": 6.1, "source": "snapshot"}, "geometry": {"type": "Polygon", "coordinates": [[[-97.75220813062393, 30.268877212048082], [-97.75222028162278, 30.26890951118621], [-97.75225209335078, 30.268929473151374], [-97.75229141480905, 30.268929473151374], [-97.75232322653704, 30.26890951118621], [-97.7523353775359, 30.268877212048082], [-97.75232322653704, 30.268844912909955], [-97.75229141480905, 30.26882495094479], [-97.75225209335078, 30.26882495094479], [-97.75222028162278, 30.268844912909955], [-97.75220813062393, 30.268877212048082]]]}}, {"type": "Feature", "properties": {"kind": "street", "radius_m": 5.6, "source": "snapshot"}, "geometry": {"type": "Polygon", "coordinates": [[[-97.75209204845893, 30.269110262494387], [-97.75210324099949, 30.2691400139097], [-97.75213254345107, 30.269158401295577], [-97.75216876327315, 30.269158401295577], [-97.75219806572473, 30.2691400139097], [-97.75220925826528, 30.269110262494387], [-97.75219806572473, 30.269080511079075], [-97.75216876327315, 30.269062123693196], [-97.75213254345107, 30.269062123693196], [-97.75210324099949, 30.269080511079075], [-97.75209204845893, 30.269110262494387]]]}}, {"type": "Feature", "properties": {"kind": "street", "radius_m": 5.5, "source": "snapshot"}, "geometry": {"type": "Polygon", "coordinates": [[[-97.75218337633666, 30.26928979745219], [-97.75219423761392, 30.26931866832108], [-97.75222267280698, 30.269336511499343], [-97.75225782063855, 30.269336511499343], [-97.7522862558316, 30.26931866832108], [-97.75229711710887, 30.26928979745219], [-97.7522862558316, 30.269260926583296], [-97.75225782063855, 30.269243083405033], [-97.75222267280698, 30.269243083405033], [-97.75219423761392, 30.269260926583296], [-97.75218337633666, 30.26928979745219]]]}}, {"type": "Feature", "properties": {"kind": "street", "radius_m": 4.9, "source": "snapshot"}, "geometry": {"type": "Polygon", "coordinates": [[[-97.75220386188907, 30.269870022543234], [-97.75221356682087, 30.269895819676133], [-97.75223897466213, 30.26991176318108], [-97.75227038048112, 30.26991176318108], [-97.75229578832239, 30.269895819676133], [-97.75230549325418, 30.269870022543234], [-97.75229578832239, 30.269844225410335], [-97.75227038048112, 30.269828281905387], [-97.75223897466213, 30.269828281905387], [-97.75221356682087, 30.269844225410335], [-97.75220386188907, 30.269870022543234]]]}}, {"type": "Feature", "properties": {"kind": "street", "radius_m": 4.8, "source": "snapshot"}, "geometry": {"type": "Polygon", "coordinates": [[[-97.75219532368993, 30.2700328681771], [-97.75220486772639, 30.270058237626607], [-97.75222985433822, 30.270073916808677], [-97.75226073948897, 30.270073916808677], [-97.75228572610081, 30.270058237626607], [-97.75229527013727, 30.2700328681771], [-97.75228572610081, 30.270007498727594], [-97.75226073948897, 30.269991819545524], [-97.75222985433822, 30.269991819545524], [-97.75220486772639, 30.270007498727594], [-97.75219532368993, 30.2700328681771]]]}}, {"type": "Feature", "properties": {"kind": "street", "radius_m": 4.9, "source": "snapshot"}, "geometry": {"type": "Polygon", "coordinates": [[[-97.75211891145933, 30.270407140436184], [-97.75212872332237, 30.270433221808048], [-97.75215441111331, 30.270449340982335], [-97.75218616296908, 30.270449340982335], [-97.75221185076002, 30.270433221808048], [-97.75222166262306, 30.270407140436184], [-97.75221185076002, 30.27038105906432], [-97.75218616296908, 30.270364939890033], [-97.75215441111331, 30.270364939890033], [-97.75212872332237, 30.27038105906432], [-97.75211891145933, 30.270407140436184]]]}}, {"type": "Feature", "properties": {"kind": "street", "radius_m": 5.2, "source": "snapshot"}, "geometry": {"type": "Polygon", "coordinates": [[[-97.75227076721883, 30.270737902222276], [-97.75228109074759, 30.27076534367671], [-97.75230811809676, 30.270782303428252], [-97.7523415257376, 30.270782303428252], [-97.75236855308678, 30.27076534367671], [-97.75237887661554, 30.270737902222276], [-97.75236855308678, 30.27071046076784], [-97.7523415257376, 30.2706935010163], [-97.75230811809676, 30.2706935010163], [-97.75228109074759, 30.27071046076784], [-97.75227076721883, 30.270737902222276]]]}}, {"type": "Feature", "properties": {"kind": "street", "radius_m": 5.5, "source": "snapshot"}, "geometry": {"type": "Polygon", "coordinates": [[[-97.75216155364181, 30.271138767367663], [-97.75217252911938, 30.27116794179769], [-97.75220126329268, 30.27118597258705], [-97.75223678068414, 30.27118597258705], [-97.75226551485744, 30.27116794179769], [-97.752276490335, 30.271138767367663], [-97.75226551485744, 30.271109592937638], [-97.75223678068414, 30.27109156214828], [-97.75220126329268, 30.27109156214828], [-97.75217252911938, 30.271109592937638], [-97.75216155364181, 30.271138767367663]]]}}, {"type": "Feature", "properties": {"kind": "street", "radius_m": 5.9, "source": "snapshot"}, "geometry": {"type": "Polygon", "coordinates": [[[-97.75218819756063, 30.2712673658167], [-97.75219986589785, 30.27129838196938], [-97.75223041400129, 30.27131755100594], [-97.75226817353372, 30.27131755100594], [-97.75229872163716, 30.27129838196938], [-97.75231038997438, 30.2712673658167], [-97.75229872163716, 30.271236349664022], [-97.75226817353372, 30.271217180627463], [-97.75223041400129, 30.271217180627463], [-97.75219986589785, 30.271236349664022], [-97.75218819756063, 30.2712673658167]]]}}, {"type": "Feature", "properties": {"kind": "street", "radius_m": 6.0, "source": "snapshot"}, "geometry": {"type": "Polygon", "coordinates": [[[-97.75232452240155, 30.27145768525176], [-97.75233650614484, 30.27148953980006], [-97.7523678799921, 30.271509226993608], [-97.75240666020001, 30.271509226993608], [-97.75243803404726, 30.27148953980006], [-97.75245001779055, 30.27145768525176], [-97.75243803404726, 30.27142583070346], [-97.75240666020001, 30.271406143509914], [-97.7523678799921, 30.271406143509914], [-97.75233650614484, 30.27142583070346], [-97.75232452240155, 30.27145768525176]]]}}, {"type": "Feature", "properties": {"kind": "street", "radius_m": 5.5, "source": "snapshot"}, "geometry": {"type": "Polygon", "coordinates": [[[-97.75235588247384, 30.271590349455817], [-97.75236675932764, 30.271619261729427], [-97.7523952353006, 30.27163713049721], [-97.75243043353889, 30.27163713049721], [-97.75245890951184, 30.271619261729427], [-97.75246978636565, 30.271590349455817], [-97.75245890951184, 30.271561437182207], [-97.75243043353889, 30.271543568414423], [-97.7523952353006, 30.271543568414423], [-97.75236675932764, 30.271561437182207], [-97.75235588247384, 30.271590349455817]]]}}, {"type": "Feature", "properties": {"kind": "street", "radius_m": 5.7, "source": "snapshot"}, "geometry": {"type": "Polygon", "coordinates": [[[-97.75237769237272, 30.2718785731422], [-97.75238910586884, 30.27190891188986], [-97.75241898678965, 30.27192766226709], [-97.75245592163898, 30.27192766226709], [-97.75248580255979, 30.27190891188986], [-97.75249721605591, 30.2718785731422], [-97.75248580255979, 30.27184823439454], [-97.75245592163898, 30.27182948401731], [-97.75241898678965, 30.27182948401731], [-97.75238910586884, 30.27184823439454], [-97.75237769237272, 30.2718785731422]]]}}, {"type": "Feature", "properties": {"kind": "street", "radius_m": 5.8, "source": "snapshot"}, "geometry": {"type": "Polygon", "coordinates": [[[-97.7522689601024, 30.272281795060223], [-97.75228041248232, 30.27231223716669], [-97.75231039520219, 30.272331051423176], [-97.7523474558821, 30.272331051423176], [-97.75237743860197, 30.27231223716669], [-97.75238889098189, 30.272281795060223], [-97.75237743860197, 30.272251352953756], [-97.7523474558821, 30.27223253869727], [-97.75231039520219, 30.27223253869727], [-97.75228041248232, 30.272251352953756], [-97.7522689601024, 30.272281795060223]]]}}, {"type": "Feature", "properties": {"kind": "street", "radius_m": 5.5, "source": "snapshot"}, "geometry": {"type": "Polygon", "coordinates": [[[-97.75229700547702, 30.272414496471065], [-97.75230797579098, 30.272443657175508], [-97.75233669644582, 30.27246167948199], [-97.75237219712757, 30.27246167948199], [-97.75240091778241, 30.272443657175508], [-97.75241188809638, 30.272414496471065], [-97.75240091778241, 30.27238533576662], [-97.75237219712757, 30.27236731346014], [-97.75233669644582, 30.27236731346014], [-97.75230797579098, 30.27238533576662], [-97.75229700547702, 30.272414496471065]]]}}, {"type": "Feature", "properties": {"kind": "street", "radius_m": 6.4, "source": "snapshot"}, "geometry": {"type": "Polygon", "coordinates": [[[-97.75243827462332, 30.27259381908681], [-97.75245104774727, 30.272627771924782], [-97.75248448821995, 30.27264875593266], [-97.75252582291739, 30.27264875593266], [-97.75255926339007, 30.272627771924782], [-97.75257203651402, 30.27259381908681], [-97.75255926339007, 30.27255986624884], [-97.75252582291739, 30.272538882240962], [-97.75248448821995, 30.272538882240962], [-97.75245104774727, 30.27255986624884], [-97.75243827462332, 30.27259381908681]]]}}, {"type": "Feature", "properties": {"kind": "street", "radius_m": 5.1, "source": "snapshot"}, "geometry": {"type": "Polygon", "coordinates": [[[-97.75231802934695, 30.272983336127794], [-97.75232825009061, 30.273010504364336], [-97.75235500834489, 30.273027295257933], [-97.75238808336613, 30.273027295257933], [-97.7524148416204, 30.273010504364336], [-97.75242506236407, 30.272983336127794], [-97.7524148416204, 30.27295616789125], [-97.75238808336613, 30.272939376997655], [-97.75235500834489, 30.272939376997655], [-97.75232825009061, 30.27295616789125], [-97.75231802934695, 30.272983336127794]]]}}, {"type": "Feature", "properties": {"kind": "street", "radius_m": 5.2, "source": "snapshot"}, "geometry": {"type": "Polygon", "coordinates": [[[-97.75236118166819, 30.27318393417796], [-97.75237159820375, 30.273211622858135], [-97.75239886904791, 30.273228735403585], [-97.75243257766508, 30.273228735403585], [-97.75245984850923, 30.273211622858135], [-97.75247026504479, 30.27318393417796], [-97.75245984850923, 30.273156245497788], [-97.75243257766508, 30.273139132952338], [-97.75239886904791, 30.273139132952338], [-97.75237159820375, 30.273156245497788], [-97.75236118166819, 30.27318393417796]]]}}, {"type": "Feature", "properties": {"kind": "street", "radius_m": 5.2, "source": "snapshot"}, "geometry": {"type": "Polygon", "coordinates": [[[-97.75220363080999, 30.273559536084235], [-97.75221387613823, 30.273586769670196], [-97.75224069875577, 30.273603600951954], [-97.75227385333437, 30.273603600951954], [-97.75230067595191, 30.273586769670196], [-97.75231092128016, 30.273559536084235], [-97.75230067595191, 30.273532302498275], [-97.75227385333437, 30.273515471216516], [-97.75224069875577, 30.273515471216516], [-97.75221387613823, 30.273532302498275], [-97.75220363080999, 30.273559536084235]]]}}, {"type": "Feature", "properties": {"kind": "street", "radius_m": 5.6, "source": "snapshot"}, "geometry": {"type": "Polygon", "coordinates": [[[-97.75230083577203, 30.273590776402308], [-97.7523120058533, 30.27362046811754], [-97.75234124950572, 30.273638818606734], [-97.752377396648, 30.273638818606734], [-97.75240664030042, 30.27362046811754], [-97.75241781038169, 30.273590776402308], [-97.75240664030042, 30.273561084687078], [-97.752377396648, 30.273542734197882], [-97.75234124950572, 30.273542734197882], [-97.7523120058533, 30.273561084687078], [-97.75230083577203, 30.273590776402308]]]}}, {"type": "Feature", "properties": {"kind": "street", "radius_m": 4.7, "source": "snapshot"}, "geometry": {"type": "Polygon", "coordinates": [[[-97.75227802642696, 30.273738094677775], [-97.75228737410458, 30.273762942176692], [-97.75231184664233, 30.273778298775557], [-97.75234209636255, 30.273778298775557], [-97.7523665689003, 30.273762942176692], [-97.75237591657792, 30.273738094677775], [-97.7523665689003, 30.273713247178858], [-97.75234209636255, 30.273697890579992], [-97.75231184664233, 30.273697890579992], [-97.75228737410458, 30.273713247178858], [-97.75227802642696, 30.273738094677775]]]}}, {"type": "Feature", "properties": {"kind": "street", "radius_m": 6.2, "source": "snapshot"}, "geometry": {"type": "Polygon", "coordinates": [[[-97.7522361542135, 30.27388003548361], [-97.75224850926952, 30.273912877035624], [-97.7522808552261, 30.27393317423101], [-97.75232083702724, 30.27393317423101], [-97.75235318298382, 30.273912877035624], [-97.75236553803984, 30.27388003548361], [-97.75235318298382, 30.273847193931598], [-97.75232083702724, 30.27382689673621], [-97.7522808552261, 30.27382689673621], [-97.75224850926952, 30.273847193931598], [-97.7522361542135, 30.27388003548361]]]}}, {"type": "Feature", "properties": {"kind": "street", "radius_m": 6.0, "source": "snapshot"}, "geometry": {"type": "Polygon", "coordinates": [[[-97.75207156564008, 30.27414342807324], [-97.75208350867146, 30.274175174403332], [-97.75211477593356, 30.274194794714344], [-97.752153424395, 30.274194794714344], [-97.7521846916571, 30.274175174403332], [-97.75219663468849, 30.27414342807324], [-97.7521846916571, 30.27411168174315], [-97.752153424395, 30.27409206143214], [-97.75211477593356, 30.27409206143214], [-97.75208350867146, 30.27411168174315], [-97.75207156564008, 30.27414342807324]]]}}, {"type": "Feature", "properties": {"kind": "street", "radius_m": 6.1, "source": "snapshot"}, "geometry": {"type": "Polygon", "coordinates": [[[-97.7520621469778, 30.274270103693624], [-97.75207427483963, 30.274302341330117], [-97.75210602599408, 30.274322265285186], [-97.75214527257934, 30.274322265285186], [-97.7521770237338, 30.274302341330117], [-97.75218915159562, 30.274270103693624], [-97.7521770237338, 30.27423786605713], [-97.75214527257934, 30.274217942102062], [-97.75210602599408, 30.274217942102062], [-97.75207427483963, 30.27423786605713], [-97.7520621469778, 30.274270103693624]]]}}, {"type": "Feature", "properties": {"kind": "street", "radius_m": 4.7, "source": "snapshot"}, "geometry": {"type": "Polygon", "coordinates": [[[-97.75202903782768, 30.274430268738694], [-97.75203846961932, 30.27445533982501], [-97.75206316237042, 30.27447083460849], [-97.75209368428933, 30.27447083460849], [-97.75211837704043, 30.27445533982501], [-97.75212780883207, 30.274430268738694], [-97.75211837704043, 30.274405197652378], [-97.75209368428933, 30.2743897028689], [-97.75206316237042, 30.2743897028689], [-97.75203846961932, 30.274405197652378], [-97.75202903782768, 30.274430268738694]]]}}, {"type": "Feature", "properties": {"kind": "street", "radius_m": 5.7, "source": "snapshot"}, "geometry": {"type": "Polygon", "coordinates": [[[-97.75201401236924, 30.274554496218254], [-97.75202524114158, 30.274584343942994], [-97.75205463844925, 30.27460279085137], [-97.75209097551986, 30.27460279085137], [-97.75212037282753, 30.274584343942994], [-97.75213160159987, 30.274554496218254], [-97.75212037282753, 30.274524648493514], [-97.75209097551986, 30.274506201585137], [-97.75205463844925, 30.274506201585137], [-97.75202524114158, 30.274524648493514], [-97.75201401236924, 30.274554496218254]]]}}, {"type": "Feature", "properties": {"kind": "street", "radius_m": 6.5, "source": "snapshot"}, "geometry": {"type": "Polygon", "coordinates": [[[-97.75210302763453, 30.274589598030957], [-97.7521158913761, 30.274623791743835], [-97.75214956908877, 30.274644924620596], [-97.75219119703095, 30.274644924620596], [-97.75222487474362, 30.274623791743835], [-97.75223773848519, 30.274589598030957], [-97.75222487474362, 30.27455540431808], [-97.75219119703095, 30.27453427144132], [-97.75214956908877, 30.27453427144132], [-97.7521158913761, 30.27455540431808], [-97.75210302763453, 30.274589598030957]]]}}, {"type": "Feature", "properties": {"kind": "street", "radius_m": 6.3, "source": "snapshot"}, "geometry": {"type": "Polygon", "coordinates": [[[-97.75191235837795, 30.27499468466594], [-97.7519248561245, 30.275027905510374], [-97.7519575756498, 30.275048437121367], [-97.75199801920725, 30.275048437121367], [-97.75203073873254, 30.275027905510374], [-97.7520432364791, 30.27499468466594], [-97.75203073873254, 30.27496146382151], [-97.75199801920725, 30.274940932210516], [-97.7519575756498, 30.274940932210516], [-97.7519248561245, 30.27496146382151], [-97.75191235837795, 30.27499468466594]]]}}, {"type": "Feature", "properties": {"kind": "street", "radius_m": 4.7, "source": "snapshot"}, "geometry": {"type": "Polygon", "coordinates": [[[-97.75188252583698, 30.275273589752153], [-97.75189184252528, 30.275298354876906], [-97.75191623393194, 30.27531366056574], [-97.7519463833686, 30.27531366056574], [-97.75197077477526, 30.275298354876906], [-97.75198009146357, 30.275273589752153], [-97.75197077477526, 30.2752488246274], [-97.7519463833686, 30.275233518938567], [-97.75191623393194, 30.275233518938567], [-97.75189184252528, 30.2752488246274], [-97.75188252583698, 30.275273589752153]]]}}, {"type": "Feature", "properties": {"kind": "street", "radius_m": 5.6, "source": "snapshot"}, "geometry": {"type": "Polygon", "coordinates": [[[-97.75174631100136, 30.275854853155845], [-97.75175746046229, 30.27588449005918], [-97.75178665012994, 30.275902806672764], [-97.7518227305434, 30.275902806672764], [-97.75185192021105, 30.27588449005918], [-97.75186306967198, 30.275854853155845], [-97.75185192021105, 30.27582521625251], [-97.7518227305434, 30.275806899638926], [-97.75178665012994, 30.275806899638926], [-97.75175746046229, 30.27582521625251], [-97.75174631100136, 30.275854853155845]]]}}, {"type": "Feature", "properties": {"kind": "street", "radius_m": 5.9, "source": "snapshot"}, "geometry": {"type": "Polygon", "coordinates": [[[-97.75171251567124, 30.27599810210786], [-97.75172422135071, 30.276029217521714], [-97.75175486721743, 30.27604844790505], [-97.75179274759192, 30.27604844790505], [-97.75182339345864, 30.276029217521714], [-97.7518350991381, 30.27599810210786], [-97.75182339345864, 30.275966986694005], [-97.75179274759192, 30.275947756310668], [-97.75175486721743, 30.275947756310668], [-97.75172422135071, 30.275966986694005], [-97.75171251567124, 30.27599810210786]]]}}, {"type": "Feature", "properties": {"kind": "street", "radius_m": 4.7, "source": "snapshot"}, "geometry": {"type": "Polygon", "coordinates": [[[-97.75182837883818, 30.27602494013657], [-97.75183779998379, 30.276049982924157], [-97.75186246486321, 30.27606546021806], [-97.7518929523308, 30.27606546021806], [-97.75191761721022, 30.276049982924157], [-97.75192703835583, 30.27602494013657], [-97.75191761721022, 30.27599989734898], [-97.7518929523308, 30.275984420055078], [-97.75186246486321, 30.275984420055078], [-97.75183779998379, 30.27599989734898], [-97.75182837883818, 30.27602494013657]]]}}, {"type": "Feature", "properties": {"kind": "street", "radius_m": 4.6, "source": "snapshot"}, "geometry": {"type": "Polygon", "coordinates": [[[-97.75165524348937, 30.276292372189914], [-97.7516643723216, 30.276316637965653], [-97.75168827191466, 30.276331635039824], [-97.75171781343631, 30.276331635039824], [-97.75174171302938, 30.276316637965653], [-97.75175084186161, 30.276292372189914], [-97.75174171302938, 30.276268106414175], [-97.75171781343631, 30.276253109340004], [-97.75168827191466, 30.276253109340004], [-97.7516643723216, 30.276268106414175], [-97.75165524348937, 30.276292372189914]]]}}, {"type": "Feature", "properties": {"kind": "street", "radius_m": 5.9, "source": "snapshot"}, "geometry": {"type": "Polygon", "coordinates": [[[-97.75162264315392, 30.27642561028112], [-97.75163431364224, 30.276456632151717], [-97.75166486737731, 30.276475804722143], [-97.75170263387082, 30.276475804722143], [-97.7517331876059, 30.276456632151717], [-97.75174485809421, 30.27642561028112], [-97.7517331876059, 30.276394588410522], [-97.75170263387082, 30.276375415840096], [-97.75166486737731, 30.276375415840096], [-97.75163431364224, 30.276394588410522], [-97.75162264315392, 30.27642561028112]]]}}, {"type": "Feature", "properties": {"kind": "street", "radius_m": 6.3, "source": "snapshot"}, "geometry": {"type": "Polygon", "coordinates": [[[-97.75158085342773, 30.27657442231409], [-97.75159337678676, 30.27660771124023], [-97.75162616336637, 30.276628284928034], [-97.75166668980752, 30.276628284928034], [-97.75169947638713, 30.27660771124023], [-97.75171199974616, 30.27657442231409], [-97.75169947638713, 30.27654113338795], [-97.75166668980752, 30.27652055970015], [-97.75162616336637, 30.27652055970015], [-97.75159337678676, 30.27654113338795], [-97.75158085342773, 30.27657442231409]]]}}, {"type": "Feature", "properties": {"kind": "street", "radius_m": 6.4, "source": "snapshot"}, "geometry": {"type": "Polygon", "coordinates": [[[-97.75167198821188, 30.276611714553834], [-97.75168463804047, 30.276645339654607], [-97.75171775572167, 30.27666612110976], [-97.75175869142689, 30.27666612110976], [-97.75179180910808, 30.276645339654607], [-97.75180445893668, 30.276611714553834], [-97.75179180910808, 30.27657808945306], [-97.75175869142689, 30.27655730799791], [-97.75171775572167, 30.27655730799791], [-97.75168463804047, 30.27657808945306], [-97.75167198821188, 30.276611714553834]]]}}, {"type": "Feature", "properties": {"kind": "street", "radius_m": 6.4, "source": "snapshot"}, "geometry": {"type": "Polygon", "coordinates": [[[-97.75145485575021, 30.277032165958133], [-97.75146755736226, 30.27706592870694], [-97.75150081061432, 30.277086795233256], [-97.75154191389433, 30.277086795233256], [-97.75157516714638, 30.27706592870694], [-97.75158786875843, 30.277032165958133], [-97.75157516714638, 30.276998403209326], [-97.75154191389433, 30.27697753668301], [-97.75150081061432, 30.27697753668301], [-97.75146755736226, 30.276998403209326], [-97.75145485575021, 30.277032165958133]]]}}, {"type": "Feature", "properties": {"kind": "street", "radius_m": 6.1, "source": "snapshot"}, "geometry": {"type": "Polygon", "coordinates": [[[-97.75155073948407, 30.277068347859014], [-97.75156290612172, 30.277100688567383], [-97.75159475879265, 30.277120676224374], [-97.75163413085916, 30.277120676224374], [-97.75166598353009, 30.277100688567383], [-97.75167815016773, 30.277068347859014], [-97.75166598353009, 30.277036007150645], [-97.75163413085916, 30.277016019493654], [-97.75159475879265, 30.277016019493654], [-97.75156290612172, 30.277036007150645], [-97.75155073948407, 30.277068347859014]]]}}, {"type": "Feature", "properties": {"kind": "street", "radius_m": 5.4, "source": "snapshot"}, "geometry": {"type": "Polygon", "coordinates": [[[-97.75141356398142, 30.277309720398076], [-97.75142433302132, 30.27733834608649], [-97.75145252673379, 30.277356037734883], [-97.75148737607894, 30.277356037734883], [-97.75151556979141, 30.27733834608649], [-97.75152633883131, 30.277309720398076], [-97.75151556979141, 30.27728109470966], [-97.75148737607894, 30.27726340306127], [-97.75145252673379, 30.27726340306127], [-97.75142433302132, 30.27728109470966], [-97.75141356398142, 30.277309720398076]]]}}, {"type": "Feature", "properties": {"kind": "street", "radius_m": 6.3, "source": "snapshot"}, "geometry": {"type": "Polygon", "coordinates": [[[-97.75149520213078, 30.27734811320842], [-97.75150766797137, 30.277381249242044], [-97.75154030396568, 30.277401728437077], [-97.75158064427318, 30.277401728437077], [-97.75161328026749, 30.277381249242044], [-97.75162574610808, 30.27734811320842], [-97.75161328026749, 30.277314977174793], [-97.75158064427318, 30.27729449797976], [-97.75154030396568, 30.27729449797976], [-97.75150766797137, 30.277314977174793], [-97.75149520213078, 30.27734811320842]]]}}, {"type": "Feature", "properties": {"kind": "street", "radius_m": 5.6, "source": "snapshot"}, "geometry": {"type": "Polygon", "coordinates": [[[-97.75129766435909, 30.27775834677282], [-97.75130869915999, 30.277787678892995], [-97.7513375886438, 30.277805807140222], [-97.75137329800965, 30.277805807140222], [-97.75140218749347, 30.277787678892995], [-97.75141322229437, 30.27775834677282], [-97.75140218749347, 30.277729014652646], [-97.75137329800965, 30.27771088640542], [-97.7513375886438, 30.27771088640542], [-97.75130869915999, 30.277729014652646], [-97.75129766435909, 30.27775834677282]]]}}, {"type": "Feature", "properties": {"kind": "park", "radius_m": 7.4, "source": "snapshot"}, "geometry": {"type": "Polygon", "coordinates": [[[-97.7464561225276, 30.265666666666664], [-97.74647086847935, 30.265705863570393], [-97.74650947388221, 30.265730088589148], [-97.74655719278445, 30.265730088589148], [-97.74659579818731, 30.265705863570393], [-97.74661054413906, 30.265666666666664], [-97.74659579818731, 30.265627469762936], [-97.74655719278445, 30.26560324474418], [-97.74650947388221, 30.26560324474418], [-97.74647086847935, 30.265627469762936], [-97.7464561225276, 30.265666666666664]]]}}, {"type": "Feature", "properties": {"kind": "park", "radius_m": 5.6, "source": "snapshot"}, "geometry": {"type": "Polygon", "coordinates": [[[-97.7461422203014, 30.265133333333335], [-97.74615325524191, 30.265162665824587], [-97.7461821450912, 30.265180794301155], [-97.7462178549088, 30.265180794301155], [-97.7462467447581, 30.265162665824587], [-97.74625777969861, 30.265133333333335], [-97.7462467447581, 30.265104000842083], [-97.7462178549088, 30.265085872365514], [-97.7461821450912, 30.265085872365514], [-97.74615325524191, 30.265104000842083], [-97.7461422203014, 30.265133333333335]]]}}, {"type": "Feature", "properties": {"kind": "park", "radius_m": 4.8, "source": "snapshot"}, "geometry": {"type": "Polygon", "coordinates": [[[-97.74614975130727, 30.2654], [-97.74615934795364, 30.26542550929436], [-97.7461844723, 30.265441274905307], [-97.7462155277, 30.265441274905307], [-97.74624065204637, 30.26542550929436], [-97.74625024869273, 30.2654], [-97.74624065204637, 30.26537449070564], [-97.7462155277, 30.265358725094693], [-97.7461844723, 30.265358725094693], [-97.74615934795364, 30.26537449070564], [-97.74614975130727, 30.2654]]]}}, {"type": "Feature", "properties": {"kind": "park", "radius_m": 4.8, "source": "snapshot"}, "geometry": {"type": "Polygon", "coordinates": [[[-97.74751661673743, 30.270233333333334], [-97.74752617542335, 30.27025874172325], [-97.74755120038796, 30.270274444971818], [-97.74758213294535, 30.270274444971818], [-97.74760715790997, 30.27025874172325], [-97.74761671659589, 30.270233333333334], [-97.74760715790997, 30.270207924943417], [-97.74758213294535, 30.27019222169485], [-97.74755120038796, 30.27019222169485], [-97.74752617542335, 30.270207924943417], [-97.74751661673743, 30.270233333333334]]]}}, {"type": "Feature", "properties": {"kind": "park", "radius_m": 4.6, "source": "snapshot"}, "geometry": {"type": "Polygon", "coordinates": [[[-97.74751931634322, 30.270766666666667], [-97.7475283594503, 30.270790704572395], [-97.74755203461203, 30.270805560815152], [-97.74758129872129, 30.270805560815152], [-97.74760497388301, 30.270790704572395], [-97.7476140169901, 30.270766666666667], [-97.74760497388301, 30.27074262876094], [-97.74758129872129, 30.270727772518182], [-97.74755203461203, 30.270727772518182], [-97.7475283594503, 30.27074262876094], [-97.74751931634322, 30.270766666666667]]]}}, {"type": "Feature", "properties": {"kind": "park", "radius_m": 7.8, "source": "snapshot"}, "geometry": {"type": "Polygon", "coordinates": [[[-97.74721914276175, 30.270233333333334], [-97.74723458512014, 30.270274381388116], [-97.74727501373926, 30.270299750481144], [-97.74732498626074, 30.270299750481144], [-97.74736541487985, 30.270274381388116], [-97.74738085723824, 30.270233333333334], [-97.74736541487985, 30.27019228527855], [-97.74732498626074, 30.270166916185524], [-97.74727501373926, 30.270166916185524], [-97.74723458512014, 30.27019228527855], [-97.74721914276175, 30.270233333333334]]]}}, {"type": "Feature", "properties": {"kind": "park", "radius_m": 4.9, "source": "snapshot"}, "geometry": {"type": "Polygon", "coordinates": [[[-97.74724884682469, 30.2705], [-97.74725861621185, 30.270525968464764], [-97.74728419279951, 30.270542017858624], [-97.74731580720048, 30.270542017858624], [-97.74734138378814, 30.270525968464764], [-97.7473511531753, 30.2705], [-97.74734138378814, 30.270474031535233], [-97.74731580720048, 30.270457982141373], [-97.74728419279951, 30.270457982141373], [-97.74725861621185, 30.270474031535233], [-97.74724884682469, 30.2705]]]}}, {"type": "Feature", "properties": {"kind": "park", "radius_m": 6.9, "source": "snapshot"}, "geometry": {"type": "Polygon", "coordinates": [[[-97.74722862791705, 30.270766666666667], [-97.74724225877198, 30.270802899479385], [-97.74727794481345, 30.27082529258915], [-97.74732205518654, 30.27082529258915], [-97.74735774122802, 30.270802899479385], [-97.74737137208294, 30.270766666666667], [-97.74735774122802, 30.27073043385395], [-97.74732205518654, 30.270708040744182], [-97.74727794481345, 30.270708040744182], [-97.74724225877198, 30.27073043385395], [-97.74722862791705, 30.270766666666667]]]}}, {"type": "Feature", "properties": {"kind": "park", "radius_m": 7.9, "source": "snapshot"}, "geometry": {"type": "Polygon", "coordinates": [[[-97.74695081413645, 30.270233333333334], [-97.74696657390069, 30.27027522509946], [-97.74700783349914, 30.270301115634776], [-97.74705883316753, 30.270301115634776], [-97.74710009276598, 30.27027522509946], [-97.74711585253021, 30.270233333333334], [-97.74710009276598, 30.270191441567206], [-97.74705883316753, 30.27016555103189], [-97.74700783349914, 30.27016555103189], [-97.74696657390069, 30.270191441567206], [-97.74695081413645, 30.270233333333334]]]}}, {"type": "Feature", "properties": {"kind": "park", "radius_m": 5.7, "source": "snapshot"}, "geometry": {"type": "Polygon", "coordinates": [[[-97.74697355610051, 30.2705], [-97.74698497253611, 30.27053034656118], [-97.74701486115252, 30.270549101767433], [-97.74705180551415, 30.270549101767433], [-97.74708169413056, 30.27053034656118], [-97.74709311056615, 30.2705], [-97.74708169413056, 30.270469653438816], [-97.74705180551415, 30.270450898232564], [-97.74701486115252, 30.270450898232564], [-97.74698497253611, 30.270469653438816], [-97.74697355610051, 30.2705]]]}}, {"type": "Feature", "properties": {"kind": "park", "radius_m": 5.1, "source": "snapshot"}, "geometry": {"type": "Polygon", "coordinates": [[[-97.74698012226472, 30.270766666666667], [-97.74699028467454, 30.270793679843308], [-97.74701689020884, 30.270810374904617], [-97.74704977645783, 30.270810374904617], [-97.74707638199213, 30.270793679843308], [-97.74708654440195, 30.270766666666667], [-97.74707638199213, 30.270739653490025], [-97.74704977645783, 30.270722958428717], [-97.74701689020884, 30.270722958428717], [-97.74699028467454, 30.270739653490025], [-97.74698012226472, 30.270766666666667]]]}}, {"type": "Feature", "properties": {"kind": "park", "radius_m": 6.0, "source": "snapshot"}, "geometry": {"type": "Polygon", "coordinates": [[[-97.73908806693271, 30.265666666666664], [-97.73909989509605, 30.26569810766062], [-97.73913086162969, 30.26571753926352], [-97.7391691383703, 30.26571753926352], [-97.73920010490394, 30.26569810766062], [-97.73921193306728, 30.265666666666664], [-97.73920010490394, 30.26563522567271], [-97.7391691383703, 30.26561579406981], [-97.73913086162969, 30.26561579406981], [-97.73909989509605, 30.26563522567271], [-97.73908806693271, 30.265666666666664]]]}}, {"type": "Feature", "properties": {"kind": "park", "radius_m": 5.6, "source": "snapshot"}, "geometry": {"type": "Polygon", "coordinates": [[[-97.73849163675143, 30.2654], [-97.73850278314006, 30.265429628736726], [-97.73853196476435, 30.26544794030307], [-97.73856803523566, 30.26544794030307], [-97.73859721685994, 30.265429628736726], [-97.73860836324857, 30.2654], [-97.73859721685994, 30.265370371263273], [-97.73856803523566, 30.26535205969693], [-97.73853196476435, 30.26535205969693], [-97.73850278314006, 30.265370371263273], [-97.73849163675143, 30.2654]]]}}, {"type": "Feature", "properties": {"kind": "park", "radius_m": 5.7, "source": "snapshot"}, "geometry": {"type": "Polygon", "coordinates": [[[-97.73849041741626, 30.265666666666664], [-97.73850179667718, 30.26569691441213], [-97.73853158796906, 30.26571560854691], [-97.73856841203094, 30.26571560854691], [-97.73859820332282, 30.26569691441213], [-97.73860958258375, 30.265666666666664], [-97.73859820332282, 30.2656364189212], [-97.73856841203094, 30.26561772478642], [-97.73853158796906, 30.26561772478642], [-97.73850179667718, 30.2656364189212], [-97.73849041741626, 30.265666666666664]]]}}, {"type": "Feature", "properties": {"kind": "park", "radius_m": 5.1, "source": "snapshot"}, "geometry": {"type": "Polygon", "coordinates": [[[-97.73629706805846, 30.2723], [-97.73630717715974, 30.272326871474753], [-97.73633364313052, 30.272343478959478], [-97.73636635686948, 30.272343478959478], [-97.73639282284026, 30.272326871474753], [-97.73640293194154, 30.2723], [-97.73639282284026, 30.27227312852525], [-97.73636635686948, 30.272256521040525], [-97.73633364313052, 30.272256521040525], [-97.73630717715974, 30.27227312852525], [-97.73629706805846, 30.2723]]]}}, {"type": "Feature", "properties": {"kind": "park", "radius_m": 8.1, "source": "snapshot"}, "geometry": {"type": "Polygon", "coordinates": [[[-97.73536599808023, 30.2723], [-97.73538204101934, 30.2723426444865], [-97.73542404197923, 30.27236900022859], [-97.73547595802077, 30.27236900022859], [-97.73551795898067, 30.2723426444865], [-97.73553400191977, 30.2723], [-97.73551795898067, 30.272257355513503], [-97.73547595802077, 30.272230999771413], [-97.73542404197923, 30.272230999771413], [-97.73538204101934, 30.272257355513503], [-97.73536599808023, 30.2723]]]}}, {"type": "Feature", "properties": {"kind": "park", "radius_m": 4.6, "source": "snapshot"}, "geometry": {"type": "Polygon", "coordinates": [[[-97.73540200656086, 30.272966666666665], [-97.7354111724921, 30.272991031057064], [-97.73543516921168, 30.273006089078443], [-97.73546483078832, 30.273006089078443], [-97.7354888275079, 30.272991031057064], [-97.73549799343914, 30.272966666666665], [-97.7354888275079, 30.272942302276267], [-97.73546483078832, 30.272927244254888], [-97.73543516921168, 30.272927244254888], [-97.7354111724921, 30.272942302276267], [-97.73540200656086, 30.272966666666665]]]}}, {"type": "Feature", "properties": {"kind": "park", "radius_m": 6.3, "source": "snapshot"}, "geometry": {"type": "Polygon", "coordinates": [[[-97.73448436432402, 30.271633333333334], [-97.7344968996227, 30.271666653996785], [-97.73452971746069, 30.271687247299326], [-97.73457028253931, 30.271687247299326], [-97.7346031003773, 30.271666653996785], [-97.73461563567598, 30.271633333333334], [-97.7346031003773, 30.271600012669882], [-97.73457028253931, 30.27157941936734], [-97.73452971746069, 30.27157941936734], [-97.7344968996227, 30.271600012669882], [-97.73448436432402, 30.271633333333334]]]}}, {"type": "Feature", "properties": {"kind": "park", "radius_m": 8.2, "source": "snapshot"}, "geometry": {"type": "Polygon", "coordinates": [[[-97.73446463224516, 30.2723], [-97.73448093603557, 30.272343337867497], [-97.73452361991298, 30.272370122142608], [-97.73457638008702, 30.272370122142608], [-97.73461906396443, 30.272343337867497], [-97.73463536775483, 30.2723], [-97.73461906396443, 30.272256662132506], [-97.73457638008702, 30.272229877857395], [-97.73452361991298, 30.272229877857395], [-97.73448093603557, 30.272256662132506], [-97.73446463224516, 30.2723]]]}}, {"type": "Feature", "properties": {"kind": "park", "radius_m": 6.2, "source": "snapshot"}, "geometry": {"type": "Polygon", "coordinates": [[[-97.73448524496084, 30.272966666666665], [-97.73449761207284, 30.27299954026527], [-97.73452998959243, 30.273019857266544], [-97.73457001040757, 30.273019857266544], [-97.73460238792715, 30.27299954026527], [-97.73461475503916, 30.272966666666665], [-97.73460238792715, 30.27293379306806], [-97.73457001040757, 30.272913476066787], [-97.73452998959243, 30.272913476066787], [-97.73449761207284, 30.27293379306806], [-97.73448524496084, 30.272966666666665]]]}}, {"type": "Feature", "properties": {"kind": "park", "radius_m": 6.5, "source": "snapshot"}, "geometry": {"type": "Polygon", "coordinates": [[[-97.73826563621657, 30.2742], [-97.7382785652154, 30.274234367176252], [-97.73831241377378, 30.27425560725927], [-97.7383542528929, 30.27425560725927], [-97.73838810145129, 30.274234367176252], [-97.73840103045012, 30.2742], [-97.73838810145129, 30.27416563282375], [-97.7383542528929, 30.27414439274073], [-97.73831241377378, 30.27414439274073], [-97.7382785652154, 30.27416563282375], [-97.73826563621657, 30.2742]]]}}, {"type": "Feature", "properties": {"kind": "park", "radius_m": 5.6, "source": "snapshot"}, "geometry": {"type": "Polygon", "coordinates": [[[-97.73827518848614, 30.2758], [-97.73828629316382, 30.275829517862906], [-97.73831536558743, 30.275847760905453], [-97.73835130107926, 30.275847760905453], [-97.73838037350286, 30.275829517862906], [-97.73839147818055, 30.2758], [-97.73838037350286, 30.275770482137094], [-97.73835130107926, 30.275752239094547], [-97.73831536558743, 30.275752239094547], [-97.73828629316382, 30.275770482137094], [-97.73827518848614, 30.2758]]]}}, {"type": "Feature", "properties": {"kind": "park", "radius_m": 7.1, "source": "snapshot"}, "geometry": {"type": "Polygon", "coordinates": [[[-97.73692621079917, 30.2742], [-97.73694030328252, 30.27423745988885], [-97.73697719788294, 30.27426061137338], [-97.73702280211705, 30.27426061137338], [-97.73705969671747, 30.27423745988885], [-97.73707378920082, 30.2742], [-97.73705969671747, 30.27416254011115], [-97.73702280211705, 30.274139388626622], [-97.73697719788294, 30.274139388626622], [-97.73694030328252, 30.27416254011115], [-97.73692621079917, 30.2742]]]}}, {"type": "Feature", "properties": {"kind": "park", "radius_m": 6.1, "source": "snapshot"}, "geometry": {"type": "Polygon", "coordinates": [[[-97.73560310904537, 30.2742], [-97.73561524747092, 30.27423226571643], [-97.73564702628157, 30.27425220702586], [-97.73568630705178, 30.27425220702586], [-97.73571808586243, 30.27423226571643], [-97.73573022428798, 30.2742], [-97.73571808586243, 30.27416773428357], [-97.73568630705178, 30.27414779297414], [-97.73564702628157, 30.27414779297414], [-97.73561524747092, 30.27416773428357], [-97.73560310904537, 30.2742]]]}}, {"type": "Feature", "properties": {"kind": "park", "radius_m": 6.2, "source": "snapshot"}, "geometry": {"type": "Polygon", "coordinates": [[[-97.75043515793821, 30.2604], [-97.75044754167006, 30.260432917776594], [-97.75047996270096, 30.260453262081363], [-97.75052003729904, 30.260453262081363], [-97.75055245832995, 30.260432917776594], [-97.75056484206179, 30.2604], [-97.75055245832995, 30.260367082223407], [-97.75052003729904, 30.26034673791864], [-97.75047996270096, 30.26034673791864], [-97.75044754167006, 30.260367082223407], [-97.75043515793821, 30.2604]]]}}, {"type": "Feature", "properties": {"kind": "park", "radius_m": 4.7, "source": "snapshot"}, "geometry": {"type": "Polygon", "coordinates": [[[-97.7494509851271, 30.2608], [-97.74946034613485, 30.260824882932337], [-97.7494848535713, 30.26084026143026], [-97.74951514642872, 30.26084026143026], [-97.74953965386517, 30.260824882932337], [-97.74954901487293, 30.2608], [-97.74953965386517, 30.260775117067663], [-97.74951514642872, 30.26075973856974], [-97.7494848535713, 30.26075973856974], [-97.74946034613485, 30.260775117067663], [-97.7494509851271, 30.2608]]]}}, {"type": "Feature", "properties": {"kind": "park", "radius_m": 5.6, "source": "snapshot"}, "geometry": {"type": "Polygon", "coordinates": [[[-97.74944212185831, 30.2612], [-97.74945317559977, 30.261229382466958], [-97.74948211467063, 30.261247541830215], [-97.7495178853294, 30.261247541830215], [-97.74954682440026, 30.261229382466958], [-97.74955787814172, 30.2612], [-97.74954682440026, 30.26117061753304], [-97.7495178853294, 30.261152458169782], [-97.74948211467063, 30.261152458169782], [-97.74945317559977, 30.26117061753304], [-97.74944212185831, 30.2612]]]}}, {"type": "Feature", "properties": {"kind": "park", "radius_m": 4.9, "source": "snapshot"}, "geometry": {"type": "Polygon", "coordinates": [[[-97.74844899255105, 30.2604], [-97.74845873410696, 30.2604258944852], [-97.74848423783143, 30.260441898157175], [-97.74851576216858, 30.260441898157175], [-97.74854126589305, 30.2604258944852], [-97.74855100744897, 30.2604], [-97.74854126589305, 30.260374105514803], [-97.74851576216858, 30.260358101842826], [-97.74848423783143, 30.260358101842826], [-97.74845873410696, 30.260374105514803], [-97.74844899255105, 30.2604]]]}}, {"type": "Feature", "properties": {"kind": "park", "radius_m": 7.0, "source": "snapshot"}, "geometry": {"type": "Polygon", "coordinates": [[[-97.74842739238575, 30.2608], [-97.74844125920616, 30.260836860043604], [-97.74847756301328, 30.26085964080338], [-97.74852243698673, 30.26085964080338], [-97.74855874079385, 30.260836860043604], [-97.74857260761426, 30.2608], [-97.74855874079385, 30.260763139956396], [-97.74852243698673, 30.26074035919662], [-97.74847756301328, 30.26074035919662], [-97.74844125920616, 30.260763139956396], [-97.74842739238575, 30.2608]]]}}, {"type": "Feature", "properties": {"kind": "park", "radius_m": 4.9, "source": "snapshot"}, "geometry": {"type": "Polygon", "coordinates": [[[-97.74628231455647, 30.277333333333335], [-97.74629205827581, 30.277359233569264], [-97.74631756766425, 30.277375240795383], [-97.7463490990024, 30.277375240795383], [-97.74637460839084, 30.277359233569264], [-97.74638435211018, 30.277333333333335], [-97.74637460839084, 30.277307433097405], [-97.7463490990024, 30.277291425871287], [-97.74631756766425, 30.277291425871287], [-97.74629205827581, 30.277307433097405], [-97.74628231455647, 30.277333333333335]]]}}, {"type": "Feature", "properties": {"kind": "park", "radius_m": 5.3, "source": "snapshot"}, "geometry": {"type": "Polygon", "coordinates": [[[-97.7449446377525, 30.277333333333335], [-97.74495521100093, 30.277361438579295], [-97.74498289212468, 30.277378808576557], [-97.74501710787533, 30.277378808576557], [-97.74504478899908, 30.277361438579295], [-97.74505536224751, 30.277333333333335], [-97.74504478899908, 30.277305228087375], [-97.74501710787533, 30.277287858090112], [-97.74498289212468, 30.277287858090112], [-97.74495521100093, 30.277305228087375], [-97.7449446377525, 30.277333333333335]]]}}, {"type": "Feature", "properties": {"kind": "park", "radius_m": 5.7, "source": "snapshot"}, "geometry": {"type": "Polygon", "coordinates": [[[-97.74494121430281, 30.277866666666664], [-97.74495244137195, 30.277896509864018], [-97.74498183422055, 30.277914953974314], [-97.74501816577946, 30.277914953974314], [-97.74504755862806, 30.277896509864018], [-97.7450587856972, 30.277866666666664], [-97.74504755862806, 30.27783682346931], [-97.74501816577946, 30.277818379359015], [-97.74498183422055, 30.277818379359015], [-97.74495244137195, 30.27783682346931], [-97.74494121430281, 30.277866666666664]]]}}, {"type": "Feature", "properties": {"kind": "park", "radius_m": 6.5, "source": "snapshot"}, "geometry": {"type": "Polygon", "coordinates": [[[-97.74359892587597, 30.277866666666664], [-97.74361186321578, 30.27790105601445], [-97.74364573361112, 30.277922309800232], [-97.7436875997222, 30.277922309800232], [-97.74372147011753, 30.27790105601445], [-97.74373440745734, 30.277866666666664], [-97.74372147011753, 30.27783227731888], [-97.7436875997222, 30.277811023533097], [-97.74364573361112, 30.277811023533097], [-97.74361186321578, 30.27783227731888], [-97.74359892587597, 30.277866666666664]]]}}, {"type": "Feature", "properties": {"kind": "park", "radius_m": 6.4, "source": "snapshot"}, "geometry": {"type": "Polygon", "coordinates": [[[-97.73793342430133, 30.2728], [-97.73794613912837, 30.27283379787617], [-97.7379794269777, 30.272854686112392], [-97.7380205730223, 30.272854686112392], [-97.73805386087163, 30.27283379787617], [-97.73806657569867, 30.2728], [-97.73805386087163, 30.27276620212383], [-97.7380205730223, 30.272745313887608], [-97.7379794269777, 30.272745313887608], [-97.73794613912837, 30.27276620212383], [-97.73793342430133, 30.2728]]]}}, {"type": "Feature", "properties": {"kind": "park", "radius_m": 6.0, "source": "snapshot"}, "geometry": {"type": "Polygon", "coordinates": [[[-97.73583807794182, 30.2728], [-97.7358499040026, 30.272831435405056], [-97.7358808650317, 30.272850863553835], [-97.7359191349683, 30.272850863553835], [-97.7359500959974, 30.272831435405056], [-97.73596192205818, 30.2728], [-97.7359500959974, 30.272768564594944], [-97.7359191349683, 30.272749136446166], [-97.7358808650317, 30.272749136446166], [-97.7358499040026, 30.272768564594944], [-97.73583807794182, 30.2728]]]}}, {"type": "Feature", "properties": {"kind": "park", "radius_m": 5.6, "source": "snapshot"}, "geometry": {"type": "Polygon", "coordinates": [[[-97.73794164408784, 30.27315], [-97.73795278907534, 30.27317962501232], [-97.73798196703142, 30.273197934276855], [-97.73801803296858, 30.273197934276855], [-97.73804721092466, 30.27317962501232], [-97.73805835591216, 30.27315], [-97.73804721092466, 30.27312037498768], [-97.73801803296858, 30.273102065723148], [-97.73798196703142, 30.273102065723148], [-97.73795278907534, 30.27312037498768], [-97.73794164408784, 30.27315]]]}}, {"type": "Feature", "properties": {"kind": "park", "radius_m": 6.8, "source": "snapshot"}, "geometry": {"type": "Polygon", "coordinates": [[[-97.73582913503338, 30.27315], [-97.7358426690377, 30.273185975369614], [-97.73587810152101, 30.273208209370793], [-97.73592189847899, 30.273208209370793], [-97.73595733096231, 30.273185975369614], [-97.73597086496662, 30.27315], [-97.73595733096231, 30.273114024630388], [-97.73592189847899, 30.27309179062921], [-97.73587810152101, 30.27309179062921], [-97.7358426690377, 30.273114024630388], [-97.73582913503338, 30.27315]]]}}, {"type": "Feature", "properties": {"kind": "park", "radius_m": 5.5, "source": "snapshot"}, "geometry": {"type": "Polygon", "coordinates": [[[-97.73794303166856, 30.273500000000002], [-97.73795391165173, 30.2735289205919], [-97.73798239581744, 30.273546794500668], [-97.73801760418256, 30.273546794500668], [-97.73804608834827, 30.2735289205919], [-97.73805696833143, 30.273500000000002], [-97.73804608834827, 30.273471079408104], [-97.73801760418256, 30.273453205499337], [-97.73798239581744, 30.273453205499337], [-97.73795391165173, 30.273471079408104], [-97.73794303166856, 30.273500000000002]]]}}, {"type": "Feature", "properties": {"kind": "park", "radius_m": 5.6, "source": "snapshot"}, "geometry": {"type": "Polygon", "coordinates": [[[-97.73584144047294, 30.273500000000002], [-97.73585262434743, 30.273529728379636], [-97.73588190411095, 30.273548101528682], [-97.73591809588905, 30.273548101528682], [-97.73594737565257, 30.273529728379636], [-97.73595855952706, 30.273500000000002], [-97.73594737565257, 30.27347027162037], [-97.73591809588905, 30.273451898471322], [-97.73588190411095, 30.273451898471322], [-97.73585262434743, 30.27347027162037], [-97.73584144047294, 30.273500000000002]]]}}, {"type": "Feature", "properties": {"kind": "park", "radius_m": 5.1, "source": "snapshot"}, "geometry": {"type": "Polygon", "coordinates": [[[-97.73794655060918, 30.27385], [-97.73795675853448, 30.273877134163495], [-97.7379834832299, 30.273893903998793], [-97.7380165167701, 30.273893903998793], [-97.73804324146552, 30.273877134163495], [-97.73805344939082, 30.27385], [-97.73804324146552, 30.273822865836504], [-97.7380165167701, 30.273806096001206], [-97.7379834832299, 30.273806096001206], [-97.73795675853448, 30.273822865836504], [-97.73794655060918, 30.27385]]]}}, {"type": "Feature", "properties": {"kind": "park", "radius_m": 5.4, "source": "snapshot"}, "geometry": {"type": "Polygon", "coordinates": [[[-97.73584409828457, 30.27385], [-97.7358547745622, 30.273878379112706], [-97.73588272541991, 30.27389591836893], [-97.73591727458009, 30.27389591836893], [-97.7359452254378, 30.273878379112706], [-97.73595590171543, 30.27385], [-97.7359452254378, 30.273821620887293], [-97.73591727458009, 30.27380408163107], [-97.73588272541991, 30.27380408163107], [-97.7358547745622, 30.273821620887293], [-97.73584409828457, 30.27385]]]}}, {"type": "Feature", "properties": {"kind": "park", "radius_m": 6.8, "source": "snapshot"}, "geometry": {"type": "Polygon", "coordinates": [[[-97.73792927645565, 30.2742], [-97.7379427834507, 30.274235903575068], [-97.73797814522288, 30.27425809320478], [-97.73802185477712, 30.27425809320478], [-97.7380572165493, 30.274235903575068], [-97.73807072354435, 30.2742], [-97.7380572165493, 30.274164096424933], [-97.73802185477712, 30.274141906795222], [-97.73797814522288, 30.274141906795222], [-97.7379427834507, 30.274164096424933], [-97.73792927645565, 30.2742]]]}}, {"type": "Feature", "properties": {"kind": "park", "radius_m": 5.3, "source": "snapshot"}, "geometry": {"type": "Polygon", "coordinates": [[[-97.73584504499217, 30.2742], [-97.73585554046474, 30.274227898506318], [-97.73588301796866, 30.274245140731455], [-97.73591698203134, 30.274245140731455], [-97.73594445953526, 30.274227898506318], [-97.73595495500783, 30.2742], [-97.73594445953526, 30.274172101493683], [-97.73591698203134, 30.274154859268545], [-97.73588301796866, 30.274154859268545], [-97.73585554046474, 30.274172101493683], [-97.73584504499217, 30.2742]]]}}, {"type": "Feature", "properties": {"kind": "park", "radius_m": 5.0, "source": "snapshot"}, "geometry": {"type": "Polygon", "coordinates": [[[-97.73794773048566, 30.27455], [-97.73795771307461, 30.274576535186398], [-97.73798384783179, 30.274592934833485], [-97.73801615216821, 30.274592934833485], [-97.73804228692539, 30.274576535186398], [-97.73805226951434, 30.27455], [-97.73804228692539, 30.274523464813605], [-97.73801615216821, 30.274507065166517], [-97.73798384783179, 30.274507065166517], [-97.73795771307461, 30.274523464813605], [-97.73794773048566, 30.27455]]]}}, {"type": "Feature", "properties": {"kind": "park", "radius_m": 5.9, "source": "snapshot"}, "geometry": {"type": "Polygon", "coordinates": [[[-97.73583812282467, 30.27455], [-97.7358499403136, 30.274581412619792], [-97.73588087890126, 30.2746008266865], [-97.73591912109875, 30.2746008266865], [-97.7359500596864, 30.274581412619792], [-97.73596187717533, 30.27455], [-97.7359500596864, 30.27451858738021], [-97.73591912109875, 30.274499173313504], [-97.73588087890126, 30.274499173313504], [-97.7358499403136, 30.27451858738021], [-97.73583812282467, 30.27455]]]}}, {"type": "Feature", "properties": {"kind": "park", "radius_m": 5.7, "source": "snapshot"}, "geometry": {"type": "Polygon", "coordinates": [[[-97.7379410464517, 30.2749], [-97.73795230557755, 30.274929928408792], [-97.7379817823517, 30.274948425182657], [-97.7380182176483, 30.274948425182657], [-97.73804769442245, 30.274929928408792], [-97.7380589535483, 30.2749], [-97.73804769442245, 30.274870071591206], [-97.7380182176483, 30.27485157481734], [-97.7379817823517, 30.27485157481734], [-97.73795230557755, 30.274870071591206], [-97.7379410464517, 30.2749]]]}}, {"type": "Feature", "properties": {"kind": "park", "radius_m": 5.4, "source": "snapshot"}, "geometry": {"type": "Polygon", "coordinates": [[[-97.73584430275336, 30.2749], [-97.73585493998094, 30.2749282753119], [-97.73588278860426, 30.274945750415696], [-97.73591721139574, 30.274945750415696], [-97.73594506001906, 30.2749282753119], [-97.73595569724664, 30.2749], [-97.73594506001906, 30.274871724688097], [-97.73591721139574, 30.2748542495843], [-97.73588278860426, 30.2748542495843], [-97.73585493998094, 30.274871724688097], [-97.73584430275336, 30.2749]]]}}, {"type": "Feature", "properties": {"kind": "park", "radius_m": 5.5, "source": "snapshot"}, "geometry": {"type": "Polygon", "coordinates": [[[-97.73794250719789, 30.27525], [-97.73795348734603, 30.275279186845133], [-97.73798223374709, 30.275297225307447], [-97.73801776625291, 30.275297225307447], [-97.73804651265397, 30.275279186845133], [-97.73805749280211, 30.27525], [-97.73804651265397, 30.275220813154867], [-97.73801776625291, 30.275202774692552], [-97.73798223374709, 30.275202774692552], [-97.73795348734603, 30.275220813154867], [-97.73794250719789, 30.27525]]]}}, {"type": "Feature", "properties": {"kind": "park", "radius_m": 5.2, "source": "snapshot"}, "geometry": {"type": "Polygon", "coordinates": [[[-97.73584639412869, 30.27525], [-97.73585663193911, 30.275277213602514], [-97.73588343487476, 30.27529403253383], [-97.73591656512524, 30.27529403253383], [-97.73594336806089, 30.275277213602514], [-97.73595360587132, 30.27525], [-97.73594336806089, 30.275222786397485], [-97.73591656512524, 30.27520596746617], [-97.73588343487476, 30.27520596746617], [-97.73585663193911, 30.275222786397485], [-97.73584639412869, 30.27525]]]}}, {"type": "Feature", "properties": {"kind": "park", "radius_m": 6.4, "source": "snapshot"}, "geometry": {"type": "Polygon", "coordinates": [[[-97.73793386672085, 30.2756], [-97.73794649705327, 30.2756335732771], [-97.73797956369285, 30.275654322703467], [-97.73802043630715, 30.275654322703467], [-97.73805350294673, 30.2756335732771], [-97.73806613327915, 30.2756], [-97.73805350294673, 30.2755664267229], [-97.73802043630715, 30.275545677296535], [-97.73797956369285, 30.275545677296535], [-97.73794649705327, 30.2755664267229], [-97.73793386672085, 30.2756]]]}}, {"type": "Feature", "properties": {"kind": "park", "radius_m": 6.7, "source": "snapshot"}, "geometry": {"type": "Polygon", "coordinates": [[[-97.73583024955656, 30.2756], [-97.7358435707059, 30.275635409569826], [-97.73587844592761, 30.275657293887505], [-97.73592155407239, 30.275657293887505], [-97.7359564292941, 30.275635409569826], [-97.73596975044345, 30.2756], [-97.7359564292941, 30.275564590430175], [-97.73592155407239, 30.275542706112496], [-97.73587844592761, 30.275542706112496], [-97.7358435707059, 30.275564590430175], [-97.73583024955656, 30.2756]]]}}, {"type": "Feature", "properties": {"kind": "riparian", "radius_m": 6.5, "source": "snapshot"}, "geometry": {"type": "Polygon", "coordinates": [[[-97.75284533474861, 30.26063333333333], [-97.75285816048994, 30.260667426035987], [-97.75289173871668, 30.260688496484995], [-97.75293324368748, 30.260688496484995], [-97.75296682191423, 30.260667426035987], [-97.75297964765555, 30.26063333333333], [-97.75296682191423, 30.260599240630675], [-97.75293324368748, 30.260578170181667], [-97.75289173871668, 30.260578170181667], [-97.75285816048994, 30.260599240630675], [-97.75284533474861, 30.26063333333333]]]}}, {"type": "Feature", "properties": {"kind": "riparian", "radius_m": 6.5, "source": "snapshot"}, "geometry": {"type": "Polygon", "coordinates": [[[-97.75214000032287, 30.261466666666664], [-97.75215292398927, 30.26150101966851], [-97.75218675858716, 30.26152225099127], [-97.75222858045012, 30.26152225099127], [-97.75226241504801, 30.26150101966851], [-97.75227533871441, 30.261466666666664], [-97.75226241504801, 30.261432313664816], [-97.75222858045012, 30.261411082342057], [-97.75218675858716, 30.261411082342057], [-97.75215292398927, 30.261432313664816], [-97.75214000032287, 30.261466666666664]]]}}, {"type": "Feature", "properties": {"kind": "riparian", "radius_m": 4.4, "source": "snapshot"}, "geometry": {"type": "Polygon", "coordinates": [[[-97.75231997873134, 30.2605], [-97.752328797845, 30.260523442498336], [-97.75235188658432, 30.260537930759085], [-97.75238042583563, 30.260537930759085], [-97.75240351457495, 30.260523442498336], [-97.75241233368861, 30.2605], [-97.75240351457495, 30.260476557501665], [-97.75238042583563, 30.260462069240916], [-97.75235188658432, 30.260462069240916], [-97.752328797845, 30.260476557501665], [-97.75231997873134, 30.2605]]]}}, {"type": "Feature", "properties": {"kind": "riparian", "radius_m": 6.2, "source": "snapshot"}, "geometry": {"type": "Polygon", "coordinates": [[[-97.7521917434454, 30.261333333333333], [-97.75220407612285, 30.261366115399856], [-97.75223636349162, 30.26138637583119], [-97.75227627287421, 30.26138637583119], [-97.75230856024298, 30.261366115399856], [-97.75232089292044, 30.261333333333333], [-97.75230856024298, 30.26130055126681], [-97.75227627287421, 30.261280290835476], [-97.75223636349162, 30.261280290835476], [-97.75220407612285, 30.26130055126681], [-97.7521917434454, 30.261333333333333]]]}}, {"type": "Feature", "properties": {"kind": "riparian", "radius_m": 7.0, "source": "snapshot"}, "geometry": {"type": "Polygon", "coordinates": [[[-97.75183966003058, 30.262166666666666], [-97.75185350400024, 30.2622034659696], [-97.7518897479833, 30.262226209189574], [-97.75193454801014, 30.262226209189574], [-97.7519707919932, 30.2622034659696], [-97.75198463596286, 30.262166666666666], [-97.7519707919932, 30.262129867363733], [-97.75193454801014, 30.262107124143757], [-97.7518897479833, 30.262107124143757], [-97.75185350400024, 30.262129867363733], [-97.75183966003058, 30.262166666666666]]]}}, {"type": "Feature", "properties": {"kind": "riparian", "radius_m": 5.1, "source": "snapshot"}, "geometry": {"type": "Polygon", "coordinates": [[[-97.75205783482986, 30.263], [-97.75206795129883, 30.26302689105911], [-97.75209443655841, 30.26304351064763], [-97.75212717413966, 30.26304351064763], [-97.75215365939924, 30.26302689105911], [-97.75216377586821, 30.263], [-97.75215365939924, 30.262973108940894], [-97.75212717413966, 30.262956489352373], [-97.75209443655841, 30.262956489352373], [-97.75206795129883, 30.262973108940894], [-97.75205783482986, 30.263]]]}}, {"type": "Feature", "properties": {"kind": "riparian", "radius_m": 6.1, "source": "snapshot"}, "geometry": {"type": "Polygon", "coordinates": [[[-97.75215413634646, 30.263833333333334], [-97.75216631391011, 30.26386570308459], [-97.75219819518564, 30.263885708691074], [-97.75223760260941, 30.263885708691074], [-97.75226948388494, 30.26386570308459], [-97.75228166144859, 30.263833333333334], [-97.75226948388494, 30.263800963582078], [-97.75223760260941, 30.263780957975595], [-97.75219819518564, 30.263780957975595], [-97.75216631391011, 30.263800963582078], [-97.75215413634646, 30.263833333333334]]]}}, {"type": "Feature", "properties": {"kind": "riparian", "radius_m": 6.1, "source": "snapshot"}, "geometry": {"type": "Polygon", "coordinates": [[[-97.75264678909978, 30.2662], [-97.75265882141994, 30.266231983672757], [-97.7526903224431, 30.266251750669607], [-97.75272925984908, 30.266251750669607], [-97.75276076087223, 30.266231983672757], [-97.75277279319239, 30.2662], [-97.75276076087223, 30.266168016327246], [-97.75272925984908, 30.266148249330396], [-97.7526903224431, 30.266148249330396], [-97.75265882141994, 30.266168016327246], [-97.75264678909978, 30.2662]]]}}, {"type": "Feature", "properties": {"kind": "riparian", "radius_m": 6.6, "source": "snapshot"}, "geometry": {"type": "Polygon", "coordinates": [[[-97.75194876851378, 30.267866666666666], [-97.7519618167661, 30.267901350836183], [-97.75199597753416, 30.267922786831818], [-97.75203820256567, 30.267922786831818], [-97.75207236333374, 30.267901350836183], [-97.75208541158605, 30.267866666666666], [-97.75207236333374, 30.26783198249715], [-97.75203820256567, 30.267810546501515], [-97.75199597753416, 30.267810546501515], [-97.7519618167661, 30.26783198249715], [-97.75194876851378, 30.267866666666666]]]}}, {"type": "Feature", "properties": {"kind": "riparian", "radius_m": 5.5, "source": "snapshot"}, "geometry": {"type": "Polygon", "coordinates": [[[-97.7522295560726, 30.267], [-97.7522404683501, 30.267029006434967], [-97.75226903706347, 30.26704693339767], [-97.75230434993522, 30.26704693339767], [-97.75233291864859, 30.267029006434967], [-97.75234383092608, 30.267], [-97.75233291864859, 30.26697099356503], [-97.75230434993522, 30.26695306660233], [-97.75226903706347, 30.26695306660233], [-97.7522404683501, 30.26697099356503], [-97.7522295560726, 30.267]]]}}, {"type": "Feature", "properties": {"kind": "riparian", "radius_m": 6.9, "source": "snapshot"}, "geometry": {"type": "Polygon", "coordinates": [[[-97.7517352170149, 30.267833333333332], [-97.7517489626427, 30.267869871229227], [-97.75178494916348, 30.267892452890766], [-97.75182943094946, 30.267892452890766], [-97.75186541747024, 30.267869871229227], [-97.75187916309804, 30.267833333333332], [-97.75186541747024, 30.267796795437437], [-97.75182943094946, 30.267774213775898], [-97.75178494916348, 30.267774213775898], [-97.7517489626427, 30.267796795437437], [-97.7517352170149, 30.267833333333332]]]}}, {"type": "Feature", "properties": {"kind": "riparian", "radius_m": 4.6, "source": "snapshot"}, "geometry": {"type": "Polygon", "coordinates": [[[-97.75175685580987, 30.268666666666665], [-97.75176595655017, 30.26869085776992], [-97.75178978259758, 30.26870580869395], [-97.75181923321183, 30.26870580869395], [-97.75184305925924, 30.26869085776992], [-97.75185215999954, 30.268666666666665], [-97.75184305925924, 30.26864247556341], [-97.75181923321183, 30.268627524639378], [-97.75178978259758, 30.268627524639378], [-97.75176595655017, 30.26864247556341], [-97.75175685580987, 30.268666666666665]]]}}, {"type": "Feature", "properties": {"kind": "riparian", "radius_m": 6.6, "source": "snapshot"}, "geometry": {"type": "Polygon", "coordinates": [[[-97.75155866454817, 30.270333333333333], [-97.75157183721967, 30.270368348227283], [-97.75160632372138, 30.270389988621858], [-97.75164895138178, 30.270389988621858], [-97.75168343788349, 30.270368348227283], [-97.75169661055499, 30.270333333333333], [-97.75168343788349, 30.270298318439384], [-97.75164895138178, 30.27027667804481], [-97.75160632372138, 30.27027667804481], [-97.75157183721967, 30.270298318439384], [-97.75155866454817, 30.270333333333333]]]}}, {"type": "Feature", "properties": {"kind": "riparian", "radius_m": 5.3, "source": "snapshot"}, "geometry": {"type": "Polygon", "coordinates": [[[-97.75162500076357, 30.271166666666666], [-97.75163562364524, 30.271194903845053], [-97.7516634347105, 30.271212355381046], [-97.75169781107768, 30.271212355381046], [-97.75172562214293, 30.271194903845053], [-97.7517362450246, 30.271166666666666], [-97.75172562214293, 30.27113842948828], [-97.75169781107768, 30.271120977952286], [-97.7516634347105, 30.271120977952286], [-97.75163562364524, 30.27113842948828], [-97.75162500076357, 30.271166666666666]]]}}, {"type": "Feature", "properties": {"kind": "riparian", "radius_m": 6.0, "source": "snapshot"}, "geometry": {"type": "Polygon", "coordinates": [[[-97.75242496010095, 30.27113333333333], [-97.75243695238845, 30.271165210593384], [-97.75246834860472, 30.271184911823564], [-97.75250715646227, 30.271184911823564], [-97.75253855267854, 30.271165210593384], [-97.75255054496604, 30.27113333333333], [-97.75253855267854, 30.27110145607328], [-97.75250715646227, 30.2710817548431], [-97.75246834860472, 30.2710817548431], [-97.75243695238845, 30.27110145607328], [-97.75242496010095, 30.27113333333333]]]}}, {"type": "Feature", "properties": {"kind": "riparian", "radius_m": 7.0, "source": "snapshot"}, "geometry": {"type": "Polygon", "coordinates": [[[-97.75229354709538, 30.2728], [-97.75230741579921, 30.272836865050028], [-97.75234372453721, 30.272859648903943], [-97.75238860460556, 30.272859648903943], [-97.75242491334356, 30.272836865050028], [-97.75243878204739, 30.2728], [-97.75242491334356, 30.272763134949972], [-97.75238860460556, 30.272740351096058], [-97.75234372453721, 30.272740351096058], [-97.75230741579921, 30.272763134949972], [-97.75229354709538, 30.2728]]]}}, {"type": "Feature", "properties": {"kind": "riparian", "radius_m": 5.6, "source": "snapshot"}, "geometry": {"type": "Polygon", "coordinates": [[[-97.75260928847027, 30.273633333333333], [-97.75262033331309, 30.273662692146427], [-97.75264924908703, 30.273680836890787], [-97.75268499094923, 30.273680836890787], [-97.75271390672317, 30.273662692146427], [-97.752724951566, 30.273633333333333], [-97.75271390672317, 30.27360397452024], [-97.75268499094923, 30.27358582977588], [-97.75264924908703, 30.27358582977588], [-97.75262033331309, 30.27360397452024], [-97.75260928847027, 30.273633333333333]]]}}, {"type": "Feature", "properties": {"kind": "riparian", "radius_m": 5.3, "source": "snapshot"}, "geometry": {"type": "Polygon", "coordinates": [[[-97.75215497723276, 30.274466666666665], [-97.75216550590116, 30.27449465341236], [-97.75219307031287, 30.27451195017244], [-97.75222714179952, 30.27451195017244], [-97.75225470621123, 30.27449465341236], [-97.75226523487963, 30.274466666666665], [-97.75225470621123, 30.27443867992097], [-97.75222714179952, 30.27442138316089], [-97.75219307031287, 30.27442138316089], [-97.75216550590116, 30.27443867992097], [-97.75215497723276, 30.274466666666665]]]}}, {"type": "Feature", "properties": {"kind": "riparian", "radius_m": 6.4, "source": "snapshot"}, "geometry": {"type": "Polygon", "coordinates": [[[-97.75135915067246, 30.273], [-97.75137181798299, 30.273033671570364], [-97.75140498143253, 30.2730544817453], [-97.75144597371053, 30.2730544817453], [-97.75147913716008, 30.273033671570364], [-97.7514918044706, 30.273], [-97.75147913716008, 30.272966328429636], [-97.75144597371053, 30.272945518254698], [-97.75140498143253, 30.272945518254698], [-97.75137181798299, 30.272966328429636], [-97.75135915067246, 30.273]]]}}, {"type": "Feature", "properties": {"kind": "riparian", "radius_m": 5.5, "source": "snapshot"}, "geometry": {"type": "Polygon", "coordinates": [[[-97.75136725250083, 30.273833333333332], [-97.75137817130238, 30.273862357110197], [-97.75140675709594, 30.27388029479078], [-97.75144209107998, 30.27388029479078], [-97.75147067687354, 30.273862357110197], [-97.75148159567509, 30.273833333333332], [-97.75147067687354, 30.273804309556468], [-97.75144209107998, 30.273786371875886], [-97.75140675709594, 30.273786371875886], [-97.75137817130238, 30.273804309556468], [-97.75136725250083, 30.273833333333332]]]}}, {"type": "Feature", "properties": {"kind": "riparian", "radius_m": 4.5, "source": "snapshot"}, "geometry": {"type": "Polygon", "coordinates": [[[-97.7517806548158, 30.274666666666665], [-97.7517894956495, 30.274690166900047], [-97.75181264125261, 30.27470469084302], [-97.75184125079146, 30.27470469084302], [-97.75186439639457, 30.274690166900047], [-97.75187323722827, 30.274666666666665], [-97.75186439639457, 30.274643166433282], [-97.75184125079146, 30.27462864249031], [-97.75181264125261, 30.27462864249031], [-97.7517894956495, 30.274643166433282], [-97.7517806548158, 30.274666666666665]]]}}, {"type": "Feature", "properties": {"kind": "riparian", "radius_m": 4.9, "source": "snapshot"}, "geometry": {"type": "Polygon", "coordinates": [[[-97.751617465476, 30.276333333333334], [-97.75162722055698, 30.27635926377014], [-97.75165275969054, 30.276375289661427], [-97.7516843277957, 30.276375289661427], [-97.75170986692926, 30.27635926377014], [-97.75171962201024, 30.276333333333334], [-97.75170986692926, 30.276307402896528], [-97.7516843277957, 30.27629137700524], [-97.75165275969054, 30.27629137700524], [-97.75162722055698, 30.276307402896528], [-97.751617465476, 30.276333333333334]]]}}, {"type": "Feature", "properties": {"kind": "riparian", "radius_m": 4.0, "source": "snapshot"}, "geometry": {"type": "Polygon", "coordinates": [[[-97.75151808173698, 30.277166666666666], [-97.75152612025201, 30.27718803421928], [-97.75154716535758, 30.27720124009305], [-97.75157317853865, 30.27720124009305], [-97.75159422364422, 30.27718803421928], [-97.75160226215925, 30.277166666666666], [-97.75159422364422, 30.277145299114054], [-97.75157317853865, 30.277132093240283], [-97.75154716535758, 30.277132093240283], [-97.75152612025201, 30.277145299114054], [-97.75151808173698, 30.277166666666666]]]}}, {"type": "Feature", "properties": {"kind": "riparian", "radius_m": 5.8, "source": "snapshot"}, "geometry": {"type": "Polygon", "coordinates": [[[-97.75131347700216, 30.275499999999997], [-97.75132495682998, 30.27553051506702], [-97.75135501140939, 30.27554937441561], [-97.75139216091257, 30.27554937441561], [-97.75142221549198, 30.27553051506702], [-97.7514336953198, 30.275499999999997], [-97.75142221549198, 30.275469484932973], [-97.75139216091257, 30.275450625584384], [-97.75135501140939, 30.275450625584384], [-97.75132495682998, 30.275469484932973], [-97.75131347700216, 30.275499999999997]]]}}, {"type": "Feature", "properties": {"kind": "riparian", "radius_m": 5.3, "source": "snapshot"}, "geometry": {"type": "Polygon", "coordinates": [[[-97.7513003118526, 30.27633333333333], [-97.75131082182823, 30.27636127039088], [-97.75133833730162, 30.27637853644199], [-97.75137234829715, 30.27637853644199], [-97.75139986377054, 30.27636127039088], [-97.75141037374617, 30.27633333333333], [-97.75139986377054, 30.27630539627578], [-97.75137234829715, 30.27628813022467], [-97.75133833730162, 30.27628813022467], [-97.75131082182823, 30.27630539627578], [-97.7513003118526, 30.27633333333333]]]}}, {"type": "Feature", "properties": {"kind": "riparian", "radius_m": 4.8, "source": "snapshot"}, "geometry": {"type": "Polygon", "coordinates": [[[-97.75155003752671, 30.277166666666663], [-97.75155948146524, 30.2771917700412], [-97.75158420601731, 30.277207284779898], [-97.75161476724439, 30.277207284779898], [-97.75163949179647, 30.2771917700412], [-97.75164893573499, 30.277166666666663], [-97.75163949179647, 30.277141563292126], [-97.75161476724439, 30.277126048553427], [-97.75158420601731, 30.277126048553427], [-97.75155948146524, 30.277141563292126], [-97.75155003752671, 30.277166666666663]]]}}, {"type": "Feature", "properties": {"kind": "park", "radius_m": 6.5, "source": "snapshot"}, "geometry": {"type": "Polygon", "coordinates": [[[-97.74899809886423, 30.260643602005604], [-97.7490109901693, 30.26067786898629], [-97.74904474004413, 30.260699047145046], [-97.74908645718364, 30.260699047145046], [-97.74912020705847, 30.26067786898629], [-97.74913309836353, 30.260643602005604], [-97.74912020705847, 30.26060933502492], [-97.74908645718364, 30.260588156866163], [-97.74904474004413, 30.260588156866163], [-97.7490109901693, 30.26060933502492], [-97.74899809886423, 30.260643602005604]]]}}]}